Copyright 1986-2022 Xilinx, Inc. All Rights Reserved. Copyright 2022-2023 Advanced Micro Devices, Inc. All Rights Reserved.
-----------------------------------------------------------------------------------------------------------------------------------------------------------------------------------------------------------------------------------------------------------------------------------------------------------------------------------------------------------------------------------
| Tool Version : Vivado v.2023.2 (win64) Build 4029153 Fri Oct 13 20:14:34 MDT 2023
| Date         : Fri Jul 31 22:04:11 2026
| Host         : LAPTOP-B16PUBOD running 64-bit major release  (build 9200)
| Command      : report_timing -from [get_cells -quiet -hier -filter {NAME =~ *mem_dc_fast*}] -to [get_cells -quiet -hier -filter {(NAME =~ *s0_val_reg*) || (NAME =~ *s1_val_reg*) || (NAME =~ *ex_src0_reg*) || (NAME =~ *ex_src1_reg*)}] -delay_type max -max_paths 20 -nworst 1 -file D:/frontend/myCPU-0801_impl75_alltimingfix_exp/reports_90m_ooc/target_fast_reg_to_rs.rpt
| Design       : core_top
| Device       : 7a200t-fbg676
| Speed File   : -2  PRODUCTION 1.23 2018-06-13
| Design State : Synthesized
-----------------------------------------------------------------------------------------------------------------------------------------------------------------------------------------------------------------------------------------------------------------------------------------------------------------------------------------------------------------------------------

Timing Report

Slack (MET) :             3.086ns  (required time - arrival time)
  Source:                 mem_dc_fast_robid_r_reg[0]/C
                            (rising edge-triggered cell FDRE clocked by cpu_clk  {rise@0.000ns fall@5.556ns period=11.111ns})
  Destination:            u_fu_alu0/ex_src0_reg[0]/D
                            (rising edge-triggered cell FDRE clocked by cpu_clk  {rise@0.000ns fall@5.556ns period=11.111ns})
  Path Group:             cpu_clk
  Path Type:              Setup (Max at Slow Process Corner)
  Requirement:            11.111ns  (cpu_clk rise@11.111ns - cpu_clk rise@0.000ns)
  Data Path Delay:        7.979ns  (logic 1.785ns (22.371%)  route 6.194ns (77.629%))
  Logic Levels:           12  (LUT2=1 LUT3=1 LUT4=2 LUT5=3 LUT6=5)
  Clock Path Skew:        -0.039ns (DCD - SCD + CPR)
    Destination Clock Delay (DCD):    0.748ns = ( 11.859 - 11.111 ) 
    Source Clock Delay      (SCD):    0.787ns
    Clock Pessimism Removal (CPR):    0.000ns
  Clock Uncertainty:      0.035ns  ((TSJ^2 + TIJ^2)^1/2 + DJ) / 2 + PE
    Total System Jitter     (TSJ):    0.071ns
    Total Input Jitter      (TIJ):    0.000ns
    Discrete Jitter          (DJ):    0.000ns
    Phase Error              (PE):    0.000ns

    Location             Delay type                Incr(ns)  Path(ns)    Netlist Resource(s)
  -------------------------------------------------------------------    -------------------
                         (clock cpu_clk rise edge)    0.000     0.000 r  
                                                      0.000     0.000 r  aclk (IN)
                         net (fo=34009, unset)        0.787     0.787    aclk
                         FDRE                                         r  mem_dc_fast_robid_r_reg[0]/C
  -------------------------------------------------------------------    -------------------
                         FDRE (Prop_fdre_C_Q)         0.379     1.166 r  mem_dc_fast_robid_r_reg[0]/Q
                         net (fo=1, unplaced)         0.362     1.528    u_lsu/ex_src0[31]_i_14[0]
                         LUT3 (Prop_lut3_I1_O)        0.232     1.760 r  u_lsu/ex_src0[31]_i_21__0/O
                         net (fo=25, unplaced)        0.647     2.407    u_lsu/mem_fast_safe_robid[0]
                         LUT6 (Prop_lut6_I0_O)        0.105     2.512 r  u_lsu/ex_src0[31]_i_21/O
                         net (fo=1, unplaced)         0.347     2.859    u_lsu/ex_src0[31]_i_21_n_0
                         LUT6 (Prop_lut6_I2_O)        0.105     2.964 f  u_lsu/ex_src0[31]_i_17/O
                         net (fo=2, unplaced)         0.593     3.557    u_rs_alu0/prior[3][1]_i_10_0
                         LUT5 (Prop_lut5_I1_O)        0.124     3.681 f  u_rs_alu0/robid_reg_0_3_0_4_i_54/O
                         net (fo=4, unplaced)         0.371     4.052    u_rs_alu0/robid_reg_0_3_0_4_i_54_n_0
                         LUT2 (Prop_lut2_I1_O)        0.105     4.157 r  u_rs_alu0/prior[3][1]_i_10/O
                         net (fo=5, unplaced)         0.610     4.767    u_rs_alu0/prior[3][1]_i_10_n_0
                         LUT6 (Prop_lut6_I0_O)        0.105     4.872 r  u_rs_alu0/robid_reg_0_3_0_4_i_26/O
                         net (fo=3, unplaced)         0.365     5.237    u_rs_alu0/robid_reg_0_3_0_4_i_26_n_0
                         LUT4 (Prop_lut4_I3_O)        0.105     5.342 r  u_rs_alu0/prior[3][1]_i_6/O
                         net (fo=2, unplaced)         0.793     6.135    u_rs_alu0/prior[3][1]_i_6_n_0
                         LUT6 (Prop_lut6_I0_O)        0.105     6.240 r  u_rs_alu0/robid_reg_0_3_0_4_i_12/O
                         net (fo=8, unplaced)         0.366     6.606    u_rs_alu0/robid_reg_0_3_0_4_i_12_n_0
                         LUT4 (Prop_lut4_I2_O)        0.105     6.711 f  u_rs_alu0/s0_val[3][31]_i_4__0/O
                         net (fo=140, unplaced)       1.046     7.757    u_fu_alu0/ex_src1_reg[9]_0
                         LUT6 (Prop_lut6_I3_O)        0.105     7.862 r  u_fu_alu0/ex_src0[0]_i_6/O
                         net (fo=1, unplaced)         0.347     8.209    u_fu_alu0/ex_src0[0]_i_6_n_0
                         LUT5 (Prop_lut5_I4_O)        0.105     8.314 r  u_fu_alu0/ex_src0[0]_i_4/O
                         net (fo=1, unplaced)         0.347     8.661    u_rs_alu0/ex_src0_reg[0]
                         LUT5 (Prop_lut5_I4_O)        0.105     8.766 r  u_rs_alu0/ex_src0[0]_i_1/O
                         net (fo=1, unplaced)         0.000     8.766    u_fu_alu0/issue_src0_i[0]
                         FDRE                                         r  u_fu_alu0/ex_src0_reg[0]/D
  -------------------------------------------------------------------    -------------------

                         (clock cpu_clk rise edge)   11.111    11.111 r  
                                                      0.000    11.111 r  aclk (IN)
                         net (fo=34009, unset)        0.748    11.859    u_fu_alu0/aclk
                         FDRE                                         r  u_fu_alu0/ex_src0_reg[0]/C
                         clock pessimism              0.000    11.859    
                         clock uncertainty           -0.035    11.823    
                         FDRE (Setup_fdre_C_D)        0.029    11.852    u_fu_alu0/ex_src0_reg[0]
  -------------------------------------------------------------------
                         required time                         11.852    
                         arrival time                          -8.766    
  -------------------------------------------------------------------
                         slack                                  3.086    

Slack (MET) :             3.086ns  (required time - arrival time)
  Source:                 mem_dc_fast_robid_r_reg[0]/C
                            (rising edge-triggered cell FDRE clocked by cpu_clk  {rise@0.000ns fall@5.556ns period=11.111ns})
  Destination:            u_fu_alu0/ex_src0_reg[20]/D
                            (rising edge-triggered cell FDRE clocked by cpu_clk  {rise@0.000ns fall@5.556ns period=11.111ns})
  Path Group:             cpu_clk
  Path Type:              Setup (Max at Slow Process Corner)
  Requirement:            11.111ns  (cpu_clk rise@11.111ns - cpu_clk rise@0.000ns)
  Data Path Delay:        7.979ns  (logic 1.785ns (22.371%)  route 6.194ns (77.629%))
  Logic Levels:           12  (LUT2=1 LUT3=1 LUT4=2 LUT5=3 LUT6=5)
  Clock Path Skew:        -0.039ns (DCD - SCD + CPR)
    Destination Clock Delay (DCD):    0.748ns = ( 11.859 - 11.111 ) 
    Source Clock Delay      (SCD):    0.787ns
    Clock Pessimism Removal (CPR):    0.000ns
  Clock Uncertainty:      0.035ns  ((TSJ^2 + TIJ^2)^1/2 + DJ) / 2 + PE
    Total System Jitter     (TSJ):    0.071ns
    Total Input Jitter      (TIJ):    0.000ns
    Discrete Jitter          (DJ):    0.000ns
    Phase Error              (PE):    0.000ns

    Location             Delay type                Incr(ns)  Path(ns)    Netlist Resource(s)
  -------------------------------------------------------------------    -------------------
                         (clock cpu_clk rise edge)    0.000     0.000 r  
                                                      0.000     0.000 r  aclk (IN)
                         net (fo=34009, unset)        0.787     0.787    aclk
                         FDRE                                         r  mem_dc_fast_robid_r_reg[0]/C
  -------------------------------------------------------------------    -------------------
                         FDRE (Prop_fdre_C_Q)         0.379     1.166 r  mem_dc_fast_robid_r_reg[0]/Q
                         net (fo=1, unplaced)         0.362     1.528    u_lsu/ex_src0[31]_i_14[0]
                         LUT3 (Prop_lut3_I1_O)        0.232     1.760 r  u_lsu/ex_src0[31]_i_21__0/O
                         net (fo=25, unplaced)        0.647     2.407    u_lsu/mem_fast_safe_robid[0]
                         LUT6 (Prop_lut6_I0_O)        0.105     2.512 r  u_lsu/ex_src0[31]_i_21/O
                         net (fo=1, unplaced)         0.347     2.859    u_lsu/ex_src0[31]_i_21_n_0
                         LUT6 (Prop_lut6_I2_O)        0.105     2.964 f  u_lsu/ex_src0[31]_i_17/O
                         net (fo=2, unplaced)         0.593     3.557    u_rs_alu0/prior[3][1]_i_10_0
                         LUT5 (Prop_lut5_I1_O)        0.124     3.681 f  u_rs_alu0/robid_reg_0_3_0_4_i_54/O
                         net (fo=4, unplaced)         0.371     4.052    u_rs_alu0/robid_reg_0_3_0_4_i_54_n_0
                         LUT2 (Prop_lut2_I1_O)        0.105     4.157 r  u_rs_alu0/prior[3][1]_i_10/O
                         net (fo=5, unplaced)         0.610     4.767    u_rs_alu0/prior[3][1]_i_10_n_0
                         LUT6 (Prop_lut6_I0_O)        0.105     4.872 r  u_rs_alu0/robid_reg_0_3_0_4_i_26/O
                         net (fo=3, unplaced)         0.365     5.237    u_rs_alu0/robid_reg_0_3_0_4_i_26_n_0
                         LUT4 (Prop_lut4_I3_O)        0.105     5.342 r  u_rs_alu0/prior[3][1]_i_6/O
                         net (fo=2, unplaced)         0.793     6.135    u_rs_alu0/prior[3][1]_i_6_n_0
                         LUT6 (Prop_lut6_I0_O)        0.105     6.240 r  u_rs_alu0/robid_reg_0_3_0_4_i_12/O
                         net (fo=8, unplaced)         0.366     6.606    u_rs_alu0/robid_reg_0_3_0_4_i_12_n_0
                         LUT4 (Prop_lut4_I2_O)        0.105     6.711 f  u_rs_alu0/s0_val[3][31]_i_4__0/O
                         net (fo=140, unplaced)       1.046     7.757    u_fu_alu0/ex_src1_reg[9]_0
                         LUT6 (Prop_lut6_I3_O)        0.105     7.862 r  u_fu_alu0/ex_src0[20]_i_6/O
                         net (fo=1, unplaced)         0.347     8.209    u_fu_alu0/ex_src0[20]_i_6_n_0
                         LUT5 (Prop_lut5_I4_O)        0.105     8.314 r  u_fu_alu0/ex_src0[20]_i_4/O
                         net (fo=1, unplaced)         0.347     8.661    u_rs_alu0/ex_src0_reg[20]
                         LUT5 (Prop_lut5_I4_O)        0.105     8.766 r  u_rs_alu0/ex_src0[20]_i_1/O
                         net (fo=1, unplaced)         0.000     8.766    u_fu_alu0/issue_src0_i[20]
                         FDRE                                         r  u_fu_alu0/ex_src0_reg[20]/D
  -------------------------------------------------------------------    -------------------

                         (clock cpu_clk rise edge)   11.111    11.111 r  
                                                      0.000    11.111 r  aclk (IN)
                         net (fo=34009, unset)        0.748    11.859    u_fu_alu0/aclk
                         FDRE                                         r  u_fu_alu0/ex_src0_reg[20]/C
                         clock pessimism              0.000    11.859    
                         clock uncertainty           -0.035    11.823    
                         FDRE (Setup_fdre_C_D)        0.029    11.852    u_fu_alu0/ex_src0_reg[20]
  -------------------------------------------------------------------
                         required time                         11.852    
                         arrival time                          -8.766    
  -------------------------------------------------------------------
                         slack                                  3.086    

Slack (MET) :             3.086ns  (required time - arrival time)
  Source:                 mem_dc_fast_robid_r_reg[0]/C
                            (rising edge-triggered cell FDRE clocked by cpu_clk  {rise@0.000ns fall@5.556ns period=11.111ns})
  Destination:            u_fu_alu0/ex_src0_reg[21]/D
                            (rising edge-triggered cell FDRE clocked by cpu_clk  {rise@0.000ns fall@5.556ns period=11.111ns})
  Path Group:             cpu_clk
  Path Type:              Setup (Max at Slow Process Corner)
  Requirement:            11.111ns  (cpu_clk rise@11.111ns - cpu_clk rise@0.000ns)
  Data Path Delay:        7.979ns  (logic 1.785ns (22.371%)  route 6.194ns (77.629%))
  Logic Levels:           12  (LUT2=1 LUT3=1 LUT4=1 LUT5=4 LUT6=5)
  Clock Path Skew:        -0.039ns (DCD - SCD + CPR)
    Destination Clock Delay (DCD):    0.748ns = ( 11.859 - 11.111 ) 
    Source Clock Delay      (SCD):    0.787ns
    Clock Pessimism Removal (CPR):    0.000ns
  Clock Uncertainty:      0.035ns  ((TSJ^2 + TIJ^2)^1/2 + DJ) / 2 + PE
    Total System Jitter     (TSJ):    0.071ns
    Total Input Jitter      (TIJ):    0.000ns
    Discrete Jitter          (DJ):    0.000ns
    Phase Error              (PE):    0.000ns

    Location             Delay type                Incr(ns)  Path(ns)    Netlist Resource(s)
  -------------------------------------------------------------------    -------------------
                         (clock cpu_clk rise edge)    0.000     0.000 r  
                                                      0.000     0.000 r  aclk (IN)
                         net (fo=34009, unset)        0.787     0.787    aclk
                         FDRE                                         r  mem_dc_fast_robid_r_reg[0]/C
  -------------------------------------------------------------------    -------------------
                         FDRE (Prop_fdre_C_Q)         0.379     1.166 r  mem_dc_fast_robid_r_reg[0]/Q
                         net (fo=1, unplaced)         0.362     1.528    u_lsu/ex_src0[31]_i_14[0]
                         LUT3 (Prop_lut3_I1_O)        0.232     1.760 r  u_lsu/ex_src0[31]_i_21__0/O
                         net (fo=25, unplaced)        0.647     2.407    u_lsu/mem_fast_safe_robid[0]
                         LUT6 (Prop_lut6_I0_O)        0.105     2.512 r  u_lsu/ex_src0[31]_i_21/O
                         net (fo=1, unplaced)         0.347     2.859    u_lsu/ex_src0[31]_i_21_n_0
                         LUT6 (Prop_lut6_I2_O)        0.105     2.964 f  u_lsu/ex_src0[31]_i_17/O
                         net (fo=2, unplaced)         0.593     3.557    u_rs_alu0/prior[3][1]_i_10_0
                         LUT5 (Prop_lut5_I1_O)        0.124     3.681 f  u_rs_alu0/robid_reg_0_3_0_4_i_54/O
                         net (fo=4, unplaced)         0.371     4.052    u_rs_alu0/robid_reg_0_3_0_4_i_54_n_0
                         LUT2 (Prop_lut2_I1_O)        0.105     4.157 r  u_rs_alu0/prior[3][1]_i_10/O
                         net (fo=5, unplaced)         0.610     4.767    u_rs_alu0/prior[3][1]_i_10_n_0
                         LUT6 (Prop_lut6_I0_O)        0.105     4.872 r  u_rs_alu0/robid_reg_0_3_0_4_i_26/O
                         net (fo=3, unplaced)         0.365     5.237    u_rs_alu0/robid_reg_0_3_0_4_i_26_n_0
                         LUT4 (Prop_lut4_I3_O)        0.105     5.342 r  u_rs_alu0/prior[3][1]_i_6/O
                         net (fo=2, unplaced)         0.793     6.135    u_rs_alu0/prior[3][1]_i_6_n_0
                         LUT6 (Prop_lut6_I0_O)        0.105     6.240 r  u_rs_alu0/robid_reg_0_3_0_4_i_12/O
                         net (fo=8, unplaced)         0.366     6.606    u_rs_alu0/robid_reg_0_3_0_4_i_12_n_0
                         LUT5 (Prop_lut5_I3_O)        0.105     6.711 f  u_rs_alu0/s0_val[2][31]_i_4__0/O
                         net (fo=140, unplaced)       1.046     7.757    u_fu_alu0/ex_src1_reg[3]_0
                         LUT6 (Prop_lut6_I3_O)        0.105     7.862 r  u_fu_alu0/ex_src0[21]_i_6/O
                         net (fo=1, unplaced)         0.347     8.209    u_fu_alu0/ex_src0[21]_i_6_n_0
                         LUT5 (Prop_lut5_I4_O)        0.105     8.314 r  u_fu_alu0/ex_src0[21]_i_4/O
                         net (fo=1, unplaced)         0.347     8.661    u_rs_alu0/ex_src0_reg[21]
                         LUT5 (Prop_lut5_I4_O)        0.105     8.766 r  u_rs_alu0/ex_src0[21]_i_1/O
                         net (fo=1, unplaced)         0.000     8.766    u_fu_alu0/issue_src0_i[21]
                         FDRE                                         r  u_fu_alu0/ex_src0_reg[21]/D
  -------------------------------------------------------------------    -------------------

                         (clock cpu_clk rise edge)   11.111    11.111 r  
                                                      0.000    11.111 r  aclk (IN)
                         net (fo=34009, unset)        0.748    11.859    u_fu_alu0/aclk
                         FDRE                                         r  u_fu_alu0/ex_src0_reg[21]/C
                         clock pessimism              0.000    11.859    
                         clock uncertainty           -0.035    11.823    
                         FDRE (Setup_fdre_C_D)        0.029    11.852    u_fu_alu0/ex_src0_reg[21]
  -------------------------------------------------------------------
                         required time                         11.852    
                         arrival time                          -8.766    
  -------------------------------------------------------------------
                         slack                                  3.086    

Slack (MET) :             3.086ns  (required time - arrival time)
  Source:                 mem_dc_fast_robid_r_reg[0]/C
                            (rising edge-triggered cell FDRE clocked by cpu_clk  {rise@0.000ns fall@5.556ns period=11.111ns})
  Destination:            u_fu_alu0/ex_src0_reg[22]/D
                            (rising edge-triggered cell FDRE clocked by cpu_clk  {rise@0.000ns fall@5.556ns period=11.111ns})
  Path Group:             cpu_clk
  Path Type:              Setup (Max at Slow Process Corner)
  Requirement:            11.111ns  (cpu_clk rise@11.111ns - cpu_clk rise@0.000ns)
  Data Path Delay:        7.979ns  (logic 1.785ns (22.371%)  route 6.194ns (77.629%))
  Logic Levels:           12  (LUT2=1 LUT3=1 LUT4=1 LUT5=4 LUT6=5)
  Clock Path Skew:        -0.039ns (DCD - SCD + CPR)
    Destination Clock Delay (DCD):    0.748ns = ( 11.859 - 11.111 ) 
    Source Clock Delay      (SCD):    0.787ns
    Clock Pessimism Removal (CPR):    0.000ns
  Clock Uncertainty:      0.035ns  ((TSJ^2 + TIJ^2)^1/2 + DJ) / 2 + PE
    Total System Jitter     (TSJ):    0.071ns
    Total Input Jitter      (TIJ):    0.000ns
    Discrete Jitter          (DJ):    0.000ns
    Phase Error              (PE):    0.000ns

    Location             Delay type                Incr(ns)  Path(ns)    Netlist Resource(s)
  -------------------------------------------------------------------    -------------------
                         (clock cpu_clk rise edge)    0.000     0.000 r  
                                                      0.000     0.000 r  aclk (IN)
                         net (fo=34009, unset)        0.787     0.787    aclk
                         FDRE                                         r  mem_dc_fast_robid_r_reg[0]/C
  -------------------------------------------------------------------    -------------------
                         FDRE (Prop_fdre_C_Q)         0.379     1.166 r  mem_dc_fast_robid_r_reg[0]/Q
                         net (fo=1, unplaced)         0.362     1.528    u_lsu/ex_src0[31]_i_14[0]
                         LUT3 (Prop_lut3_I1_O)        0.232     1.760 r  u_lsu/ex_src0[31]_i_21__0/O
                         net (fo=25, unplaced)        0.647     2.407    u_lsu/mem_fast_safe_robid[0]
                         LUT6 (Prop_lut6_I0_O)        0.105     2.512 r  u_lsu/ex_src0[31]_i_21/O
                         net (fo=1, unplaced)         0.347     2.859    u_lsu/ex_src0[31]_i_21_n_0
                         LUT6 (Prop_lut6_I2_O)        0.105     2.964 f  u_lsu/ex_src0[31]_i_17/O
                         net (fo=2, unplaced)         0.593     3.557    u_rs_alu0/prior[3][1]_i_10_0
                         LUT5 (Prop_lut5_I1_O)        0.124     3.681 f  u_rs_alu0/robid_reg_0_3_0_4_i_54/O
                         net (fo=4, unplaced)         0.371     4.052    u_rs_alu0/robid_reg_0_3_0_4_i_54_n_0
                         LUT2 (Prop_lut2_I1_O)        0.105     4.157 r  u_rs_alu0/prior[3][1]_i_10/O
                         net (fo=5, unplaced)         0.610     4.767    u_rs_alu0/prior[3][1]_i_10_n_0
                         LUT6 (Prop_lut6_I0_O)        0.105     4.872 r  u_rs_alu0/robid_reg_0_3_0_4_i_26/O
                         net (fo=3, unplaced)         0.365     5.237    u_rs_alu0/robid_reg_0_3_0_4_i_26_n_0
                         LUT4 (Prop_lut4_I3_O)        0.105     5.342 r  u_rs_alu0/prior[3][1]_i_6/O
                         net (fo=2, unplaced)         0.793     6.135    u_rs_alu0/prior[3][1]_i_6_n_0
                         LUT6 (Prop_lut6_I0_O)        0.105     6.240 r  u_rs_alu0/robid_reg_0_3_0_4_i_12/O
                         net (fo=8, unplaced)         0.366     6.606    u_rs_alu0/robid_reg_0_3_0_4_i_12_n_0
                         LUT5 (Prop_lut5_I3_O)        0.105     6.711 f  u_rs_alu0/s0_val[2][31]_i_4__0/O
                         net (fo=140, unplaced)       1.046     7.757    u_fu_alu0/ex_src1_reg[3]_0
                         LUT6 (Prop_lut6_I4_O)        0.105     7.862 r  u_fu_alu0/ex_src0[22]_i_6/O
                         net (fo=1, unplaced)         0.347     8.209    u_fu_alu0/ex_src0[22]_i_6_n_0
                         LUT5 (Prop_lut5_I4_O)        0.105     8.314 r  u_fu_alu0/ex_src0[22]_i_4/O
                         net (fo=1, unplaced)         0.347     8.661    u_rs_alu0/ex_src0_reg[22]
                         LUT5 (Prop_lut5_I4_O)        0.105     8.766 r  u_rs_alu0/ex_src0[22]_i_1/O
                         net (fo=1, unplaced)         0.000     8.766    u_fu_alu0/issue_src0_i[22]
                         FDRE                                         r  u_fu_alu0/ex_src0_reg[22]/D
  -------------------------------------------------------------------    -------------------

                         (clock cpu_clk rise edge)   11.111    11.111 r  
                                                      0.000    11.111 r  aclk (IN)
                         net (fo=34009, unset)        0.748    11.859    u_fu_alu0/aclk
                         FDRE                                         r  u_fu_alu0/ex_src0_reg[22]/C
                         clock pessimism              0.000    11.859    
                         clock uncertainty           -0.035    11.823    
                         FDRE (Setup_fdre_C_D)        0.029    11.852    u_fu_alu0/ex_src0_reg[22]
  -------------------------------------------------------------------
                         required time                         11.852    
                         arrival time                          -8.766    
  -------------------------------------------------------------------
                         slack                                  3.086    

Slack (MET) :             3.086ns  (required time - arrival time)
  Source:                 mem_dc_fast_robid_r_reg[0]/C
                            (rising edge-triggered cell FDRE clocked by cpu_clk  {rise@0.000ns fall@5.556ns period=11.111ns})
  Destination:            u_fu_alu0/ex_src0_reg[23]/D
                            (rising edge-triggered cell FDRE clocked by cpu_clk  {rise@0.000ns fall@5.556ns period=11.111ns})
  Path Group:             cpu_clk
  Path Type:              Setup (Max at Slow Process Corner)
  Requirement:            11.111ns  (cpu_clk rise@11.111ns - cpu_clk rise@0.000ns)
  Data Path Delay:        7.979ns  (logic 1.785ns (22.371%)  route 6.194ns (77.629%))
  Logic Levels:           12  (LUT2=1 LUT3=1 LUT4=2 LUT5=3 LUT6=5)
  Clock Path Skew:        -0.039ns (DCD - SCD + CPR)
    Destination Clock Delay (DCD):    0.748ns = ( 11.859 - 11.111 ) 
    Source Clock Delay      (SCD):    0.787ns
    Clock Pessimism Removal (CPR):    0.000ns
  Clock Uncertainty:      0.035ns  ((TSJ^2 + TIJ^2)^1/2 + DJ) / 2 + PE
    Total System Jitter     (TSJ):    0.071ns
    Total Input Jitter      (TIJ):    0.000ns
    Discrete Jitter          (DJ):    0.000ns
    Phase Error              (PE):    0.000ns

    Location             Delay type                Incr(ns)  Path(ns)    Netlist Resource(s)
  -------------------------------------------------------------------    -------------------
                         (clock cpu_clk rise edge)    0.000     0.000 r  
                                                      0.000     0.000 r  aclk (IN)
                         net (fo=34009, unset)        0.787     0.787    aclk
                         FDRE                                         r  mem_dc_fast_robid_r_reg[0]/C
  -------------------------------------------------------------------    -------------------
                         FDRE (Prop_fdre_C_Q)         0.379     1.166 r  mem_dc_fast_robid_r_reg[0]/Q
                         net (fo=1, unplaced)         0.362     1.528    u_lsu/ex_src0[31]_i_14[0]
                         LUT3 (Prop_lut3_I1_O)        0.232     1.760 r  u_lsu/ex_src0[31]_i_21__0/O
                         net (fo=25, unplaced)        0.647     2.407    u_lsu/mem_fast_safe_robid[0]
                         LUT6 (Prop_lut6_I0_O)        0.105     2.512 r  u_lsu/ex_src0[31]_i_21/O
                         net (fo=1, unplaced)         0.347     2.859    u_lsu/ex_src0[31]_i_21_n_0
                         LUT6 (Prop_lut6_I2_O)        0.105     2.964 f  u_lsu/ex_src0[31]_i_17/O
                         net (fo=2, unplaced)         0.593     3.557    u_rs_alu0/prior[3][1]_i_10_0
                         LUT5 (Prop_lut5_I1_O)        0.124     3.681 f  u_rs_alu0/robid_reg_0_3_0_4_i_54/O
                         net (fo=4, unplaced)         0.371     4.052    u_rs_alu0/robid_reg_0_3_0_4_i_54_n_0
                         LUT2 (Prop_lut2_I1_O)        0.105     4.157 r  u_rs_alu0/prior[3][1]_i_10/O
                         net (fo=5, unplaced)         0.610     4.767    u_rs_alu0/prior[3][1]_i_10_n_0
                         LUT6 (Prop_lut6_I0_O)        0.105     4.872 r  u_rs_alu0/robid_reg_0_3_0_4_i_26/O
                         net (fo=3, unplaced)         0.365     5.237    u_rs_alu0/robid_reg_0_3_0_4_i_26_n_0
                         LUT4 (Prop_lut4_I3_O)        0.105     5.342 r  u_rs_alu0/prior[3][1]_i_6/O
                         net (fo=2, unplaced)         0.793     6.135    u_rs_alu0/prior[3][1]_i_6_n_0
                         LUT6 (Prop_lut6_I0_O)        0.105     6.240 r  u_rs_alu0/robid_reg_0_3_0_4_i_12/O
                         net (fo=8, unplaced)         0.366     6.606    u_rs_alu0/robid_reg_0_3_0_4_i_12_n_0
                         LUT4 (Prop_lut4_I2_O)        0.105     6.711 f  u_rs_alu0/s0_val[3][31]_i_4__0/O
                         net (fo=140, unplaced)       1.046     7.757    u_fu_alu0/ex_src1_reg[9]_0
                         LUT6 (Prop_lut6_I3_O)        0.105     7.862 r  u_fu_alu0/ex_src0[23]_i_6/O
                         net (fo=1, unplaced)         0.347     8.209    u_fu_alu0/ex_src0[23]_i_6_n_0
                         LUT5 (Prop_lut5_I4_O)        0.105     8.314 r  u_fu_alu0/ex_src0[23]_i_4/O
                         net (fo=1, unplaced)         0.347     8.661    u_rs_alu0/ex_src0_reg[23]
                         LUT5 (Prop_lut5_I4_O)        0.105     8.766 r  u_rs_alu0/ex_src0[23]_i_1/O
                         net (fo=1, unplaced)         0.000     8.766    u_fu_alu0/issue_src0_i[23]
                         FDRE                                         r  u_fu_alu0/ex_src0_reg[23]/D
  -------------------------------------------------------------------    -------------------

                         (clock cpu_clk rise edge)   11.111    11.111 r  
                                                      0.000    11.111 r  aclk (IN)
                         net (fo=34009, unset)        0.748    11.859    u_fu_alu0/aclk
                         FDRE                                         r  u_fu_alu0/ex_src0_reg[23]/C
                         clock pessimism              0.000    11.859    
                         clock uncertainty           -0.035    11.823    
                         FDRE (Setup_fdre_C_D)        0.029    11.852    u_fu_alu0/ex_src0_reg[23]
  -------------------------------------------------------------------
                         required time                         11.852    
                         arrival time                          -8.766    
  -------------------------------------------------------------------
                         slack                                  3.086    

Slack (MET) :             3.086ns  (required time - arrival time)
  Source:                 mem_dc_fast_robid_r_reg[0]/C
                            (rising edge-triggered cell FDRE clocked by cpu_clk  {rise@0.000ns fall@5.556ns period=11.111ns})
  Destination:            u_fu_alu0/ex_src0_reg[24]/D
                            (rising edge-triggered cell FDRE clocked by cpu_clk  {rise@0.000ns fall@5.556ns period=11.111ns})
  Path Group:             cpu_clk
  Path Type:              Setup (Max at Slow Process Corner)
  Requirement:            11.111ns  (cpu_clk rise@11.111ns - cpu_clk rise@0.000ns)
  Data Path Delay:        7.979ns  (logic 1.785ns (22.371%)  route 6.194ns (77.629%))
  Logic Levels:           12  (LUT2=1 LUT3=1 LUT4=1 LUT5=4 LUT6=5)
  Clock Path Skew:        -0.039ns (DCD - SCD + CPR)
    Destination Clock Delay (DCD):    0.748ns = ( 11.859 - 11.111 ) 
    Source Clock Delay      (SCD):    0.787ns
    Clock Pessimism Removal (CPR):    0.000ns
  Clock Uncertainty:      0.035ns  ((TSJ^2 + TIJ^2)^1/2 + DJ) / 2 + PE
    Total System Jitter     (TSJ):    0.071ns
    Total Input Jitter      (TIJ):    0.000ns
    Discrete Jitter          (DJ):    0.000ns
    Phase Error              (PE):    0.000ns

    Location             Delay type                Incr(ns)  Path(ns)    Netlist Resource(s)
  -------------------------------------------------------------------    -------------------
                         (clock cpu_clk rise edge)    0.000     0.000 r  
                                                      0.000     0.000 r  aclk (IN)
                         net (fo=34009, unset)        0.787     0.787    aclk
                         FDRE                                         r  mem_dc_fast_robid_r_reg[0]/C
  -------------------------------------------------------------------    -------------------
                         FDRE (Prop_fdre_C_Q)         0.379     1.166 r  mem_dc_fast_robid_r_reg[0]/Q
                         net (fo=1, unplaced)         0.362     1.528    u_lsu/ex_src0[31]_i_14[0]
                         LUT3 (Prop_lut3_I1_O)        0.232     1.760 r  u_lsu/ex_src0[31]_i_21__0/O
                         net (fo=25, unplaced)        0.647     2.407    u_lsu/mem_fast_safe_robid[0]
                         LUT6 (Prop_lut6_I0_O)        0.105     2.512 r  u_lsu/ex_src0[31]_i_21/O
                         net (fo=1, unplaced)         0.347     2.859    u_lsu/ex_src0[31]_i_21_n_0
                         LUT6 (Prop_lut6_I2_O)        0.105     2.964 f  u_lsu/ex_src0[31]_i_17/O
                         net (fo=2, unplaced)         0.593     3.557    u_rs_alu0/prior[3][1]_i_10_0
                         LUT5 (Prop_lut5_I1_O)        0.124     3.681 f  u_rs_alu0/robid_reg_0_3_0_4_i_54/O
                         net (fo=4, unplaced)         0.371     4.052    u_rs_alu0/robid_reg_0_3_0_4_i_54_n_0
                         LUT2 (Prop_lut2_I1_O)        0.105     4.157 r  u_rs_alu0/prior[3][1]_i_10/O
                         net (fo=5, unplaced)         0.610     4.767    u_rs_alu0/prior[3][1]_i_10_n_0
                         LUT6 (Prop_lut6_I0_O)        0.105     4.872 r  u_rs_alu0/robid_reg_0_3_0_4_i_26/O
                         net (fo=3, unplaced)         0.365     5.237    u_rs_alu0/robid_reg_0_3_0_4_i_26_n_0
                         LUT4 (Prop_lut4_I3_O)        0.105     5.342 r  u_rs_alu0/prior[3][1]_i_6/O
                         net (fo=2, unplaced)         0.793     6.135    u_rs_alu0/prior[3][1]_i_6_n_0
                         LUT6 (Prop_lut6_I0_O)        0.105     6.240 r  u_rs_alu0/robid_reg_0_3_0_4_i_12/O
                         net (fo=8, unplaced)         0.366     6.606    u_rs_alu0/robid_reg_0_3_0_4_i_12_n_0
                         LUT5 (Prop_lut5_I3_O)        0.105     6.711 f  u_rs_alu0/s0_val[2][31]_i_4__0/O
                         net (fo=140, unplaced)       1.046     7.757    u_fu_alu0/ex_src1_reg[3]_0
                         LUT6 (Prop_lut6_I3_O)        0.105     7.862 r  u_fu_alu0/ex_src0[24]_i_6/O
                         net (fo=1, unplaced)         0.347     8.209    u_fu_alu0/ex_src0[24]_i_6_n_0
                         LUT5 (Prop_lut5_I4_O)        0.105     8.314 r  u_fu_alu0/ex_src0[24]_i_4/O
                         net (fo=1, unplaced)         0.347     8.661    u_rs_alu0/ex_src0_reg[24]
                         LUT5 (Prop_lut5_I4_O)        0.105     8.766 r  u_rs_alu0/ex_src0[24]_i_1/O
                         net (fo=1, unplaced)         0.000     8.766    u_fu_alu0/issue_src0_i[24]
                         FDRE                                         r  u_fu_alu0/ex_src0_reg[24]/D
  -------------------------------------------------------------------    -------------------

                         (clock cpu_clk rise edge)   11.111    11.111 r  
                                                      0.000    11.111 r  aclk (IN)
                         net (fo=34009, unset)        0.748    11.859    u_fu_alu0/aclk
                         FDRE                                         r  u_fu_alu0/ex_src0_reg[24]/C
                         clock pessimism              0.000    11.859    
                         clock uncertainty           -0.035    11.823    
                         FDRE (Setup_fdre_C_D)        0.029    11.852    u_fu_alu0/ex_src0_reg[24]
  -------------------------------------------------------------------
                         required time                         11.852    
                         arrival time                          -8.766    
  -------------------------------------------------------------------
                         slack                                  3.086    

Slack (MET) :             3.086ns  (required time - arrival time)
  Source:                 mem_dc_fast_robid_r_reg[0]/C
                            (rising edge-triggered cell FDRE clocked by cpu_clk  {rise@0.000ns fall@5.556ns period=11.111ns})
  Destination:            u_fu_alu0/ex_src0_reg[25]/D
                            (rising edge-triggered cell FDRE clocked by cpu_clk  {rise@0.000ns fall@5.556ns period=11.111ns})
  Path Group:             cpu_clk
  Path Type:              Setup (Max at Slow Process Corner)
  Requirement:            11.111ns  (cpu_clk rise@11.111ns - cpu_clk rise@0.000ns)
  Data Path Delay:        7.979ns  (logic 1.785ns (22.371%)  route 6.194ns (77.629%))
  Logic Levels:           12  (LUT2=1 LUT3=1 LUT4=1 LUT5=4 LUT6=5)
  Clock Path Skew:        -0.039ns (DCD - SCD + CPR)
    Destination Clock Delay (DCD):    0.748ns = ( 11.859 - 11.111 ) 
    Source Clock Delay      (SCD):    0.787ns
    Clock Pessimism Removal (CPR):    0.000ns
  Clock Uncertainty:      0.035ns  ((TSJ^2 + TIJ^2)^1/2 + DJ) / 2 + PE
    Total System Jitter     (TSJ):    0.071ns
    Total Input Jitter      (TIJ):    0.000ns
    Discrete Jitter          (DJ):    0.000ns
    Phase Error              (PE):    0.000ns

    Location             Delay type                Incr(ns)  Path(ns)    Netlist Resource(s)
  -------------------------------------------------------------------    -------------------
                         (clock cpu_clk rise edge)    0.000     0.000 r  
                                                      0.000     0.000 r  aclk (IN)
                         net (fo=34009, unset)        0.787     0.787    aclk
                         FDRE                                         r  mem_dc_fast_robid_r_reg[0]/C
  -------------------------------------------------------------------    -------------------
                         FDRE (Prop_fdre_C_Q)         0.379     1.166 r  mem_dc_fast_robid_r_reg[0]/Q
                         net (fo=1, unplaced)         0.362     1.528    u_lsu/ex_src0[31]_i_14[0]
                         LUT3 (Prop_lut3_I1_O)        0.232     1.760 r  u_lsu/ex_src0[31]_i_21__0/O
                         net (fo=25, unplaced)        0.647     2.407    u_lsu/mem_fast_safe_robid[0]
                         LUT6 (Prop_lut6_I0_O)        0.105     2.512 r  u_lsu/ex_src0[31]_i_21/O
                         net (fo=1, unplaced)         0.347     2.859    u_lsu/ex_src0[31]_i_21_n_0
                         LUT6 (Prop_lut6_I2_O)        0.105     2.964 f  u_lsu/ex_src0[31]_i_17/O
                         net (fo=2, unplaced)         0.593     3.557    u_rs_alu0/prior[3][1]_i_10_0
                         LUT5 (Prop_lut5_I1_O)        0.124     3.681 f  u_rs_alu0/robid_reg_0_3_0_4_i_54/O
                         net (fo=4, unplaced)         0.371     4.052    u_rs_alu0/robid_reg_0_3_0_4_i_54_n_0
                         LUT2 (Prop_lut2_I1_O)        0.105     4.157 r  u_rs_alu0/prior[3][1]_i_10/O
                         net (fo=5, unplaced)         0.610     4.767    u_rs_alu0/prior[3][1]_i_10_n_0
                         LUT6 (Prop_lut6_I0_O)        0.105     4.872 r  u_rs_alu0/robid_reg_0_3_0_4_i_26/O
                         net (fo=3, unplaced)         0.365     5.237    u_rs_alu0/robid_reg_0_3_0_4_i_26_n_0
                         LUT4 (Prop_lut4_I3_O)        0.105     5.342 r  u_rs_alu0/prior[3][1]_i_6/O
                         net (fo=2, unplaced)         0.793     6.135    u_rs_alu0/prior[3][1]_i_6_n_0
                         LUT6 (Prop_lut6_I0_O)        0.105     6.240 r  u_rs_alu0/robid_reg_0_3_0_4_i_12/O
                         net (fo=8, unplaced)         0.366     6.606    u_rs_alu0/robid_reg_0_3_0_4_i_12_n_0
                         LUT5 (Prop_lut5_I3_O)        0.105     6.711 f  u_rs_alu0/s0_val[2][31]_i_4__0/O
                         net (fo=140, unplaced)       1.046     7.757    u_fu_alu0/ex_src1_reg[3]_0
                         LUT6 (Prop_lut6_I3_O)        0.105     7.862 r  u_fu_alu0/ex_src0[25]_i_6/O
                         net (fo=1, unplaced)         0.347     8.209    u_fu_alu0/ex_src0[25]_i_6_n_0
                         LUT5 (Prop_lut5_I4_O)        0.105     8.314 r  u_fu_alu0/ex_src0[25]_i_4/O
                         net (fo=1, unplaced)         0.347     8.661    u_rs_alu0/ex_src0_reg[25]
                         LUT5 (Prop_lut5_I4_O)        0.105     8.766 r  u_rs_alu0/ex_src0[25]_i_1/O
                         net (fo=1, unplaced)         0.000     8.766    u_fu_alu0/issue_src0_i[25]
                         FDRE                                         r  u_fu_alu0/ex_src0_reg[25]/D
  -------------------------------------------------------------------    -------------------

                         (clock cpu_clk rise edge)   11.111    11.111 r  
                                                      0.000    11.111 r  aclk (IN)
                         net (fo=34009, unset)        0.748    11.859    u_fu_alu0/aclk
                         FDRE                                         r  u_fu_alu0/ex_src0_reg[25]/C
                         clock pessimism              0.000    11.859    
                         clock uncertainty           -0.035    11.823    
                         FDRE (Setup_fdre_C_D)        0.029    11.852    u_fu_alu0/ex_src0_reg[25]
  -------------------------------------------------------------------
                         required time                         11.852    
                         arrival time                          -8.766    
  -------------------------------------------------------------------
                         slack                                  3.086    

Slack (MET) :             3.086ns  (required time - arrival time)
  Source:                 mem_dc_fast_robid_r_reg[0]/C
                            (rising edge-triggered cell FDRE clocked by cpu_clk  {rise@0.000ns fall@5.556ns period=11.111ns})
  Destination:            u_fu_alu0/ex_src0_reg[27]/D
                            (rising edge-triggered cell FDRE clocked by cpu_clk  {rise@0.000ns fall@5.556ns period=11.111ns})
  Path Group:             cpu_clk
  Path Type:              Setup (Max at Slow Process Corner)
  Requirement:            11.111ns  (cpu_clk rise@11.111ns - cpu_clk rise@0.000ns)
  Data Path Delay:        7.979ns  (logic 1.785ns (22.371%)  route 6.194ns (77.629%))
  Logic Levels:           12  (LUT2=1 LUT3=1 LUT4=1 LUT5=4 LUT6=5)
  Clock Path Skew:        -0.039ns (DCD - SCD + CPR)
    Destination Clock Delay (DCD):    0.748ns = ( 11.859 - 11.111 ) 
    Source Clock Delay      (SCD):    0.787ns
    Clock Pessimism Removal (CPR):    0.000ns
  Clock Uncertainty:      0.035ns  ((TSJ^2 + TIJ^2)^1/2 + DJ) / 2 + PE
    Total System Jitter     (TSJ):    0.071ns
    Total Input Jitter      (TIJ):    0.000ns
    Discrete Jitter          (DJ):    0.000ns
    Phase Error              (PE):    0.000ns

    Location             Delay type                Incr(ns)  Path(ns)    Netlist Resource(s)
  -------------------------------------------------------------------    -------------------
                         (clock cpu_clk rise edge)    0.000     0.000 r  
                                                      0.000     0.000 r  aclk (IN)
                         net (fo=34009, unset)        0.787     0.787    aclk
                         FDRE                                         r  mem_dc_fast_robid_r_reg[0]/C
  -------------------------------------------------------------------    -------------------
                         FDRE (Prop_fdre_C_Q)         0.379     1.166 r  mem_dc_fast_robid_r_reg[0]/Q
                         net (fo=1, unplaced)         0.362     1.528    u_lsu/ex_src0[31]_i_14[0]
                         LUT3 (Prop_lut3_I1_O)        0.232     1.760 r  u_lsu/ex_src0[31]_i_21__0/O
                         net (fo=25, unplaced)        0.647     2.407    u_lsu/mem_fast_safe_robid[0]
                         LUT6 (Prop_lut6_I0_O)        0.105     2.512 r  u_lsu/ex_src0[31]_i_21/O
                         net (fo=1, unplaced)         0.347     2.859    u_lsu/ex_src0[31]_i_21_n_0
                         LUT6 (Prop_lut6_I2_O)        0.105     2.964 f  u_lsu/ex_src0[31]_i_17/O
                         net (fo=2, unplaced)         0.593     3.557    u_rs_alu0/prior[3][1]_i_10_0
                         LUT5 (Prop_lut5_I1_O)        0.124     3.681 f  u_rs_alu0/robid_reg_0_3_0_4_i_54/O
                         net (fo=4, unplaced)         0.371     4.052    u_rs_alu0/robid_reg_0_3_0_4_i_54_n_0
                         LUT2 (Prop_lut2_I1_O)        0.105     4.157 r  u_rs_alu0/prior[3][1]_i_10/O
                         net (fo=5, unplaced)         0.610     4.767    u_rs_alu0/prior[3][1]_i_10_n_0
                         LUT6 (Prop_lut6_I0_O)        0.105     4.872 r  u_rs_alu0/robid_reg_0_3_0_4_i_26/O
                         net (fo=3, unplaced)         0.365     5.237    u_rs_alu0/robid_reg_0_3_0_4_i_26_n_0
                         LUT4 (Prop_lut4_I3_O)        0.105     5.342 r  u_rs_alu0/prior[3][1]_i_6/O
                         net (fo=2, unplaced)         0.793     6.135    u_rs_alu0/prior[3][1]_i_6_n_0
                         LUT6 (Prop_lut6_I0_O)        0.105     6.240 r  u_rs_alu0/robid_reg_0_3_0_4_i_12/O
                         net (fo=8, unplaced)         0.366     6.606    u_rs_alu0/robid_reg_0_3_0_4_i_12_n_0
                         LUT5 (Prop_lut5_I3_O)        0.105     6.711 f  u_rs_alu0/s0_val[2][31]_i_4__0/O
                         net (fo=140, unplaced)       1.046     7.757    u_fu_alu0/ex_src1_reg[3]_0
                         LUT6 (Prop_lut6_I4_O)        0.105     7.862 r  u_fu_alu0/ex_src0[27]_i_6/O
                         net (fo=1, unplaced)         0.347     8.209    u_fu_alu0/ex_src0[27]_i_6_n_0
                         LUT5 (Prop_lut5_I4_O)        0.105     8.314 r  u_fu_alu0/ex_src0[27]_i_4/O
                         net (fo=1, unplaced)         0.347     8.661    u_rs_alu0/ex_src0_reg[27]
                         LUT5 (Prop_lut5_I4_O)        0.105     8.766 r  u_rs_alu0/ex_src0[27]_i_1/O
                         net (fo=1, unplaced)         0.000     8.766    u_fu_alu0/issue_src0_i[27]
                         FDRE                                         r  u_fu_alu0/ex_src0_reg[27]/D
  -------------------------------------------------------------------    -------------------

                         (clock cpu_clk rise edge)   11.111    11.111 r  
                                                      0.000    11.111 r  aclk (IN)
                         net (fo=34009, unset)        0.748    11.859    u_fu_alu0/aclk
                         FDRE                                         r  u_fu_alu0/ex_src0_reg[27]/C
                         clock pessimism              0.000    11.859    
                         clock uncertainty           -0.035    11.823    
                         FDRE (Setup_fdre_C_D)        0.029    11.852    u_fu_alu0/ex_src0_reg[27]
  -------------------------------------------------------------------
                         required time                         11.852    
                         arrival time                          -8.766    
  -------------------------------------------------------------------
                         slack                                  3.086    

Slack (MET) :             3.086ns  (required time - arrival time)
  Source:                 mem_dc_fast_robid_r_reg[0]/C
                            (rising edge-triggered cell FDRE clocked by cpu_clk  {rise@0.000ns fall@5.556ns period=11.111ns})
  Destination:            u_fu_alu0/ex_src0_reg[28]/D
                            (rising edge-triggered cell FDRE clocked by cpu_clk  {rise@0.000ns fall@5.556ns period=11.111ns})
  Path Group:             cpu_clk
  Path Type:              Setup (Max at Slow Process Corner)
  Requirement:            11.111ns  (cpu_clk rise@11.111ns - cpu_clk rise@0.000ns)
  Data Path Delay:        7.979ns  (logic 1.785ns (22.371%)  route 6.194ns (77.629%))
  Logic Levels:           12  (LUT2=1 LUT3=1 LUT4=2 LUT5=3 LUT6=5)
  Clock Path Skew:        -0.039ns (DCD - SCD + CPR)
    Destination Clock Delay (DCD):    0.748ns = ( 11.859 - 11.111 ) 
    Source Clock Delay      (SCD):    0.787ns
    Clock Pessimism Removal (CPR):    0.000ns
  Clock Uncertainty:      0.035ns  ((TSJ^2 + TIJ^2)^1/2 + DJ) / 2 + PE
    Total System Jitter     (TSJ):    0.071ns
    Total Input Jitter      (TIJ):    0.000ns
    Discrete Jitter          (DJ):    0.000ns
    Phase Error              (PE):    0.000ns

    Location             Delay type                Incr(ns)  Path(ns)    Netlist Resource(s)
  -------------------------------------------------------------------    -------------------
                         (clock cpu_clk rise edge)    0.000     0.000 r  
                                                      0.000     0.000 r  aclk (IN)
                         net (fo=34009, unset)        0.787     0.787    aclk
                         FDRE                                         r  mem_dc_fast_robid_r_reg[0]/C
  -------------------------------------------------------------------    -------------------
                         FDRE (Prop_fdre_C_Q)         0.379     1.166 r  mem_dc_fast_robid_r_reg[0]/Q
                         net (fo=1, unplaced)         0.362     1.528    u_lsu/ex_src0[31]_i_14[0]
                         LUT3 (Prop_lut3_I1_O)        0.232     1.760 r  u_lsu/ex_src0[31]_i_21__0/O
                         net (fo=25, unplaced)        0.647     2.407    u_lsu/mem_fast_safe_robid[0]
                         LUT6 (Prop_lut6_I0_O)        0.105     2.512 r  u_lsu/ex_src0[31]_i_21/O
                         net (fo=1, unplaced)         0.347     2.859    u_lsu/ex_src0[31]_i_21_n_0
                         LUT6 (Prop_lut6_I2_O)        0.105     2.964 f  u_lsu/ex_src0[31]_i_17/O
                         net (fo=2, unplaced)         0.593     3.557    u_rs_alu0/prior[3][1]_i_10_0
                         LUT5 (Prop_lut5_I1_O)        0.124     3.681 f  u_rs_alu0/robid_reg_0_3_0_4_i_54/O
                         net (fo=4, unplaced)         0.371     4.052    u_rs_alu0/robid_reg_0_3_0_4_i_54_n_0
                         LUT2 (Prop_lut2_I1_O)        0.105     4.157 r  u_rs_alu0/prior[3][1]_i_10/O
                         net (fo=5, unplaced)         0.610     4.767    u_rs_alu0/prior[3][1]_i_10_n_0
                         LUT6 (Prop_lut6_I0_O)        0.105     4.872 r  u_rs_alu0/robid_reg_0_3_0_4_i_26/O
                         net (fo=3, unplaced)         0.365     5.237    u_rs_alu0/robid_reg_0_3_0_4_i_26_n_0
                         LUT4 (Prop_lut4_I3_O)        0.105     5.342 r  u_rs_alu0/prior[3][1]_i_6/O
                         net (fo=2, unplaced)         0.793     6.135    u_rs_alu0/prior[3][1]_i_6_n_0
                         LUT6 (Prop_lut6_I0_O)        0.105     6.240 r  u_rs_alu0/robid_reg_0_3_0_4_i_12/O
                         net (fo=8, unplaced)         0.366     6.606    u_rs_alu0/robid_reg_0_3_0_4_i_12_n_0
                         LUT4 (Prop_lut4_I2_O)        0.105     6.711 f  u_rs_alu0/s0_val[3][31]_i_4__0/O
                         net (fo=140, unplaced)       1.046     7.757    u_fu_alu0/ex_src1_reg[9]_0
                         LUT6 (Prop_lut6_I3_O)        0.105     7.862 r  u_fu_alu0/ex_src0[28]_i_6/O
                         net (fo=1, unplaced)         0.347     8.209    u_fu_alu0/ex_src0[28]_i_6_n_0
                         LUT5 (Prop_lut5_I4_O)        0.105     8.314 r  u_fu_alu0/ex_src0[28]_i_4/O
                         net (fo=1, unplaced)         0.347     8.661    u_rs_alu0/ex_src0_reg[28]
                         LUT5 (Prop_lut5_I4_O)        0.105     8.766 r  u_rs_alu0/ex_src0[28]_i_1/O
                         net (fo=1, unplaced)         0.000     8.766    u_fu_alu0/issue_src0_i[28]
                         FDRE                                         r  u_fu_alu0/ex_src0_reg[28]/D
  -------------------------------------------------------------------    -------------------

                         (clock cpu_clk rise edge)   11.111    11.111 r  
                                                      0.000    11.111 r  aclk (IN)
                         net (fo=34009, unset)        0.748    11.859    u_fu_alu0/aclk
                         FDRE                                         r  u_fu_alu0/ex_src0_reg[28]/C
                         clock pessimism              0.000    11.859    
                         clock uncertainty           -0.035    11.823    
                         FDRE (Setup_fdre_C_D)        0.029    11.852    u_fu_alu0/ex_src0_reg[28]
  -------------------------------------------------------------------
                         required time                         11.852    
                         arrival time                          -8.766    
  -------------------------------------------------------------------
                         slack                                  3.086    

Slack (MET) :             3.086ns  (required time - arrival time)
  Source:                 mem_dc_fast_robid_r_reg[0]/C
                            (rising edge-triggered cell FDRE clocked by cpu_clk  {rise@0.000ns fall@5.556ns period=11.111ns})
  Destination:            u_fu_alu0/ex_src0_reg[29]/D
                            (rising edge-triggered cell FDRE clocked by cpu_clk  {rise@0.000ns fall@5.556ns period=11.111ns})
  Path Group:             cpu_clk
  Path Type:              Setup (Max at Slow Process Corner)
  Requirement:            11.111ns  (cpu_clk rise@11.111ns - cpu_clk rise@0.000ns)
  Data Path Delay:        7.979ns  (logic 1.785ns (22.371%)  route 6.194ns (77.629%))
  Logic Levels:           12  (LUT2=1 LUT3=1 LUT4=2 LUT5=3 LUT6=5)
  Clock Path Skew:        -0.039ns (DCD - SCD + CPR)
    Destination Clock Delay (DCD):    0.748ns = ( 11.859 - 11.111 ) 
    Source Clock Delay      (SCD):    0.787ns
    Clock Pessimism Removal (CPR):    0.000ns
  Clock Uncertainty:      0.035ns  ((TSJ^2 + TIJ^2)^1/2 + DJ) / 2 + PE
    Total System Jitter     (TSJ):    0.071ns
    Total Input Jitter      (TIJ):    0.000ns
    Discrete Jitter          (DJ):    0.000ns
    Phase Error              (PE):    0.000ns

    Location             Delay type                Incr(ns)  Path(ns)    Netlist Resource(s)
  -------------------------------------------------------------------    -------------------
                         (clock cpu_clk rise edge)    0.000     0.000 r  
                                                      0.000     0.000 r  aclk (IN)
                         net (fo=34009, unset)        0.787     0.787    aclk
                         FDRE                                         r  mem_dc_fast_robid_r_reg[0]/C
  -------------------------------------------------------------------    -------------------
                         FDRE (Prop_fdre_C_Q)         0.379     1.166 r  mem_dc_fast_robid_r_reg[0]/Q
                         net (fo=1, unplaced)         0.362     1.528    u_lsu/ex_src0[31]_i_14[0]
                         LUT3 (Prop_lut3_I1_O)        0.232     1.760 r  u_lsu/ex_src0[31]_i_21__0/O
                         net (fo=25, unplaced)        0.647     2.407    u_lsu/mem_fast_safe_robid[0]
                         LUT6 (Prop_lut6_I0_O)        0.105     2.512 r  u_lsu/ex_src0[31]_i_21/O
                         net (fo=1, unplaced)         0.347     2.859    u_lsu/ex_src0[31]_i_21_n_0
                         LUT6 (Prop_lut6_I2_O)        0.105     2.964 f  u_lsu/ex_src0[31]_i_17/O
                         net (fo=2, unplaced)         0.593     3.557    u_rs_alu0/prior[3][1]_i_10_0
                         LUT5 (Prop_lut5_I1_O)        0.124     3.681 f  u_rs_alu0/robid_reg_0_3_0_4_i_54/O
                         net (fo=4, unplaced)         0.371     4.052    u_rs_alu0/robid_reg_0_3_0_4_i_54_n_0
                         LUT2 (Prop_lut2_I1_O)        0.105     4.157 r  u_rs_alu0/prior[3][1]_i_10/O
                         net (fo=5, unplaced)         0.610     4.767    u_rs_alu0/prior[3][1]_i_10_n_0
                         LUT6 (Prop_lut6_I0_O)        0.105     4.872 r  u_rs_alu0/robid_reg_0_3_0_4_i_26/O
                         net (fo=3, unplaced)         0.365     5.237    u_rs_alu0/robid_reg_0_3_0_4_i_26_n_0
                         LUT4 (Prop_lut4_I3_O)        0.105     5.342 r  u_rs_alu0/prior[3][1]_i_6/O
                         net (fo=2, unplaced)         0.793     6.135    u_rs_alu0/prior[3][1]_i_6_n_0
                         LUT6 (Prop_lut6_I0_O)        0.105     6.240 r  u_rs_alu0/robid_reg_0_3_0_4_i_12/O
                         net (fo=8, unplaced)         0.366     6.606    u_rs_alu0/robid_reg_0_3_0_4_i_12_n_0
                         LUT4 (Prop_lut4_I2_O)        0.105     6.711 f  u_rs_alu0/s0_val[3][31]_i_4__0/O
                         net (fo=140, unplaced)       1.046     7.757    u_fu_alu0/ex_src1_reg[9]_0
                         LUT6 (Prop_lut6_I3_O)        0.105     7.862 r  u_fu_alu0/ex_src0[29]_i_6/O
                         net (fo=1, unplaced)         0.347     8.209    u_fu_alu0/ex_src0[29]_i_6_n_0
                         LUT5 (Prop_lut5_I4_O)        0.105     8.314 r  u_fu_alu0/ex_src0[29]_i_4/O
                         net (fo=1, unplaced)         0.347     8.661    u_rs_alu0/ex_src0_reg[29]
                         LUT5 (Prop_lut5_I4_O)        0.105     8.766 r  u_rs_alu0/ex_src0[29]_i_1/O
                         net (fo=1, unplaced)         0.000     8.766    u_fu_alu0/issue_src0_i[29]
                         FDRE                                         r  u_fu_alu0/ex_src0_reg[29]/D
  -------------------------------------------------------------------    -------------------

                         (clock cpu_clk rise edge)   11.111    11.111 r  
                                                      0.000    11.111 r  aclk (IN)
                         net (fo=34009, unset)        0.748    11.859    u_fu_alu0/aclk
                         FDRE                                         r  u_fu_alu0/ex_src0_reg[29]/C
                         clock pessimism              0.000    11.859    
                         clock uncertainty           -0.035    11.823    
                         FDRE (Setup_fdre_C_D)        0.029    11.852    u_fu_alu0/ex_src0_reg[29]
  -------------------------------------------------------------------
                         required time                         11.852    
                         arrival time                          -8.766    
  -------------------------------------------------------------------
                         slack                                  3.086    

Slack (MET) :             3.086ns  (required time - arrival time)
  Source:                 mem_dc_fast_robid_r_reg[0]/C
                            (rising edge-triggered cell FDRE clocked by cpu_clk  {rise@0.000ns fall@5.556ns period=11.111ns})
  Destination:            u_fu_alu0/ex_src0_reg[30]/D
                            (rising edge-triggered cell FDRE clocked by cpu_clk  {rise@0.000ns fall@5.556ns period=11.111ns})
  Path Group:             cpu_clk
  Path Type:              Setup (Max at Slow Process Corner)
  Requirement:            11.111ns  (cpu_clk rise@11.111ns - cpu_clk rise@0.000ns)
  Data Path Delay:        7.979ns  (logic 1.785ns (22.371%)  route 6.194ns (77.629%))
  Logic Levels:           12  (LUT2=1 LUT3=1 LUT4=2 LUT5=3 LUT6=5)
  Clock Path Skew:        -0.039ns (DCD - SCD + CPR)
    Destination Clock Delay (DCD):    0.748ns = ( 11.859 - 11.111 ) 
    Source Clock Delay      (SCD):    0.787ns
    Clock Pessimism Removal (CPR):    0.000ns
  Clock Uncertainty:      0.035ns  ((TSJ^2 + TIJ^2)^1/2 + DJ) / 2 + PE
    Total System Jitter     (TSJ):    0.071ns
    Total Input Jitter      (TIJ):    0.000ns
    Discrete Jitter          (DJ):    0.000ns
    Phase Error              (PE):    0.000ns

    Location             Delay type                Incr(ns)  Path(ns)    Netlist Resource(s)
  -------------------------------------------------------------------    -------------------
                         (clock cpu_clk rise edge)    0.000     0.000 r  
                                                      0.000     0.000 r  aclk (IN)
                         net (fo=34009, unset)        0.787     0.787    aclk
                         FDRE                                         r  mem_dc_fast_robid_r_reg[0]/C
  -------------------------------------------------------------------    -------------------
                         FDRE (Prop_fdre_C_Q)         0.379     1.166 r  mem_dc_fast_robid_r_reg[0]/Q
                         net (fo=1, unplaced)         0.362     1.528    u_lsu/ex_src0[31]_i_14[0]
                         LUT3 (Prop_lut3_I1_O)        0.232     1.760 r  u_lsu/ex_src0[31]_i_21__0/O
                         net (fo=25, unplaced)        0.647     2.407    u_lsu/mem_fast_safe_robid[0]
                         LUT6 (Prop_lut6_I0_O)        0.105     2.512 r  u_lsu/ex_src0[31]_i_21/O
                         net (fo=1, unplaced)         0.347     2.859    u_lsu/ex_src0[31]_i_21_n_0
                         LUT6 (Prop_lut6_I2_O)        0.105     2.964 f  u_lsu/ex_src0[31]_i_17/O
                         net (fo=2, unplaced)         0.593     3.557    u_rs_alu0/prior[3][1]_i_10_0
                         LUT5 (Prop_lut5_I1_O)        0.124     3.681 f  u_rs_alu0/robid_reg_0_3_0_4_i_54/O
                         net (fo=4, unplaced)         0.371     4.052    u_rs_alu0/robid_reg_0_3_0_4_i_54_n_0
                         LUT2 (Prop_lut2_I1_O)        0.105     4.157 r  u_rs_alu0/prior[3][1]_i_10/O
                         net (fo=5, unplaced)         0.610     4.767    u_rs_alu0/prior[3][1]_i_10_n_0
                         LUT6 (Prop_lut6_I0_O)        0.105     4.872 r  u_rs_alu0/robid_reg_0_3_0_4_i_26/O
                         net (fo=3, unplaced)         0.365     5.237    u_rs_alu0/robid_reg_0_3_0_4_i_26_n_0
                         LUT4 (Prop_lut4_I3_O)        0.105     5.342 r  u_rs_alu0/prior[3][1]_i_6/O
                         net (fo=2, unplaced)         0.793     6.135    u_rs_alu0/prior[3][1]_i_6_n_0
                         LUT6 (Prop_lut6_I0_O)        0.105     6.240 r  u_rs_alu0/robid_reg_0_3_0_4_i_12/O
                         net (fo=8, unplaced)         0.366     6.606    u_rs_alu0/robid_reg_0_3_0_4_i_12_n_0
                         LUT4 (Prop_lut4_I2_O)        0.105     6.711 f  u_rs_alu0/s0_val[3][31]_i_4__0/O
                         net (fo=140, unplaced)       1.046     7.757    u_fu_alu0/ex_src1_reg[9]_0
                         LUT6 (Prop_lut6_I3_O)        0.105     7.862 r  u_fu_alu0/ex_src0[30]_i_6/O
                         net (fo=1, unplaced)         0.347     8.209    u_fu_alu0/ex_src0[30]_i_6_n_0
                         LUT5 (Prop_lut5_I4_O)        0.105     8.314 r  u_fu_alu0/ex_src0[30]_i_4/O
                         net (fo=1, unplaced)         0.347     8.661    u_rs_alu0/ex_src0_reg[30]
                         LUT5 (Prop_lut5_I4_O)        0.105     8.766 r  u_rs_alu0/ex_src0[30]_i_1/O
                         net (fo=1, unplaced)         0.000     8.766    u_fu_alu0/issue_src0_i[30]
                         FDRE                                         r  u_fu_alu0/ex_src0_reg[30]/D
  -------------------------------------------------------------------    -------------------

                         (clock cpu_clk rise edge)   11.111    11.111 r  
                                                      0.000    11.111 r  aclk (IN)
                         net (fo=34009, unset)        0.748    11.859    u_fu_alu0/aclk
                         FDRE                                         r  u_fu_alu0/ex_src0_reg[30]/C
                         clock pessimism              0.000    11.859    
                         clock uncertainty           -0.035    11.823    
                         FDRE (Setup_fdre_C_D)        0.029    11.852    u_fu_alu0/ex_src0_reg[30]
  -------------------------------------------------------------------
                         required time                         11.852    
                         arrival time                          -8.766    
  -------------------------------------------------------------------
                         slack                                  3.086    

Slack (MET) :             3.086ns  (required time - arrival time)
  Source:                 mem_dc_fast_robid_r_reg[0]/C
                            (rising edge-triggered cell FDRE clocked by cpu_clk  {rise@0.000ns fall@5.556ns period=11.111ns})
  Destination:            u_fu_alu0/ex_src0_reg[31]/D
                            (rising edge-triggered cell FDRE clocked by cpu_clk  {rise@0.000ns fall@5.556ns period=11.111ns})
  Path Group:             cpu_clk
  Path Type:              Setup (Max at Slow Process Corner)
  Requirement:            11.111ns  (cpu_clk rise@11.111ns - cpu_clk rise@0.000ns)
  Data Path Delay:        7.979ns  (logic 1.785ns (22.371%)  route 6.194ns (77.629%))
  Logic Levels:           12  (LUT2=1 LUT3=1 LUT4=1 LUT5=4 LUT6=5)
  Clock Path Skew:        -0.039ns (DCD - SCD + CPR)
    Destination Clock Delay (DCD):    0.748ns = ( 11.859 - 11.111 ) 
    Source Clock Delay      (SCD):    0.787ns
    Clock Pessimism Removal (CPR):    0.000ns
  Clock Uncertainty:      0.035ns  ((TSJ^2 + TIJ^2)^1/2 + DJ) / 2 + PE
    Total System Jitter     (TSJ):    0.071ns
    Total Input Jitter      (TIJ):    0.000ns
    Discrete Jitter          (DJ):    0.000ns
    Phase Error              (PE):    0.000ns

    Location             Delay type                Incr(ns)  Path(ns)    Netlist Resource(s)
  -------------------------------------------------------------------    -------------------
                         (clock cpu_clk rise edge)    0.000     0.000 r  
                                                      0.000     0.000 r  aclk (IN)
                         net (fo=34009, unset)        0.787     0.787    aclk
                         FDRE                                         r  mem_dc_fast_robid_r_reg[0]/C
  -------------------------------------------------------------------    -------------------
                         FDRE (Prop_fdre_C_Q)         0.379     1.166 r  mem_dc_fast_robid_r_reg[0]/Q
                         net (fo=1, unplaced)         0.362     1.528    u_lsu/ex_src0[31]_i_14[0]
                         LUT3 (Prop_lut3_I1_O)        0.232     1.760 r  u_lsu/ex_src0[31]_i_21__0/O
                         net (fo=25, unplaced)        0.647     2.407    u_lsu/mem_fast_safe_robid[0]
                         LUT6 (Prop_lut6_I0_O)        0.105     2.512 r  u_lsu/ex_src0[31]_i_21/O
                         net (fo=1, unplaced)         0.347     2.859    u_lsu/ex_src0[31]_i_21_n_0
                         LUT6 (Prop_lut6_I2_O)        0.105     2.964 f  u_lsu/ex_src0[31]_i_17/O
                         net (fo=2, unplaced)         0.593     3.557    u_rs_alu0/prior[3][1]_i_10_0
                         LUT5 (Prop_lut5_I1_O)        0.124     3.681 f  u_rs_alu0/robid_reg_0_3_0_4_i_54/O
                         net (fo=4, unplaced)         0.371     4.052    u_rs_alu0/robid_reg_0_3_0_4_i_54_n_0
                         LUT2 (Prop_lut2_I1_O)        0.105     4.157 r  u_rs_alu0/prior[3][1]_i_10/O
                         net (fo=5, unplaced)         0.610     4.767    u_rs_alu0/prior[3][1]_i_10_n_0
                         LUT6 (Prop_lut6_I0_O)        0.105     4.872 r  u_rs_alu0/robid_reg_0_3_0_4_i_26/O
                         net (fo=3, unplaced)         0.365     5.237    u_rs_alu0/robid_reg_0_3_0_4_i_26_n_0
                         LUT4 (Prop_lut4_I3_O)        0.105     5.342 r  u_rs_alu0/prior[3][1]_i_6/O
                         net (fo=2, unplaced)         0.793     6.135    u_rs_alu0/prior[3][1]_i_6_n_0
                         LUT6 (Prop_lut6_I0_O)        0.105     6.240 r  u_rs_alu0/robid_reg_0_3_0_4_i_12/O
                         net (fo=8, unplaced)         0.366     6.606    u_rs_alu0/robid_reg_0_3_0_4_i_12_n_0
                         LUT5 (Prop_lut5_I3_O)        0.105     6.711 f  u_rs_alu0/s0_val[2][31]_i_4__0/O
                         net (fo=140, unplaced)       1.046     7.757    u_fu_alu0/ex_src1_reg[3]_0
                         LUT6 (Prop_lut6_I3_O)        0.105     7.862 r  u_fu_alu0/ex_src0[31]_i_12/O
                         net (fo=1, unplaced)         0.347     8.209    u_fu_alu0/ex_src0[31]_i_12_n_0
                         LUT5 (Prop_lut5_I4_O)        0.105     8.314 r  u_fu_alu0/ex_src0[31]_i_6/O
                         net (fo=1, unplaced)         0.347     8.661    u_rs_alu0/ex_src0_reg[31]
                         LUT5 (Prop_lut5_I4_O)        0.105     8.766 r  u_rs_alu0/ex_src0[31]_i_1/O
                         net (fo=1, unplaced)         0.000     8.766    u_fu_alu0/issue_src0_i[31]
                         FDRE                                         r  u_fu_alu0/ex_src0_reg[31]/D
  -------------------------------------------------------------------    -------------------

                         (clock cpu_clk rise edge)   11.111    11.111 r  
                                                      0.000    11.111 r  aclk (IN)
                         net (fo=34009, unset)        0.748    11.859    u_fu_alu0/aclk
                         FDRE                                         r  u_fu_alu0/ex_src0_reg[31]/C
                         clock pessimism              0.000    11.859    
                         clock uncertainty           -0.035    11.823    
                         FDRE (Setup_fdre_C_D)        0.029    11.852    u_fu_alu0/ex_src0_reg[31]
  -------------------------------------------------------------------
                         required time                         11.852    
                         arrival time                          -8.766    
  -------------------------------------------------------------------
                         slack                                  3.086    

Slack (MET) :             3.086ns  (required time - arrival time)
  Source:                 mem_dc_fast_robid_r_reg[0]/C
                            (rising edge-triggered cell FDRE clocked by cpu_clk  {rise@0.000ns fall@5.556ns period=11.111ns})
  Destination:            u_fu_alu0/ex_src1_reg[0]/D
                            (rising edge-triggered cell FDRE clocked by cpu_clk  {rise@0.000ns fall@5.556ns period=11.111ns})
  Path Group:             cpu_clk
  Path Type:              Setup (Max at Slow Process Corner)
  Requirement:            11.111ns  (cpu_clk rise@11.111ns - cpu_clk rise@0.000ns)
  Data Path Delay:        7.979ns  (logic 1.785ns (22.371%)  route 6.194ns (77.629%))
  Logic Levels:           12  (LUT2=1 LUT3=1 LUT4=1 LUT5=4 LUT6=5)
  Clock Path Skew:        -0.039ns (DCD - SCD + CPR)
    Destination Clock Delay (DCD):    0.748ns = ( 11.859 - 11.111 ) 
    Source Clock Delay      (SCD):    0.787ns
    Clock Pessimism Removal (CPR):    0.000ns
  Clock Uncertainty:      0.035ns  ((TSJ^2 + TIJ^2)^1/2 + DJ) / 2 + PE
    Total System Jitter     (TSJ):    0.071ns
    Total Input Jitter      (TIJ):    0.000ns
    Discrete Jitter          (DJ):    0.000ns
    Phase Error              (PE):    0.000ns

    Location             Delay type                Incr(ns)  Path(ns)    Netlist Resource(s)
  -------------------------------------------------------------------    -------------------
                         (clock cpu_clk rise edge)    0.000     0.000 r  
                                                      0.000     0.000 r  aclk (IN)
                         net (fo=34009, unset)        0.787     0.787    aclk
                         FDRE                                         r  mem_dc_fast_robid_r_reg[0]/C
  -------------------------------------------------------------------    -------------------
                         FDRE (Prop_fdre_C_Q)         0.379     1.166 r  mem_dc_fast_robid_r_reg[0]/Q
                         net (fo=1, unplaced)         0.362     1.528    u_lsu/ex_src0[31]_i_14[0]
                         LUT3 (Prop_lut3_I1_O)        0.232     1.760 r  u_lsu/ex_src0[31]_i_21__0/O
                         net (fo=25, unplaced)        0.647     2.407    u_lsu/mem_fast_safe_robid[0]
                         LUT6 (Prop_lut6_I0_O)        0.105     2.512 r  u_lsu/ex_src0[31]_i_21/O
                         net (fo=1, unplaced)         0.347     2.859    u_lsu/ex_src0[31]_i_21_n_0
                         LUT6 (Prop_lut6_I2_O)        0.105     2.964 f  u_lsu/ex_src0[31]_i_17/O
                         net (fo=2, unplaced)         0.593     3.557    u_rs_alu0/prior[3][1]_i_10_0
                         LUT5 (Prop_lut5_I1_O)        0.124     3.681 f  u_rs_alu0/robid_reg_0_3_0_4_i_54/O
                         net (fo=4, unplaced)         0.371     4.052    u_rs_alu0/robid_reg_0_3_0_4_i_54_n_0
                         LUT2 (Prop_lut2_I1_O)        0.105     4.157 r  u_rs_alu0/prior[3][1]_i_10/O
                         net (fo=5, unplaced)         0.610     4.767    u_rs_alu0/prior[3][1]_i_10_n_0
                         LUT6 (Prop_lut6_I0_O)        0.105     4.872 r  u_rs_alu0/robid_reg_0_3_0_4_i_26/O
                         net (fo=3, unplaced)         0.365     5.237    u_rs_alu0/robid_reg_0_3_0_4_i_26_n_0
                         LUT4 (Prop_lut4_I3_O)        0.105     5.342 r  u_rs_alu0/prior[3][1]_i_6/O
                         net (fo=2, unplaced)         0.793     6.135    u_rs_alu0/prior[3][1]_i_6_n_0
                         LUT6 (Prop_lut6_I0_O)        0.105     6.240 r  u_rs_alu0/robid_reg_0_3_0_4_i_12/O
                         net (fo=8, unplaced)         0.366     6.606    u_rs_alu0/robid_reg_0_3_0_4_i_12_n_0
                         LUT5 (Prop_lut5_I3_O)        0.105     6.711 f  u_rs_alu0/s0_val[2][31]_i_4__0/O
                         net (fo=140, unplaced)       1.046     7.757    u_fu_alu0/ex_src1_reg[3]_0
                         LUT6 (Prop_lut6_I4_O)        0.105     7.862 r  u_fu_alu0/ex_src1[0]_i_5/O
                         net (fo=1, unplaced)         0.347     8.209    u_fu_alu0/ex_src1[0]_i_5_n_0
                         LUT5 (Prop_lut5_I4_O)        0.105     8.314 r  u_fu_alu0/ex_src1[0]_i_3/O
                         net (fo=1, unplaced)         0.347     8.661    u_rs_alu0/ex_src1_reg[0]
                         LUT5 (Prop_lut5_I4_O)        0.105     8.766 r  u_rs_alu0/ex_src1[0]_i_1/O
                         net (fo=1, unplaced)         0.000     8.766    u_fu_alu0/issue_src1_i[0]
                         FDRE                                         r  u_fu_alu0/ex_src1_reg[0]/D
  -------------------------------------------------------------------    -------------------

                         (clock cpu_clk rise edge)   11.111    11.111 r  
                                                      0.000    11.111 r  aclk (IN)
                         net (fo=34009, unset)        0.748    11.859    u_fu_alu0/aclk
                         FDRE                                         r  u_fu_alu0/ex_src1_reg[0]/C
                         clock pessimism              0.000    11.859    
                         clock uncertainty           -0.035    11.823    
                         FDRE (Setup_fdre_C_D)        0.029    11.852    u_fu_alu0/ex_src1_reg[0]
  -------------------------------------------------------------------
                         required time                         11.852    
                         arrival time                          -8.766    
  -------------------------------------------------------------------
                         slack                                  3.086    

Slack (MET) :             3.086ns  (required time - arrival time)
  Source:                 mem_dc_fast_robid_r_reg[0]/C
                            (rising edge-triggered cell FDRE clocked by cpu_clk  {rise@0.000ns fall@5.556ns period=11.111ns})
  Destination:            u_fu_alu0/ex_src1_reg[20]/D
                            (rising edge-triggered cell FDRE clocked by cpu_clk  {rise@0.000ns fall@5.556ns period=11.111ns})
  Path Group:             cpu_clk
  Path Type:              Setup (Max at Slow Process Corner)
  Requirement:            11.111ns  (cpu_clk rise@11.111ns - cpu_clk rise@0.000ns)
  Data Path Delay:        7.979ns  (logic 1.785ns (22.371%)  route 6.194ns (77.629%))
  Logic Levels:           12  (LUT2=1 LUT3=1 LUT4=2 LUT5=3 LUT6=5)
  Clock Path Skew:        -0.039ns (DCD - SCD + CPR)
    Destination Clock Delay (DCD):    0.748ns = ( 11.859 - 11.111 ) 
    Source Clock Delay      (SCD):    0.787ns
    Clock Pessimism Removal (CPR):    0.000ns
  Clock Uncertainty:      0.035ns  ((TSJ^2 + TIJ^2)^1/2 + DJ) / 2 + PE
    Total System Jitter     (TSJ):    0.071ns
    Total Input Jitter      (TIJ):    0.000ns
    Discrete Jitter          (DJ):    0.000ns
    Phase Error              (PE):    0.000ns

    Location             Delay type                Incr(ns)  Path(ns)    Netlist Resource(s)
  -------------------------------------------------------------------    -------------------
                         (clock cpu_clk rise edge)    0.000     0.000 r  
                                                      0.000     0.000 r  aclk (IN)
                         net (fo=34009, unset)        0.787     0.787    aclk
                         FDRE                                         r  mem_dc_fast_robid_r_reg[0]/C
  -------------------------------------------------------------------    -------------------
                         FDRE (Prop_fdre_C_Q)         0.379     1.166 r  mem_dc_fast_robid_r_reg[0]/Q
                         net (fo=1, unplaced)         0.362     1.528    u_lsu/ex_src0[31]_i_14[0]
                         LUT3 (Prop_lut3_I1_O)        0.232     1.760 r  u_lsu/ex_src0[31]_i_21__0/O
                         net (fo=25, unplaced)        0.647     2.407    u_lsu/mem_fast_safe_robid[0]
                         LUT6 (Prop_lut6_I0_O)        0.105     2.512 r  u_lsu/ex_src0[31]_i_21/O
                         net (fo=1, unplaced)         0.347     2.859    u_lsu/ex_src0[31]_i_21_n_0
                         LUT6 (Prop_lut6_I2_O)        0.105     2.964 f  u_lsu/ex_src0[31]_i_17/O
                         net (fo=2, unplaced)         0.593     3.557    u_rs_alu0/prior[3][1]_i_10_0
                         LUT5 (Prop_lut5_I1_O)        0.124     3.681 f  u_rs_alu0/robid_reg_0_3_0_4_i_54/O
                         net (fo=4, unplaced)         0.371     4.052    u_rs_alu0/robid_reg_0_3_0_4_i_54_n_0
                         LUT2 (Prop_lut2_I1_O)        0.105     4.157 r  u_rs_alu0/prior[3][1]_i_10/O
                         net (fo=5, unplaced)         0.610     4.767    u_rs_alu0/prior[3][1]_i_10_n_0
                         LUT6 (Prop_lut6_I0_O)        0.105     4.872 r  u_rs_alu0/robid_reg_0_3_0_4_i_26/O
                         net (fo=3, unplaced)         0.365     5.237    u_rs_alu0/robid_reg_0_3_0_4_i_26_n_0
                         LUT4 (Prop_lut4_I3_O)        0.105     5.342 r  u_rs_alu0/prior[3][1]_i_6/O
                         net (fo=2, unplaced)         0.793     6.135    u_rs_alu0/prior[3][1]_i_6_n_0
                         LUT6 (Prop_lut6_I0_O)        0.105     6.240 r  u_rs_alu0/robid_reg_0_3_0_4_i_12/O
                         net (fo=8, unplaced)         0.366     6.606    u_rs_alu0/robid_reg_0_3_0_4_i_12_n_0
                         LUT4 (Prop_lut4_I2_O)        0.105     6.711 f  u_rs_alu0/s0_val[3][31]_i_4__0/O
                         net (fo=140, unplaced)       1.046     7.757    u_fu_alu0/ex_src1_reg[9]_0
                         LUT6 (Prop_lut6_I3_O)        0.105     7.862 r  u_fu_alu0/ex_src1[20]_i_5/O
                         net (fo=1, unplaced)         0.347     8.209    u_fu_alu0/ex_src1[20]_i_5_n_0
                         LUT5 (Prop_lut5_I4_O)        0.105     8.314 r  u_fu_alu0/ex_src1[20]_i_3/O
                         net (fo=1, unplaced)         0.347     8.661    u_rs_alu0/ex_src1_reg[20]
                         LUT5 (Prop_lut5_I4_O)        0.105     8.766 r  u_rs_alu0/ex_src1[20]_i_1/O
                         net (fo=1, unplaced)         0.000     8.766    u_fu_alu0/issue_src1_i[20]
                         FDRE                                         r  u_fu_alu0/ex_src1_reg[20]/D
  -------------------------------------------------------------------    -------------------

                         (clock cpu_clk rise edge)   11.111    11.111 r  
                                                      0.000    11.111 r  aclk (IN)
                         net (fo=34009, unset)        0.748    11.859    u_fu_alu0/aclk
                         FDRE                                         r  u_fu_alu0/ex_src1_reg[20]/C
                         clock pessimism              0.000    11.859    
                         clock uncertainty           -0.035    11.823    
                         FDRE (Setup_fdre_C_D)        0.029    11.852    u_fu_alu0/ex_src1_reg[20]
  -------------------------------------------------------------------
                         required time                         11.852    
                         arrival time                          -8.766    
  -------------------------------------------------------------------
                         slack                                  3.086    

Slack (MET) :             3.086ns  (required time - arrival time)
  Source:                 mem_dc_fast_robid_r_reg[0]/C
                            (rising edge-triggered cell FDRE clocked by cpu_clk  {rise@0.000ns fall@5.556ns period=11.111ns})
  Destination:            u_fu_alu0/ex_src1_reg[21]/D
                            (rising edge-triggered cell FDRE clocked by cpu_clk  {rise@0.000ns fall@5.556ns period=11.111ns})
  Path Group:             cpu_clk
  Path Type:              Setup (Max at Slow Process Corner)
  Requirement:            11.111ns  (cpu_clk rise@11.111ns - cpu_clk rise@0.000ns)
  Data Path Delay:        7.979ns  (logic 1.785ns (22.371%)  route 6.194ns (77.629%))
  Logic Levels:           12  (LUT2=1 LUT3=1 LUT4=1 LUT5=4 LUT6=5)
  Clock Path Skew:        -0.039ns (DCD - SCD + CPR)
    Destination Clock Delay (DCD):    0.748ns = ( 11.859 - 11.111 ) 
    Source Clock Delay      (SCD):    0.787ns
    Clock Pessimism Removal (CPR):    0.000ns
  Clock Uncertainty:      0.035ns  ((TSJ^2 + TIJ^2)^1/2 + DJ) / 2 + PE
    Total System Jitter     (TSJ):    0.071ns
    Total Input Jitter      (TIJ):    0.000ns
    Discrete Jitter          (DJ):    0.000ns
    Phase Error              (PE):    0.000ns

    Location             Delay type                Incr(ns)  Path(ns)    Netlist Resource(s)
  -------------------------------------------------------------------    -------------------
                         (clock cpu_clk rise edge)    0.000     0.000 r  
                                                      0.000     0.000 r  aclk (IN)
                         net (fo=34009, unset)        0.787     0.787    aclk
                         FDRE                                         r  mem_dc_fast_robid_r_reg[0]/C
  -------------------------------------------------------------------    -------------------
                         FDRE (Prop_fdre_C_Q)         0.379     1.166 r  mem_dc_fast_robid_r_reg[0]/Q
                         net (fo=1, unplaced)         0.362     1.528    u_lsu/ex_src0[31]_i_14[0]
                         LUT3 (Prop_lut3_I1_O)        0.232     1.760 r  u_lsu/ex_src0[31]_i_21__0/O
                         net (fo=25, unplaced)        0.647     2.407    u_lsu/mem_fast_safe_robid[0]
                         LUT6 (Prop_lut6_I0_O)        0.105     2.512 r  u_lsu/ex_src0[31]_i_21/O
                         net (fo=1, unplaced)         0.347     2.859    u_lsu/ex_src0[31]_i_21_n_0
                         LUT6 (Prop_lut6_I2_O)        0.105     2.964 f  u_lsu/ex_src0[31]_i_17/O
                         net (fo=2, unplaced)         0.593     3.557    u_rs_alu0/prior[3][1]_i_10_0
                         LUT5 (Prop_lut5_I1_O)        0.124     3.681 f  u_rs_alu0/robid_reg_0_3_0_4_i_54/O
                         net (fo=4, unplaced)         0.371     4.052    u_rs_alu0/robid_reg_0_3_0_4_i_54_n_0
                         LUT2 (Prop_lut2_I1_O)        0.105     4.157 r  u_rs_alu0/prior[3][1]_i_10/O
                         net (fo=5, unplaced)         0.610     4.767    u_rs_alu0/prior[3][1]_i_10_n_0
                         LUT6 (Prop_lut6_I0_O)        0.105     4.872 r  u_rs_alu0/robid_reg_0_3_0_4_i_26/O
                         net (fo=3, unplaced)         0.365     5.237    u_rs_alu0/robid_reg_0_3_0_4_i_26_n_0
                         LUT4 (Prop_lut4_I3_O)        0.105     5.342 r  u_rs_alu0/prior[3][1]_i_6/O
                         net (fo=2, unplaced)         0.793     6.135    u_rs_alu0/prior[3][1]_i_6_n_0
                         LUT6 (Prop_lut6_I0_O)        0.105     6.240 r  u_rs_alu0/robid_reg_0_3_0_4_i_12/O
                         net (fo=8, unplaced)         0.366     6.606    u_rs_alu0/robid_reg_0_3_0_4_i_12_n_0
                         LUT5 (Prop_lut5_I3_O)        0.105     6.711 f  u_rs_alu0/s0_val[2][31]_i_4__0/O
                         net (fo=140, unplaced)       1.046     7.757    u_fu_alu0/ex_src1_reg[3]_0
                         LUT6 (Prop_lut6_I3_O)        0.105     7.862 r  u_fu_alu0/ex_src1[21]_i_5/O
                         net (fo=1, unplaced)         0.347     8.209    u_fu_alu0/ex_src1[21]_i_5_n_0
                         LUT5 (Prop_lut5_I4_O)        0.105     8.314 r  u_fu_alu0/ex_src1[21]_i_3/O
                         net (fo=1, unplaced)         0.347     8.661    u_rs_alu0/ex_src1_reg[21]
                         LUT5 (Prop_lut5_I4_O)        0.105     8.766 r  u_rs_alu0/ex_src1[21]_i_1/O
                         net (fo=1, unplaced)         0.000     8.766    u_fu_alu0/issue_src1_i[21]
                         FDRE                                         r  u_fu_alu0/ex_src1_reg[21]/D
  -------------------------------------------------------------------    -------------------

                         (clock cpu_clk rise edge)   11.111    11.111 r  
                                                      0.000    11.111 r  aclk (IN)
                         net (fo=34009, unset)        0.748    11.859    u_fu_alu0/aclk
                         FDRE                                         r  u_fu_alu0/ex_src1_reg[21]/C
                         clock pessimism              0.000    11.859    
                         clock uncertainty           -0.035    11.823    
                         FDRE (Setup_fdre_C_D)        0.029    11.852    u_fu_alu0/ex_src1_reg[21]
  -------------------------------------------------------------------
                         required time                         11.852    
                         arrival time                          -8.766    
  -------------------------------------------------------------------
                         slack                                  3.086    

Slack (MET) :             3.086ns  (required time - arrival time)
  Source:                 mem_dc_fast_robid_r_reg[0]/C
                            (rising edge-triggered cell FDRE clocked by cpu_clk  {rise@0.000ns fall@5.556ns period=11.111ns})
  Destination:            u_fu_alu0/ex_src1_reg[22]/D
                            (rising edge-triggered cell FDRE clocked by cpu_clk  {rise@0.000ns fall@5.556ns period=11.111ns})
  Path Group:             cpu_clk
  Path Type:              Setup (Max at Slow Process Corner)
  Requirement:            11.111ns  (cpu_clk rise@11.111ns - cpu_clk rise@0.000ns)
  Data Path Delay:        7.979ns  (logic 1.785ns (22.371%)  route 6.194ns (77.629%))
  Logic Levels:           12  (LUT2=1 LUT3=1 LUT4=1 LUT5=4 LUT6=5)
  Clock Path Skew:        -0.039ns (DCD - SCD + CPR)
    Destination Clock Delay (DCD):    0.748ns = ( 11.859 - 11.111 ) 
    Source Clock Delay      (SCD):    0.787ns
    Clock Pessimism Removal (CPR):    0.000ns
  Clock Uncertainty:      0.035ns  ((TSJ^2 + TIJ^2)^1/2 + DJ) / 2 + PE
    Total System Jitter     (TSJ):    0.071ns
    Total Input Jitter      (TIJ):    0.000ns
    Discrete Jitter          (DJ):    0.000ns
    Phase Error              (PE):    0.000ns

    Location             Delay type                Incr(ns)  Path(ns)    Netlist Resource(s)
  -------------------------------------------------------------------    -------------------
                         (clock cpu_clk rise edge)    0.000     0.000 r  
                                                      0.000     0.000 r  aclk (IN)
                         net (fo=34009, unset)        0.787     0.787    aclk
                         FDRE                                         r  mem_dc_fast_robid_r_reg[0]/C
  -------------------------------------------------------------------    -------------------
                         FDRE (Prop_fdre_C_Q)         0.379     1.166 r  mem_dc_fast_robid_r_reg[0]/Q
                         net (fo=1, unplaced)         0.362     1.528    u_lsu/ex_src0[31]_i_14[0]
                         LUT3 (Prop_lut3_I1_O)        0.232     1.760 r  u_lsu/ex_src0[31]_i_21__0/O
                         net (fo=25, unplaced)        0.647     2.407    u_lsu/mem_fast_safe_robid[0]
                         LUT6 (Prop_lut6_I0_O)        0.105     2.512 r  u_lsu/ex_src0[31]_i_21/O
                         net (fo=1, unplaced)         0.347     2.859    u_lsu/ex_src0[31]_i_21_n_0
                         LUT6 (Prop_lut6_I2_O)        0.105     2.964 f  u_lsu/ex_src0[31]_i_17/O
                         net (fo=2, unplaced)         0.593     3.557    u_rs_alu0/prior[3][1]_i_10_0
                         LUT5 (Prop_lut5_I1_O)        0.124     3.681 f  u_rs_alu0/robid_reg_0_3_0_4_i_54/O
                         net (fo=4, unplaced)         0.371     4.052    u_rs_alu0/robid_reg_0_3_0_4_i_54_n_0
                         LUT2 (Prop_lut2_I1_O)        0.105     4.157 r  u_rs_alu0/prior[3][1]_i_10/O
                         net (fo=5, unplaced)         0.610     4.767    u_rs_alu0/prior[3][1]_i_10_n_0
                         LUT6 (Prop_lut6_I0_O)        0.105     4.872 r  u_rs_alu0/robid_reg_0_3_0_4_i_26/O
                         net (fo=3, unplaced)         0.365     5.237    u_rs_alu0/robid_reg_0_3_0_4_i_26_n_0
                         LUT4 (Prop_lut4_I3_O)        0.105     5.342 r  u_rs_alu0/prior[3][1]_i_6/O
                         net (fo=2, unplaced)         0.793     6.135    u_rs_alu0/prior[3][1]_i_6_n_0
                         LUT6 (Prop_lut6_I0_O)        0.105     6.240 r  u_rs_alu0/robid_reg_0_3_0_4_i_12/O
                         net (fo=8, unplaced)         0.366     6.606    u_rs_alu0/robid_reg_0_3_0_4_i_12_n_0
                         LUT5 (Prop_lut5_I3_O)        0.105     6.711 f  u_rs_alu0/s0_val[2][31]_i_4__0/O
                         net (fo=140, unplaced)       1.046     7.757    u_fu_alu0/ex_src1_reg[3]_0
                         LUT6 (Prop_lut6_I4_O)        0.105     7.862 r  u_fu_alu0/ex_src1[22]_i_5/O
                         net (fo=1, unplaced)         0.347     8.209    u_fu_alu0/ex_src1[22]_i_5_n_0
                         LUT5 (Prop_lut5_I4_O)        0.105     8.314 r  u_fu_alu0/ex_src1[22]_i_3/O
                         net (fo=1, unplaced)         0.347     8.661    u_rs_alu0/ex_src1_reg[22]
                         LUT5 (Prop_lut5_I4_O)        0.105     8.766 r  u_rs_alu0/ex_src1[22]_i_1/O
                         net (fo=1, unplaced)         0.000     8.766    u_fu_alu0/issue_src1_i[22]
                         FDRE                                         r  u_fu_alu0/ex_src1_reg[22]/D
  -------------------------------------------------------------------    -------------------

                         (clock cpu_clk rise edge)   11.111    11.111 r  
                                                      0.000    11.111 r  aclk (IN)
                         net (fo=34009, unset)        0.748    11.859    u_fu_alu0/aclk
                         FDRE                                         r  u_fu_alu0/ex_src1_reg[22]/C
                         clock pessimism              0.000    11.859    
                         clock uncertainty           -0.035    11.823    
                         FDRE (Setup_fdre_C_D)        0.029    11.852    u_fu_alu0/ex_src1_reg[22]
  -------------------------------------------------------------------
                         required time                         11.852    
                         arrival time                          -8.766    
  -------------------------------------------------------------------
                         slack                                  3.086    

Slack (MET) :             3.086ns  (required time - arrival time)
  Source:                 mem_dc_fast_robid_r_reg[0]/C
                            (rising edge-triggered cell FDRE clocked by cpu_clk  {rise@0.000ns fall@5.556ns period=11.111ns})
  Destination:            u_fu_alu0/ex_src1_reg[23]/D
                            (rising edge-triggered cell FDRE clocked by cpu_clk  {rise@0.000ns fall@5.556ns period=11.111ns})
  Path Group:             cpu_clk
  Path Type:              Setup (Max at Slow Process Corner)
  Requirement:            11.111ns  (cpu_clk rise@11.111ns - cpu_clk rise@0.000ns)
  Data Path Delay:        7.979ns  (logic 1.785ns (22.371%)  route 6.194ns (77.629%))
  Logic Levels:           12  (LUT2=1 LUT3=1 LUT4=1 LUT5=4 LUT6=5)
  Clock Path Skew:        -0.039ns (DCD - SCD + CPR)
    Destination Clock Delay (DCD):    0.748ns = ( 11.859 - 11.111 ) 
    Source Clock Delay      (SCD):    0.787ns
    Clock Pessimism Removal (CPR):    0.000ns
  Clock Uncertainty:      0.035ns  ((TSJ^2 + TIJ^2)^1/2 + DJ) / 2 + PE
    Total System Jitter     (TSJ):    0.071ns
    Total Input Jitter      (TIJ):    0.000ns
    Discrete Jitter          (DJ):    0.000ns
    Phase Error              (PE):    0.000ns

    Location             Delay type                Incr(ns)  Path(ns)    Netlist Resource(s)
  -------------------------------------------------------------------    -------------------
                         (clock cpu_clk rise edge)    0.000     0.000 r  
                                                      0.000     0.000 r  aclk (IN)
                         net (fo=34009, unset)        0.787     0.787    aclk
                         FDRE                                         r  mem_dc_fast_robid_r_reg[0]/C
  -------------------------------------------------------------------    -------------------
                         FDRE (Prop_fdre_C_Q)         0.379     1.166 r  mem_dc_fast_robid_r_reg[0]/Q
                         net (fo=1, unplaced)         0.362     1.528    u_lsu/ex_src0[31]_i_14[0]
                         LUT3 (Prop_lut3_I1_O)        0.232     1.760 r  u_lsu/ex_src0[31]_i_21__0/O
                         net (fo=25, unplaced)        0.647     2.407    u_lsu/mem_fast_safe_robid[0]
                         LUT6 (Prop_lut6_I0_O)        0.105     2.512 r  u_lsu/ex_src0[31]_i_21/O
                         net (fo=1, unplaced)         0.347     2.859    u_lsu/ex_src0[31]_i_21_n_0
                         LUT6 (Prop_lut6_I2_O)        0.105     2.964 f  u_lsu/ex_src0[31]_i_17/O
                         net (fo=2, unplaced)         0.593     3.557    u_rs_alu0/prior[3][1]_i_10_0
                         LUT5 (Prop_lut5_I1_O)        0.124     3.681 f  u_rs_alu0/robid_reg_0_3_0_4_i_54/O
                         net (fo=4, unplaced)         0.371     4.052    u_rs_alu0/robid_reg_0_3_0_4_i_54_n_0
                         LUT2 (Prop_lut2_I1_O)        0.105     4.157 r  u_rs_alu0/prior[3][1]_i_10/O
                         net (fo=5, unplaced)         0.610     4.767    u_rs_alu0/prior[3][1]_i_10_n_0
                         LUT6 (Prop_lut6_I0_O)        0.105     4.872 r  u_rs_alu0/robid_reg_0_3_0_4_i_26/O
                         net (fo=3, unplaced)         0.365     5.237    u_rs_alu0/robid_reg_0_3_0_4_i_26_n_0
                         LUT4 (Prop_lut4_I3_O)        0.105     5.342 r  u_rs_alu0/prior[3][1]_i_6/O
                         net (fo=2, unplaced)         0.793     6.135    u_rs_alu0/prior[3][1]_i_6_n_0
                         LUT6 (Prop_lut6_I0_O)        0.105     6.240 r  u_rs_alu0/robid_reg_0_3_0_4_i_12/O
                         net (fo=8, unplaced)         0.366     6.606    u_rs_alu0/robid_reg_0_3_0_4_i_12_n_0
                         LUT5 (Prop_lut5_I3_O)        0.105     6.711 f  u_rs_alu0/s0_val[2][31]_i_4__0/O
                         net (fo=140, unplaced)       1.046     7.757    u_fu_alu0/ex_src1_reg[3]_0
                         LUT6 (Prop_lut6_I3_O)        0.105     7.862 r  u_fu_alu0/ex_src1[23]_i_5/O
                         net (fo=1, unplaced)         0.347     8.209    u_fu_alu0/ex_src1[23]_i_5_n_0
                         LUT5 (Prop_lut5_I4_O)        0.105     8.314 r  u_fu_alu0/ex_src1[23]_i_3/O
                         net (fo=1, unplaced)         0.347     8.661    u_rs_alu0/ex_src1_reg[23]
                         LUT5 (Prop_lut5_I4_O)        0.105     8.766 r  u_rs_alu0/ex_src1[23]_i_1/O
                         net (fo=1, unplaced)         0.000     8.766    u_fu_alu0/issue_src1_i[23]
                         FDRE                                         r  u_fu_alu0/ex_src1_reg[23]/D
  -------------------------------------------------------------------    -------------------

                         (clock cpu_clk rise edge)   11.111    11.111 r  
                                                      0.000    11.111 r  aclk (IN)
                         net (fo=34009, unset)        0.748    11.859    u_fu_alu0/aclk
                         FDRE                                         r  u_fu_alu0/ex_src1_reg[23]/C
                         clock pessimism              0.000    11.859    
                         clock uncertainty           -0.035    11.823    
                         FDRE (Setup_fdre_C_D)        0.029    11.852    u_fu_alu0/ex_src1_reg[23]
  -------------------------------------------------------------------
                         required time                         11.852    
                         arrival time                          -8.766    
  -------------------------------------------------------------------
                         slack                                  3.086    

Slack (MET) :             3.086ns  (required time - arrival time)
  Source:                 mem_dc_fast_robid_r_reg[0]/C
                            (rising edge-triggered cell FDRE clocked by cpu_clk  {rise@0.000ns fall@5.556ns period=11.111ns})
  Destination:            u_fu_alu0/ex_src1_reg[24]/D
                            (rising edge-triggered cell FDRE clocked by cpu_clk  {rise@0.000ns fall@5.556ns period=11.111ns})
  Path Group:             cpu_clk
  Path Type:              Setup (Max at Slow Process Corner)
  Requirement:            11.111ns  (cpu_clk rise@11.111ns - cpu_clk rise@0.000ns)
  Data Path Delay:        7.979ns  (logic 1.785ns (22.371%)  route 6.194ns (77.629%))
  Logic Levels:           12  (LUT2=1 LUT3=1 LUT4=1 LUT5=4 LUT6=5)
  Clock Path Skew:        -0.039ns (DCD - SCD + CPR)
    Destination Clock Delay (DCD):    0.748ns = ( 11.859 - 11.111 ) 
    Source Clock Delay      (SCD):    0.787ns
    Clock Pessimism Removal (CPR):    0.000ns
  Clock Uncertainty:      0.035ns  ((TSJ^2 + TIJ^2)^1/2 + DJ) / 2 + PE
    Total System Jitter     (TSJ):    0.071ns
    Total Input Jitter      (TIJ):    0.000ns
    Discrete Jitter          (DJ):    0.000ns
    Phase Error              (PE):    0.000ns

    Location             Delay type                Incr(ns)  Path(ns)    Netlist Resource(s)
  -------------------------------------------------------------------    -------------------
                         (clock cpu_clk rise edge)    0.000     0.000 r  
                                                      0.000     0.000 r  aclk (IN)
                         net (fo=34009, unset)        0.787     0.787    aclk
                         FDRE                                         r  mem_dc_fast_robid_r_reg[0]/C
  -------------------------------------------------------------------    -------------------
                         FDRE (Prop_fdre_C_Q)         0.379     1.166 r  mem_dc_fast_robid_r_reg[0]/Q
                         net (fo=1, unplaced)         0.362     1.528    u_lsu/ex_src0[31]_i_14[0]
                         LUT3 (Prop_lut3_I1_O)        0.232     1.760 r  u_lsu/ex_src0[31]_i_21__0/O
                         net (fo=25, unplaced)        0.647     2.407    u_lsu/mem_fast_safe_robid[0]
                         LUT6 (Prop_lut6_I0_O)        0.105     2.512 r  u_lsu/ex_src0[31]_i_21/O
                         net (fo=1, unplaced)         0.347     2.859    u_lsu/ex_src0[31]_i_21_n_0
                         LUT6 (Prop_lut6_I2_O)        0.105     2.964 f  u_lsu/ex_src0[31]_i_17/O
                         net (fo=2, unplaced)         0.593     3.557    u_rs_alu0/prior[3][1]_i_10_0
                         LUT5 (Prop_lut5_I1_O)        0.124     3.681 f  u_rs_alu0/robid_reg_0_3_0_4_i_54/O
                         net (fo=4, unplaced)         0.371     4.052    u_rs_alu0/robid_reg_0_3_0_4_i_54_n_0
                         LUT2 (Prop_lut2_I1_O)        0.105     4.157 r  u_rs_alu0/prior[3][1]_i_10/O
                         net (fo=5, unplaced)         0.610     4.767    u_rs_alu0/prior[3][1]_i_10_n_0
                         LUT6 (Prop_lut6_I0_O)        0.105     4.872 r  u_rs_alu0/robid_reg_0_3_0_4_i_26/O
                         net (fo=3, unplaced)         0.365     5.237    u_rs_alu0/robid_reg_0_3_0_4_i_26_n_0
                         LUT4 (Prop_lut4_I3_O)        0.105     5.342 r  u_rs_alu0/prior[3][1]_i_6/O
                         net (fo=2, unplaced)         0.793     6.135    u_rs_alu0/prior[3][1]_i_6_n_0
                         LUT6 (Prop_lut6_I0_O)        0.105     6.240 r  u_rs_alu0/robid_reg_0_3_0_4_i_12/O
                         net (fo=8, unplaced)         0.366     6.606    u_rs_alu0/robid_reg_0_3_0_4_i_12_n_0
                         LUT5 (Prop_lut5_I3_O)        0.105     6.711 f  u_rs_alu0/s0_val[2][31]_i_4__0/O
                         net (fo=140, unplaced)       1.046     7.757    u_fu_alu0/ex_src1_reg[3]_0
                         LUT6 (Prop_lut6_I4_O)        0.105     7.862 r  u_fu_alu0/ex_src1[24]_i_5/O
                         net (fo=1, unplaced)         0.347     8.209    u_fu_alu0/ex_src1[24]_i_5_n_0
                         LUT5 (Prop_lut5_I4_O)        0.105     8.314 r  u_fu_alu0/ex_src1[24]_i_3/O
                         net (fo=1, unplaced)         0.347     8.661    u_rs_alu0/ex_src1_reg[24]
                         LUT5 (Prop_lut5_I4_O)        0.105     8.766 r  u_rs_alu0/ex_src1[24]_i_1/O
                         net (fo=1, unplaced)         0.000     8.766    u_fu_alu0/issue_src1_i[24]
                         FDRE                                         r  u_fu_alu0/ex_src1_reg[24]/D
  -------------------------------------------------------------------    -------------------

                         (clock cpu_clk rise edge)   11.111    11.111 r  
                                                      0.000    11.111 r  aclk (IN)
                         net (fo=34009, unset)        0.748    11.859    u_fu_alu0/aclk
                         FDRE                                         r  u_fu_alu0/ex_src1_reg[24]/C
                         clock pessimism              0.000    11.859    
                         clock uncertainty           -0.035    11.823    
                         FDRE (Setup_fdre_C_D)        0.029    11.852    u_fu_alu0/ex_src1_reg[24]
  -------------------------------------------------------------------
                         required time                         11.852    
                         arrival time                          -8.766    
  -------------------------------------------------------------------
                         slack                                  3.086    

Slack (MET) :             3.086ns  (required time - arrival time)
  Source:                 mem_dc_fast_robid_r_reg[0]/C
                            (rising edge-triggered cell FDRE clocked by cpu_clk  {rise@0.000ns fall@5.556ns period=11.111ns})
  Destination:            u_fu_alu0/ex_src1_reg[25]/D
                            (rising edge-triggered cell FDRE clocked by cpu_clk  {rise@0.000ns fall@5.556ns period=11.111ns})
  Path Group:             cpu_clk
  Path Type:              Setup (Max at Slow Process Corner)
  Requirement:            11.111ns  (cpu_clk rise@11.111ns - cpu_clk rise@0.000ns)
  Data Path Delay:        7.979ns  (logic 1.785ns (22.371%)  route 6.194ns (77.629%))
  Logic Levels:           12  (LUT2=1 LUT3=1 LUT4=1 LUT5=4 LUT6=5)
  Clock Path Skew:        -0.039ns (DCD - SCD + CPR)
    Destination Clock Delay (DCD):    0.748ns = ( 11.859 - 11.111 ) 
    Source Clock Delay      (SCD):    0.787ns
    Clock Pessimism Removal (CPR):    0.000ns
  Clock Uncertainty:      0.035ns  ((TSJ^2 + TIJ^2)^1/2 + DJ) / 2 + PE
    Total System Jitter     (TSJ):    0.071ns
    Total Input Jitter      (TIJ):    0.000ns
    Discrete Jitter          (DJ):    0.000ns
    Phase Error              (PE):    0.000ns

    Location             Delay type                Incr(ns)  Path(ns)    Netlist Resource(s)
  -------------------------------------------------------------------    -------------------
                         (clock cpu_clk rise edge)    0.000     0.000 r  
                                                      0.000     0.000 r  aclk (IN)
                         net (fo=34009, unset)        0.787     0.787    aclk
                         FDRE                                         r  mem_dc_fast_robid_r_reg[0]/C
  -------------------------------------------------------------------    -------------------
                         FDRE (Prop_fdre_C_Q)         0.379     1.166 r  mem_dc_fast_robid_r_reg[0]/Q
                         net (fo=1, unplaced)         0.362     1.528    u_lsu/ex_src0[31]_i_14[0]
                         LUT3 (Prop_lut3_I1_O)        0.232     1.760 r  u_lsu/ex_src0[31]_i_21__0/O
                         net (fo=25, unplaced)        0.647     2.407    u_lsu/mem_fast_safe_robid[0]
                         LUT6 (Prop_lut6_I0_O)        0.105     2.512 r  u_lsu/ex_src0[31]_i_21/O
                         net (fo=1, unplaced)         0.347     2.859    u_lsu/ex_src0[31]_i_21_n_0
                         LUT6 (Prop_lut6_I2_O)        0.105     2.964 f  u_lsu/ex_src0[31]_i_17/O
                         net (fo=2, unplaced)         0.593     3.557    u_rs_alu0/prior[3][1]_i_10_0
                         LUT5 (Prop_lut5_I1_O)        0.124     3.681 f  u_rs_alu0/robid_reg_0_3_0_4_i_54/O
                         net (fo=4, unplaced)         0.371     4.052    u_rs_alu0/robid_reg_0_3_0_4_i_54_n_0
                         LUT2 (Prop_lut2_I1_O)        0.105     4.157 r  u_rs_alu0/prior[3][1]_i_10/O
                         net (fo=5, unplaced)         0.610     4.767    u_rs_alu0/prior[3][1]_i_10_n_0
                         LUT6 (Prop_lut6_I0_O)        0.105     4.872 r  u_rs_alu0/robid_reg_0_3_0_4_i_26/O
                         net (fo=3, unplaced)         0.365     5.237    u_rs_alu0/robid_reg_0_3_0_4_i_26_n_0
                         LUT4 (Prop_lut4_I3_O)        0.105     5.342 r  u_rs_alu0/prior[3][1]_i_6/O
                         net (fo=2, unplaced)         0.793     6.135    u_rs_alu0/prior[3][1]_i_6_n_0
                         LUT6 (Prop_lut6_I0_O)        0.105     6.240 r  u_rs_alu0/robid_reg_0_3_0_4_i_12/O
                         net (fo=8, unplaced)         0.366     6.606    u_rs_alu0/robid_reg_0_3_0_4_i_12_n_0
                         LUT5 (Prop_lut5_I3_O)        0.105     6.711 f  u_rs_alu0/s0_val[2][31]_i_4__0/O
                         net (fo=140, unplaced)       1.046     7.757    u_fu_alu0/ex_src1_reg[3]_0
                         LUT6 (Prop_lut6_I4_O)        0.105     7.862 r  u_fu_alu0/ex_src1[25]_i_5/O
                         net (fo=1, unplaced)         0.347     8.209    u_fu_alu0/ex_src1[25]_i_5_n_0
                         LUT5 (Prop_lut5_I4_O)        0.105     8.314 r  u_fu_alu0/ex_src1[25]_i_3/O
                         net (fo=1, unplaced)         0.347     8.661    u_rs_alu0/ex_src1_reg[25]
                         LUT5 (Prop_lut5_I4_O)        0.105     8.766 r  u_rs_alu0/ex_src1[25]_i_1/O
                         net (fo=1, unplaced)         0.000     8.766    u_fu_alu0/issue_src1_i[25]
                         FDRE                                         r  u_fu_alu0/ex_src1_reg[25]/D
  -------------------------------------------------------------------    -------------------

                         (clock cpu_clk rise edge)   11.111    11.111 r  
                                                      0.000    11.111 r  aclk (IN)
                         net (fo=34009, unset)        0.748    11.859    u_fu_alu0/aclk
                         FDRE                                         r  u_fu_alu0/ex_src1_reg[25]/C
                         clock pessimism              0.000    11.859    
                         clock uncertainty           -0.035    11.823    
                         FDRE (Setup_fdre_C_D)        0.029    11.852    u_fu_alu0/ex_src1_reg[25]
  -------------------------------------------------------------------
                         required time                         11.852    
                         arrival time                          -8.766    
  -------------------------------------------------------------------
                         slack                                  3.086    

Slack (MET) :             3.086ns  (required time - arrival time)
  Source:                 mem_dc_fast_robid_r_reg[0]/C
                            (rising edge-triggered cell FDRE clocked by cpu_clk  {rise@0.000ns fall@5.556ns period=11.111ns})
  Destination:            u_fu_alu0/ex_src1_reg[27]/D
                            (rising edge-triggered cell FDRE clocked by cpu_clk  {rise@0.000ns fall@5.556ns period=11.111ns})
  Path Group:             cpu_clk
  Path Type:              Setup (Max at Slow Process Corner)
  Requirement:            11.111ns  (cpu_clk rise@11.111ns - cpu_clk rise@0.000ns)
  Data Path Delay:        7.979ns  (logic 1.785ns (22.371%)  route 6.194ns (77.629%))
  Logic Levels:           12  (LUT2=1 LUT3=1 LUT4=2 LUT5=3 LUT6=5)
  Clock Path Skew:        -0.039ns (DCD - SCD + CPR)
    Destination Clock Delay (DCD):    0.748ns = ( 11.859 - 11.111 ) 
    Source Clock Delay      (SCD):    0.787ns
    Clock Pessimism Removal (CPR):    0.000ns
  Clock Uncertainty:      0.035ns  ((TSJ^2 + TIJ^2)^1/2 + DJ) / 2 + PE
    Total System Jitter     (TSJ):    0.071ns
    Total Input Jitter      (TIJ):    0.000ns
    Discrete Jitter          (DJ):    0.000ns
    Phase Error              (PE):    0.000ns

    Location             Delay type                Incr(ns)  Path(ns)    Netlist Resource(s)
  -------------------------------------------------------------------    -------------------
                         (clock cpu_clk rise edge)    0.000     0.000 r  
                                                      0.000     0.000 r  aclk (IN)
                         net (fo=34009, unset)        0.787     0.787    aclk
                         FDRE                                         r  mem_dc_fast_robid_r_reg[0]/C
  -------------------------------------------------------------------    -------------------
                         FDRE (Prop_fdre_C_Q)         0.379     1.166 r  mem_dc_fast_robid_r_reg[0]/Q
                         net (fo=1, unplaced)         0.362     1.528    u_lsu/ex_src0[31]_i_14[0]
                         LUT3 (Prop_lut3_I1_O)        0.232     1.760 r  u_lsu/ex_src0[31]_i_21__0/O
                         net (fo=25, unplaced)        0.647     2.407    u_lsu/mem_fast_safe_robid[0]
                         LUT6 (Prop_lut6_I0_O)        0.105     2.512 r  u_lsu/ex_src0[31]_i_21/O
                         net (fo=1, unplaced)         0.347     2.859    u_lsu/ex_src0[31]_i_21_n_0
                         LUT6 (Prop_lut6_I2_O)        0.105     2.964 f  u_lsu/ex_src0[31]_i_17/O
                         net (fo=2, unplaced)         0.593     3.557    u_rs_alu0/prior[3][1]_i_10_0
                         LUT5 (Prop_lut5_I1_O)        0.124     3.681 f  u_rs_alu0/robid_reg_0_3_0_4_i_54/O
                         net (fo=4, unplaced)         0.371     4.052    u_rs_alu0/robid_reg_0_3_0_4_i_54_n_0
                         LUT2 (Prop_lut2_I1_O)        0.105     4.157 r  u_rs_alu0/prior[3][1]_i_10/O
                         net (fo=5, unplaced)         0.610     4.767    u_rs_alu0/prior[3][1]_i_10_n_0
                         LUT6 (Prop_lut6_I0_O)        0.105     4.872 r  u_rs_alu0/robid_reg_0_3_0_4_i_26/O
                         net (fo=3, unplaced)         0.365     5.237    u_rs_alu0/robid_reg_0_3_0_4_i_26_n_0
                         LUT4 (Prop_lut4_I3_O)        0.105     5.342 r  u_rs_alu0/prior[3][1]_i_6/O
                         net (fo=2, unplaced)         0.793     6.135    u_rs_alu0/prior[3][1]_i_6_n_0
                         LUT6 (Prop_lut6_I0_O)        0.105     6.240 r  u_rs_alu0/robid_reg_0_3_0_4_i_12/O
                         net (fo=8, unplaced)         0.366     6.606    u_rs_alu0/robid_reg_0_3_0_4_i_12_n_0
                         LUT4 (Prop_lut4_I2_O)        0.105     6.711 f  u_rs_alu0/s0_val[3][31]_i_4__0/O
                         net (fo=140, unplaced)       1.046     7.757    u_fu_alu0/ex_src1_reg[9]_0
                         LUT6 (Prop_lut6_I3_O)        0.105     7.862 r  u_fu_alu0/ex_src1[27]_i_5/O
                         net (fo=1, unplaced)         0.347     8.209    u_fu_alu0/ex_src1[27]_i_5_n_0
                         LUT5 (Prop_lut5_I4_O)        0.105     8.314 r  u_fu_alu0/ex_src1[27]_i_3/O
                         net (fo=1, unplaced)         0.347     8.661    u_rs_alu0/ex_src1_reg[27]
                         LUT5 (Prop_lut5_I4_O)        0.105     8.766 r  u_rs_alu0/ex_src1[27]_i_1/O
                         net (fo=1, unplaced)         0.000     8.766    u_fu_alu0/issue_src1_i[27]
                         FDRE                                         r  u_fu_alu0/ex_src1_reg[27]/D
  -------------------------------------------------------------------    -------------------

                         (clock cpu_clk rise edge)   11.111    11.111 r  
                                                      0.000    11.111 r  aclk (IN)
                         net (fo=34009, unset)        0.748    11.859    u_fu_alu0/aclk
                         FDRE                                         r  u_fu_alu0/ex_src1_reg[27]/C
                         clock pessimism              0.000    11.859    
                         clock uncertainty           -0.035    11.823    
                         FDRE (Setup_fdre_C_D)        0.029    11.852    u_fu_alu0/ex_src1_reg[27]
  -------------------------------------------------------------------
                         required time                         11.852    
                         arrival time                          -8.766    
  -------------------------------------------------------------------
                         slack                                  3.086    




