Copyright 1986-2022 Xilinx, Inc. All Rights Reserved. Copyright 2022-2023 Advanced Micro Devices, Inc. All Rights Reserved.
------------------------------------------------------------------------------------------------------------------------------------------------------------
| Tool Version : Vivado v.2023.2 (win64) Build 4029153 Fri Oct 13 20:14:34 MDT 2023
| Date         : Fri Jul 31 21:59:32 2026
| Host         : LAPTOP-B16PUBOD running 64-bit major release  (build 9200)
| Command      : report_timing_summary -delay_type max -max_paths 100 -file D:/frontend/myCPU-0801_impl75_alltimingfix_exp/reports_90m_ooc/timing_synth.rpt
| Design       : core_top
| Device       : 7a200t-fbg676
| Speed File   : -2  PRODUCTION 1.23 2018-06-13
| Design State : Synthesized
------------------------------------------------------------------------------------------------------------------------------------------------------------

Timing Summary Report

------------------------------------------------------------------------------------------------
| Timer Settings
| --------------
------------------------------------------------------------------------------------------------

  Enable Multi Corner Analysis               :  Yes
  Enable Pessimism Removal                   :  Yes
  Pessimism Removal Resolution               :  Nearest Common Node
  Enable Input Delay Default Clock           :  No
  Enable Preset / Clear Arcs                 :  No
  Disable Flight Delays                      :  No
  Ignore I/O Paths                           :  No
  Timing Early Launch at Borrowing Latches   :  No
  Borrow Time for Max Delay Exceptions       :  Yes
  Merge Timing Exceptions                    :  Yes
  Inter-SLR Compensation                     :  Conservative

  Corner  Analyze    Analyze    
  Name    Max Paths  Min Paths  
  ------  ---------  ---------  
  Slow    Yes        Yes        
  Fast    Yes        Yes        


------------------------------------------------------------------------------------------------
| Report Methodology
| ------------------
------------------------------------------------------------------------------------------------

No report available as report_methodology has not been run prior. Run report_methodology on the current design for the summary of methodology violations.



check_timing report

Table of Contents
-----------------
1. checking no_clock (0)
2. checking constant_clock (0)
3. checking pulse_width_clock (0)
4. checking unconstrained_internal_endpoints (0)
5. checking no_input_delay (51)
6. checking no_output_delay (225)
7. checking multiple_clock (0)
8. checking generated_clocks (0)
9. checking loops (0)
10. checking partial_input_delay (0)
11. checking partial_output_delay (0)
12. checking latch_loops (0)

1. checking no_clock (0)
------------------------
 There are 0 register/latch pins with no clock.


2. checking constant_clock (0)
------------------------------
 There are 0 register/latch pins with constant_clock.


3. checking pulse_width_clock (0)
---------------------------------
 There are 0 register/latch pins which need pulse_width check


4. checking unconstrained_internal_endpoints (0)
------------------------------------------------
 There are 0 pins that are not constrained for maximum delay.

 There are 0 pins that are not constrained for maximum delay due to constant clock.


5. checking no_input_delay (51)
-------------------------------
 There are 51 input ports with no input delay specified. (HIGH)

 There are 0 input ports with no input delay but user has a false path constraint.


6. checking no_output_delay (225)
---------------------------------
 There are 225 ports with no output delay specified. (HIGH)

 There are 0 ports with no output delay but user has a false path constraint

 There are 0 ports with no output delay but with a timing clock defined on it or propagating through it


7. checking multiple_clock (0)
------------------------------
 There are 0 register/latch pins with multiple clocks.


8. checking generated_clocks (0)
--------------------------------
 There are 0 generated clocks that are not connected to a clock source.


9. checking loops (0)
---------------------
 There are 0 combinational loops in the design.


10. checking partial_input_delay (0)
------------------------------------
 There are 0 input ports with partial input delay specified.


11. checking partial_output_delay (0)
-------------------------------------
 There are 0 ports with partial output delay specified.


12. checking latch_loops (0)
----------------------------
 There are 0 combinational latch loops in the design through latch input



------------------------------------------------------------------------------------------------
| Design Timing Summary
| ---------------------
------------------------------------------------------------------------------------------------

    WNS(ns)      TNS(ns)  TNS Failing Endpoints  TNS Total Endpoints     WPWS(ns)     TPWS(ns)  TPWS Failing Endpoints  TPWS Total Endpoints  
    -------      -------  ---------------------  -------------------     --------     --------  ----------------------  --------------------  
      0.380        0.000                      0                90394        4.425        0.000                       0                 34008  


All user specified timing constraints are met.


------------------------------------------------------------------------------------------------
| Clock Summary
| -------------
------------------------------------------------------------------------------------------------

Clock    Waveform(ns)       Period(ns)      Frequency(MHz)
-----    ------------       ----------      --------------
cpu_clk  {0.000 5.556}      11.111          90.001          


------------------------------------------------------------------------------------------------
| Intra Clock Table
| -----------------
------------------------------------------------------------------------------------------------

Clock             WNS(ns)      TNS(ns)  TNS Failing Endpoints  TNS Total Endpoints     WPWS(ns)     TPWS(ns)  TPWS Failing Endpoints  TPWS Total Endpoints  
-----             -------      -------  ---------------------  -------------------     --------     --------  ----------------------  --------------------  
cpu_clk             0.380        0.000                      0                90394        4.425        0.000                       0                 34008  


------------------------------------------------------------------------------------------------
| Inter Clock Table
| -----------------
------------------------------------------------------------------------------------------------

From Clock    To Clock          WNS(ns)      TNS(ns)  TNS Failing Endpoints  TNS Total Endpoints  
----------    --------          -------      -------  ---------------------  -------------------  


------------------------------------------------------------------------------------------------
| Other Path Groups Table
| -----------------------
------------------------------------------------------------------------------------------------

Path Group    From Clock    To Clock          WNS(ns)      TNS(ns)  TNS Failing Endpoints  TNS Total Endpoints  
----------    ----------    --------          -------      -------  ---------------------  -------------------  


------------------------------------------------------------------------------------------------
| Timing Details
| --------------
------------------------------------------------------------------------------------------------


---------------------------------------------------------------------------------------------------
From Clock:  cpu_clk
  To Clock:  cpu_clk

Setup :            0  Failing Endpoints,  Worst Slack        0.380ns,  Total Violation        0.000ns
Hold  :           NA  Failing Endpoints,  Worst Slack           NA  ,  Total Violation           NA
PW    :            0  Failing Endpoints,  Worst Slack        4.425ns,  Total Violation        0.000ns
---------------------------------------------------------------------------------------------------


Max Delay Paths
--------------------------------------------------------------------------------------
Slack (MET) :             0.380ns  (required time - arrival time)
  Source:                 u_ftq/ifu_ptr_reg[0]/C
                            (rising edge-triggered cell FDRE clocked by cpu_clk  {rise@0.000ns fall@5.556ns period=11.111ns})
  Destination:            u_tlb_manager/imain_mat_q_reg[0]/D
                            (rising edge-triggered cell FDRE clocked by cpu_clk  {rise@0.000ns fall@5.556ns period=11.111ns})
  Path Group:             cpu_clk
  Path Type:              Setup (Max at Slow Process Corner)
  Requirement:            11.111ns  (cpu_clk rise@11.111ns - cpu_clk rise@0.000ns)
  Data Path Delay:        10.685ns  (logic 3.030ns (28.358%)  route 7.655ns (71.643%))
  Logic Levels:           16  (CARRY4=2 LUT3=3 LUT6=10 MUXF7=1)
  Clock Path Skew:        -0.039ns (DCD - SCD + CPR)
    Destination Clock Delay (DCD):    0.748ns = ( 11.859 - 11.111 ) 
    Source Clock Delay      (SCD):    0.787ns
    Clock Pessimism Removal (CPR):    0.000ns
  Clock Uncertainty:      0.035ns  ((TSJ^2 + TIJ^2)^1/2 + DJ) / 2 + PE
    Total System Jitter     (TSJ):    0.071ns
    Total Input Jitter      (TIJ):    0.000ns
    Discrete Jitter          (DJ):    0.000ns
    Phase Error              (PE):    0.000ns

    Location             Delay type                Incr(ns)  Path(ns)    Netlist Resource(s)
  -------------------------------------------------------------------    -------------------
                         (clock cpu_clk rise edge)    0.000     0.000 r  
                                                      0.000     0.000 r  aclk (IN)
                         net (fo=34009, unset)        0.787     0.787    u_ftq/aclk
                         FDRE                                         r  u_ftq/ifu_ptr_reg[0]/C
  -------------------------------------------------------------------    -------------------
                         FDRE (Prop_fdre_C_Q)         0.379     1.166 r  u_ftq/ifu_ptr_reg[0]/Q
                         net (fo=76, unplaced)        0.872     2.038    u_ftq/Q[0]
                         LUT6 (Prop_lut6_I0_O)        0.232     2.270 f  u_ftq/pre_paddr[11]_i_5/O
                         net (fo=1, unplaced)         0.347     2.617    u_ftq/pre_paddr[11]_i_5_n_0
                         LUT6 (Prop_lut6_I5_O)        0.105     2.722 r  u_ftq/pre_paddr[11]_i_3/O
                         net (fo=3, unplaced)         0.346     3.068    u_ftq/pre_paddr[11]_i_3_n_0
                         LUT3 (Prop_lut3_I1_O)        0.105     3.173 r  u_ftq/pre_paddr[11]_i_2/O
                         net (fo=66, unplaced)        0.436     3.609    u_ftq/ftq_ifu_valid
                         LUT3 (Prop_lut3_I1_O)        0.105     3.714 r  u_ftq/refill_q_key[4]_i_1/O
                         net (fo=44, unplaced)        0.661     4.375    u_ftq/ifu_mmu_vaddr[4]
                         LUT6 (Prop_lut6_I0_O)        0.105     4.480 r  u_ftq/imain_found_q_i_492/O
                         net (fo=1, unplaced)         0.000     4.480    u_ftq/imain_found_q_i_492_n_0
                         CARRY4 (Prop_carry4_S[1]_CO[3])
                                                      0.457     4.937 r  u_ftq/imain_found_q_reg_i_246/CO[3]
                         net (fo=1, unplaced)         0.008     4.945    u_ftq/imain_found_q_reg_i_246_n_0
                         CARRY4 (Prop_carry4_CI_CO[2])
                                                      0.209     5.154 f  u_ftq/imain_found_q_reg_i_72/CO[2]
                         net (fo=1, unplaced)         0.349     5.503    u_tlb_manager/u_tlb/refill_q_ps[5]_i_47_1[0]
                         LUT6 (Prop_lut6_I2_O)        0.252     5.755 f  u_tlb_manager/u_tlb/imain_found_q_i_17/O
                         net (fo=6, unplaced)         0.970     6.725    u_tlb_manager/u_tlb/match0_27
                         LUT6 (Prop_lut6_I1_O)        0.105     6.830 f  u_tlb_manager/u_tlb/refill_q_v_i_50/O
                         net (fo=3, unplaced)         0.365     7.195    u_tlb_manager/u_tlb/refill_q_v_i_50_n_0
                         LUT3 (Prop_lut3_I1_O)        0.108     7.303 r  u_tlb_manager/u_tlb/refill_q_v_i_24/O
                         net (fo=14, unplaced)        0.989     8.292    u_tlb_manager/u_tlb/s0_group_hit1329_out
                         LUT6 (Prop_lut6_I1_O)        0.105     8.397 r  u_tlb_manager/u_tlb/refill_q_v_i_9/O
                         net (fo=13, unplaced)        0.578     8.975    u_tlb_manager/u_tlb/s0_index_r1
                         LUT6 (Prop_lut6_I2_O)        0.105     9.080 r  u_tlb_manager/u_tlb/refill_q_v_i_89__0/O
                         net (fo=102, unplaced)       0.447     9.527    u_tlb_manager/u_tlb/refill_q_v_i_89__0_n_0
                         LUT6 (Prop_lut6_I4_O)        0.105     9.632 r  u_tlb_manager/u_tlb/refill_q_mat[0]_i_23/O
                         net (fo=1, unplaced)         0.938    10.570    u_tlb_manager/u_tlb/refill_q_mat[0]_i_23_n_0
                         LUT6 (Prop_lut6_I0_O)        0.105    10.675 r  u_tlb_manager/u_tlb/refill_q_mat[0]_i_10/O
                         net (fo=1, unplaced)         0.000    10.675    u_tlb_manager/u_tlb/refill_q_mat[0]_i_10_n_0
                         MUXF7 (Prop_muxf7_I1_O)      0.206    10.881 r  u_tlb_manager/u_tlb/refill_q_mat_reg[0]_i_4/O
                         net (fo=1, unplaced)         0.349    11.230    u_tlb_manager/u_tlb/tlb_mat1[0]
                         LUT6 (Prop_lut6_I5_O)        0.242    11.472 r  u_tlb_manager/u_tlb/refill_q_mat[0]_i_1/O
                         net (fo=2, unplaced)         0.000    11.472    u_tlb_manager/s0_mat[0]
                         FDRE                                         r  u_tlb_manager/imain_mat_q_reg[0]/D
  -------------------------------------------------------------------    -------------------

                         (clock cpu_clk rise edge)   11.111    11.111 r  
                                                      0.000    11.111 r  aclk (IN)
                         net (fo=34009, unset)        0.748    11.859    u_tlb_manager/aclk
                         FDRE                                         r  u_tlb_manager/imain_mat_q_reg[0]/C
                         clock pessimism              0.000    11.859    
                         clock uncertainty           -0.035    11.823    
                         FDRE (Setup_fdre_C_D)        0.029    11.852    u_tlb_manager/imain_mat_q_reg[0]
  -------------------------------------------------------------------
                         required time                         11.852    
                         arrival time                         -11.472    
  -------------------------------------------------------------------
                         slack                                  0.380    

Slack (MET) :             0.380ns  (required time - arrival time)
  Source:                 u_ftq/ifu_ptr_reg[0]/C
                            (rising edge-triggered cell FDRE clocked by cpu_clk  {rise@0.000ns fall@5.556ns period=11.111ns})
  Destination:            u_tlb_manager/imain_mat_q_reg[1]/D
                            (rising edge-triggered cell FDRE clocked by cpu_clk  {rise@0.000ns fall@5.556ns period=11.111ns})
  Path Group:             cpu_clk
  Path Type:              Setup (Max at Slow Process Corner)
  Requirement:            11.111ns  (cpu_clk rise@11.111ns - cpu_clk rise@0.000ns)
  Data Path Delay:        10.685ns  (logic 3.030ns (28.358%)  route 7.655ns (71.643%))
  Logic Levels:           16  (CARRY4=2 LUT3=3 LUT6=10 MUXF7=1)
  Clock Path Skew:        -0.039ns (DCD - SCD + CPR)
    Destination Clock Delay (DCD):    0.748ns = ( 11.859 - 11.111 ) 
    Source Clock Delay      (SCD):    0.787ns
    Clock Pessimism Removal (CPR):    0.000ns
  Clock Uncertainty:      0.035ns  ((TSJ^2 + TIJ^2)^1/2 + DJ) / 2 + PE
    Total System Jitter     (TSJ):    0.071ns
    Total Input Jitter      (TIJ):    0.000ns
    Discrete Jitter          (DJ):    0.000ns
    Phase Error              (PE):    0.000ns

    Location             Delay type                Incr(ns)  Path(ns)    Netlist Resource(s)
  -------------------------------------------------------------------    -------------------
                         (clock cpu_clk rise edge)    0.000     0.000 r  
                                                      0.000     0.000 r  aclk (IN)
                         net (fo=34009, unset)        0.787     0.787    u_ftq/aclk
                         FDRE                                         r  u_ftq/ifu_ptr_reg[0]/C
  -------------------------------------------------------------------    -------------------
                         FDRE (Prop_fdre_C_Q)         0.379     1.166 r  u_ftq/ifu_ptr_reg[0]/Q
                         net (fo=76, unplaced)        0.872     2.038    u_ftq/Q[0]
                         LUT6 (Prop_lut6_I0_O)        0.232     2.270 f  u_ftq/pre_paddr[11]_i_5/O
                         net (fo=1, unplaced)         0.347     2.617    u_ftq/pre_paddr[11]_i_5_n_0
                         LUT6 (Prop_lut6_I5_O)        0.105     2.722 r  u_ftq/pre_paddr[11]_i_3/O
                         net (fo=3, unplaced)         0.346     3.068    u_ftq/pre_paddr[11]_i_3_n_0
                         LUT3 (Prop_lut3_I1_O)        0.105     3.173 r  u_ftq/pre_paddr[11]_i_2/O
                         net (fo=66, unplaced)        0.436     3.609    u_ftq/ftq_ifu_valid
                         LUT3 (Prop_lut3_I1_O)        0.105     3.714 r  u_ftq/refill_q_key[4]_i_1/O
                         net (fo=44, unplaced)        0.661     4.375    u_ftq/ifu_mmu_vaddr[4]
                         LUT6 (Prop_lut6_I0_O)        0.105     4.480 r  u_ftq/imain_found_q_i_492/O
                         net (fo=1, unplaced)         0.000     4.480    u_ftq/imain_found_q_i_492_n_0
                         CARRY4 (Prop_carry4_S[1]_CO[3])
                                                      0.457     4.937 r  u_ftq/imain_found_q_reg_i_246/CO[3]
                         net (fo=1, unplaced)         0.008     4.945    u_ftq/imain_found_q_reg_i_246_n_0
                         CARRY4 (Prop_carry4_CI_CO[2])
                                                      0.209     5.154 f  u_ftq/imain_found_q_reg_i_72/CO[2]
                         net (fo=1, unplaced)         0.349     5.503    u_tlb_manager/u_tlb/refill_q_ps[5]_i_47_1[0]
                         LUT6 (Prop_lut6_I2_O)        0.252     5.755 f  u_tlb_manager/u_tlb/imain_found_q_i_17/O
                         net (fo=6, unplaced)         0.970     6.725    u_tlb_manager/u_tlb/match0_27
                         LUT6 (Prop_lut6_I1_O)        0.105     6.830 f  u_tlb_manager/u_tlb/refill_q_v_i_50/O
                         net (fo=3, unplaced)         0.365     7.195    u_tlb_manager/u_tlb/refill_q_v_i_50_n_0
                         LUT3 (Prop_lut3_I1_O)        0.108     7.303 r  u_tlb_manager/u_tlb/refill_q_v_i_24/O
                         net (fo=14, unplaced)        0.989     8.292    u_tlb_manager/u_tlb/s0_group_hit1329_out
                         LUT6 (Prop_lut6_I1_O)        0.105     8.397 r  u_tlb_manager/u_tlb/refill_q_v_i_9/O
                         net (fo=13, unplaced)        0.578     8.975    u_tlb_manager/u_tlb/s0_index_r1
                         LUT6 (Prop_lut6_I2_O)        0.105     9.080 r  u_tlb_manager/u_tlb/refill_q_v_i_89__0/O
                         net (fo=102, unplaced)       0.447     9.527    u_tlb_manager/u_tlb/refill_q_v_i_89__0_n_0
                         LUT6 (Prop_lut6_I4_O)        0.105     9.632 r  u_tlb_manager/u_tlb/refill_q_mat[1]_i_23/O
                         net (fo=1, unplaced)         0.938    10.570    u_tlb_manager/u_tlb/refill_q_mat[1]_i_23_n_0
                         LUT6 (Prop_lut6_I0_O)        0.105    10.675 r  u_tlb_manager/u_tlb/refill_q_mat[1]_i_10/O
                         net (fo=1, unplaced)         0.000    10.675    u_tlb_manager/u_tlb/refill_q_mat[1]_i_10_n_0
                         MUXF7 (Prop_muxf7_I1_O)      0.206    10.881 r  u_tlb_manager/u_tlb/refill_q_mat_reg[1]_i_4/O
                         net (fo=1, unplaced)         0.349    11.230    u_tlb_manager/u_tlb/tlb_mat1[1]
                         LUT6 (Prop_lut6_I5_O)        0.242    11.472 r  u_tlb_manager/u_tlb/refill_q_mat[1]_i_1/O
                         net (fo=2, unplaced)         0.000    11.472    u_tlb_manager/s0_mat[1]
                         FDRE                                         r  u_tlb_manager/imain_mat_q_reg[1]/D
  -------------------------------------------------------------------    -------------------

                         (clock cpu_clk rise edge)   11.111    11.111 r  
                                                      0.000    11.111 r  aclk (IN)
                         net (fo=34009, unset)        0.748    11.859    u_tlb_manager/aclk
                         FDRE                                         r  u_tlb_manager/imain_mat_q_reg[1]/C
                         clock pessimism              0.000    11.859    
                         clock uncertainty           -0.035    11.823    
                         FDRE (Setup_fdre_C_D)        0.029    11.852    u_tlb_manager/imain_mat_q_reg[1]
  -------------------------------------------------------------------
                         required time                         11.852    
                         arrival time                         -11.472    
  -------------------------------------------------------------------
                         slack                                  0.380    

Slack (MET) :             0.380ns  (required time - arrival time)
  Source:                 u_ftq/ifu_ptr_reg[0]/C
                            (rising edge-triggered cell FDRE clocked by cpu_clk  {rise@0.000ns fall@5.556ns period=11.111ns})
  Destination:            u_tlb_manager/imain_plv_q_reg[0]/D
                            (rising edge-triggered cell FDRE clocked by cpu_clk  {rise@0.000ns fall@5.556ns period=11.111ns})
  Path Group:             cpu_clk
  Path Type:              Setup (Max at Slow Process Corner)
  Requirement:            11.111ns  (cpu_clk rise@11.111ns - cpu_clk rise@0.000ns)
  Data Path Delay:        10.685ns  (logic 3.030ns (28.358%)  route 7.655ns (71.643%))
  Logic Levels:           16  (CARRY4=2 LUT3=3 LUT6=10 MUXF7=1)
  Clock Path Skew:        -0.039ns (DCD - SCD + CPR)
    Destination Clock Delay (DCD):    0.748ns = ( 11.859 - 11.111 ) 
    Source Clock Delay      (SCD):    0.787ns
    Clock Pessimism Removal (CPR):    0.000ns
  Clock Uncertainty:      0.035ns  ((TSJ^2 + TIJ^2)^1/2 + DJ) / 2 + PE
    Total System Jitter     (TSJ):    0.071ns
    Total Input Jitter      (TIJ):    0.000ns
    Discrete Jitter          (DJ):    0.000ns
    Phase Error              (PE):    0.000ns

    Location             Delay type                Incr(ns)  Path(ns)    Netlist Resource(s)
  -------------------------------------------------------------------    -------------------
                         (clock cpu_clk rise edge)    0.000     0.000 r  
                                                      0.000     0.000 r  aclk (IN)
                         net (fo=34009, unset)        0.787     0.787    u_ftq/aclk
                         FDRE                                         r  u_ftq/ifu_ptr_reg[0]/C
  -------------------------------------------------------------------    -------------------
                         FDRE (Prop_fdre_C_Q)         0.379     1.166 r  u_ftq/ifu_ptr_reg[0]/Q
                         net (fo=76, unplaced)        0.872     2.038    u_ftq/Q[0]
                         LUT6 (Prop_lut6_I0_O)        0.232     2.270 f  u_ftq/pre_paddr[11]_i_5/O
                         net (fo=1, unplaced)         0.347     2.617    u_ftq/pre_paddr[11]_i_5_n_0
                         LUT6 (Prop_lut6_I5_O)        0.105     2.722 r  u_ftq/pre_paddr[11]_i_3/O
                         net (fo=3, unplaced)         0.346     3.068    u_ftq/pre_paddr[11]_i_3_n_0
                         LUT3 (Prop_lut3_I1_O)        0.105     3.173 r  u_ftq/pre_paddr[11]_i_2/O
                         net (fo=66, unplaced)        0.436     3.609    u_ftq/ftq_ifu_valid
                         LUT3 (Prop_lut3_I1_O)        0.105     3.714 r  u_ftq/refill_q_key[4]_i_1/O
                         net (fo=44, unplaced)        0.661     4.375    u_ftq/ifu_mmu_vaddr[4]
                         LUT6 (Prop_lut6_I0_O)        0.105     4.480 r  u_ftq/imain_found_q_i_492/O
                         net (fo=1, unplaced)         0.000     4.480    u_ftq/imain_found_q_i_492_n_0
                         CARRY4 (Prop_carry4_S[1]_CO[3])
                                                      0.457     4.937 r  u_ftq/imain_found_q_reg_i_246/CO[3]
                         net (fo=1, unplaced)         0.008     4.945    u_ftq/imain_found_q_reg_i_246_n_0
                         CARRY4 (Prop_carry4_CI_CO[2])
                                                      0.209     5.154 f  u_ftq/imain_found_q_reg_i_72/CO[2]
                         net (fo=1, unplaced)         0.349     5.503    u_tlb_manager/u_tlb/refill_q_ps[5]_i_47_1[0]
                         LUT6 (Prop_lut6_I2_O)        0.252     5.755 f  u_tlb_manager/u_tlb/imain_found_q_i_17/O
                         net (fo=6, unplaced)         0.970     6.725    u_tlb_manager/u_tlb/match0_27
                         LUT6 (Prop_lut6_I1_O)        0.105     6.830 f  u_tlb_manager/u_tlb/refill_q_v_i_50/O
                         net (fo=3, unplaced)         0.365     7.195    u_tlb_manager/u_tlb/refill_q_v_i_50_n_0
                         LUT3 (Prop_lut3_I1_O)        0.108     7.303 r  u_tlb_manager/u_tlb/refill_q_v_i_24/O
                         net (fo=14, unplaced)        0.989     8.292    u_tlb_manager/u_tlb/s0_group_hit1329_out
                         LUT6 (Prop_lut6_I1_O)        0.105     8.397 r  u_tlb_manager/u_tlb/refill_q_v_i_9/O
                         net (fo=13, unplaced)        0.578     8.975    u_tlb_manager/u_tlb/s0_index_r1
                         LUT6 (Prop_lut6_I2_O)        0.105     9.080 r  u_tlb_manager/u_tlb/refill_q_v_i_89__0/O
                         net (fo=102, unplaced)       0.447     9.527    u_tlb_manager/u_tlb/refill_q_v_i_89__0_n_0
                         LUT6 (Prop_lut6_I4_O)        0.105     9.632 r  u_tlb_manager/u_tlb/refill_q_plv[0]_i_23/O
                         net (fo=1, unplaced)         0.938    10.570    u_tlb_manager/u_tlb/refill_q_plv[0]_i_23_n_0
                         LUT6 (Prop_lut6_I0_O)        0.105    10.675 r  u_tlb_manager/u_tlb/refill_q_plv[0]_i_10/O
                         net (fo=1, unplaced)         0.000    10.675    u_tlb_manager/u_tlb/refill_q_plv[0]_i_10_n_0
                         MUXF7 (Prop_muxf7_I1_O)      0.206    10.881 r  u_tlb_manager/u_tlb/refill_q_plv_reg[0]_i_4/O
                         net (fo=1, unplaced)         0.349    11.230    u_tlb_manager/u_tlb/tlb_plv1[0]
                         LUT6 (Prop_lut6_I5_O)        0.242    11.472 r  u_tlb_manager/u_tlb/refill_q_plv[0]_i_1/O
                         net (fo=2, unplaced)         0.000    11.472    u_tlb_manager/s0_plv[0]
                         FDRE                                         r  u_tlb_manager/imain_plv_q_reg[0]/D
  -------------------------------------------------------------------    -------------------

                         (clock cpu_clk rise edge)   11.111    11.111 r  
                                                      0.000    11.111 r  aclk (IN)
                         net (fo=34009, unset)        0.748    11.859    u_tlb_manager/aclk
                         FDRE                                         r  u_tlb_manager/imain_plv_q_reg[0]/C
                         clock pessimism              0.000    11.859    
                         clock uncertainty           -0.035    11.823    
                         FDRE (Setup_fdre_C_D)        0.029    11.852    u_tlb_manager/imain_plv_q_reg[0]
  -------------------------------------------------------------------
                         required time                         11.852    
                         arrival time                         -11.472    
  -------------------------------------------------------------------
                         slack                                  0.380    

Slack (MET) :             0.380ns  (required time - arrival time)
  Source:                 u_ftq/ifu_ptr_reg[0]/C
                            (rising edge-triggered cell FDRE clocked by cpu_clk  {rise@0.000ns fall@5.556ns period=11.111ns})
  Destination:            u_tlb_manager/imain_plv_q_reg[1]/D
                            (rising edge-triggered cell FDRE clocked by cpu_clk  {rise@0.000ns fall@5.556ns period=11.111ns})
  Path Group:             cpu_clk
  Path Type:              Setup (Max at Slow Process Corner)
  Requirement:            11.111ns  (cpu_clk rise@11.111ns - cpu_clk rise@0.000ns)
  Data Path Delay:        10.685ns  (logic 3.030ns (28.358%)  route 7.655ns (71.643%))
  Logic Levels:           16  (CARRY4=2 LUT3=3 LUT6=10 MUXF7=1)
  Clock Path Skew:        -0.039ns (DCD - SCD + CPR)
    Destination Clock Delay (DCD):    0.748ns = ( 11.859 - 11.111 ) 
    Source Clock Delay      (SCD):    0.787ns
    Clock Pessimism Removal (CPR):    0.000ns
  Clock Uncertainty:      0.035ns  ((TSJ^2 + TIJ^2)^1/2 + DJ) / 2 + PE
    Total System Jitter     (TSJ):    0.071ns
    Total Input Jitter      (TIJ):    0.000ns
    Discrete Jitter          (DJ):    0.000ns
    Phase Error              (PE):    0.000ns

    Location             Delay type                Incr(ns)  Path(ns)    Netlist Resource(s)
  -------------------------------------------------------------------    -------------------
                         (clock cpu_clk rise edge)    0.000     0.000 r  
                                                      0.000     0.000 r  aclk (IN)
                         net (fo=34009, unset)        0.787     0.787    u_ftq/aclk
                         FDRE                                         r  u_ftq/ifu_ptr_reg[0]/C
  -------------------------------------------------------------------    -------------------
                         FDRE (Prop_fdre_C_Q)         0.379     1.166 r  u_ftq/ifu_ptr_reg[0]/Q
                         net (fo=76, unplaced)        0.872     2.038    u_ftq/Q[0]
                         LUT6 (Prop_lut6_I0_O)        0.232     2.270 f  u_ftq/pre_paddr[11]_i_5/O
                         net (fo=1, unplaced)         0.347     2.617    u_ftq/pre_paddr[11]_i_5_n_0
                         LUT6 (Prop_lut6_I5_O)        0.105     2.722 r  u_ftq/pre_paddr[11]_i_3/O
                         net (fo=3, unplaced)         0.346     3.068    u_ftq/pre_paddr[11]_i_3_n_0
                         LUT3 (Prop_lut3_I1_O)        0.105     3.173 r  u_ftq/pre_paddr[11]_i_2/O
                         net (fo=66, unplaced)        0.436     3.609    u_ftq/ftq_ifu_valid
                         LUT3 (Prop_lut3_I1_O)        0.105     3.714 r  u_ftq/refill_q_key[4]_i_1/O
                         net (fo=44, unplaced)        0.661     4.375    u_ftq/ifu_mmu_vaddr[4]
                         LUT6 (Prop_lut6_I0_O)        0.105     4.480 r  u_ftq/imain_found_q_i_492/O
                         net (fo=1, unplaced)         0.000     4.480    u_ftq/imain_found_q_i_492_n_0
                         CARRY4 (Prop_carry4_S[1]_CO[3])
                                                      0.457     4.937 r  u_ftq/imain_found_q_reg_i_246/CO[3]
                         net (fo=1, unplaced)         0.008     4.945    u_ftq/imain_found_q_reg_i_246_n_0
                         CARRY4 (Prop_carry4_CI_CO[2])
                                                      0.209     5.154 f  u_ftq/imain_found_q_reg_i_72/CO[2]
                         net (fo=1, unplaced)         0.349     5.503    u_tlb_manager/u_tlb/refill_q_ps[5]_i_47_1[0]
                         LUT6 (Prop_lut6_I2_O)        0.252     5.755 f  u_tlb_manager/u_tlb/imain_found_q_i_17/O
                         net (fo=6, unplaced)         0.970     6.725    u_tlb_manager/u_tlb/match0_27
                         LUT6 (Prop_lut6_I1_O)        0.105     6.830 f  u_tlb_manager/u_tlb/refill_q_v_i_50/O
                         net (fo=3, unplaced)         0.365     7.195    u_tlb_manager/u_tlb/refill_q_v_i_50_n_0
                         LUT3 (Prop_lut3_I1_O)        0.108     7.303 r  u_tlb_manager/u_tlb/refill_q_v_i_24/O
                         net (fo=14, unplaced)        0.989     8.292    u_tlb_manager/u_tlb/s0_group_hit1329_out
                         LUT6 (Prop_lut6_I1_O)        0.105     8.397 r  u_tlb_manager/u_tlb/refill_q_v_i_9/O
                         net (fo=13, unplaced)        0.578     8.975    u_tlb_manager/u_tlb/s0_index_r1
                         LUT6 (Prop_lut6_I2_O)        0.105     9.080 r  u_tlb_manager/u_tlb/refill_q_v_i_89__0/O
                         net (fo=102, unplaced)       0.447     9.527    u_tlb_manager/u_tlb/refill_q_v_i_89__0_n_0
                         LUT6 (Prop_lut6_I4_O)        0.105     9.632 r  u_tlb_manager/u_tlb/refill_q_plv[1]_i_23/O
                         net (fo=1, unplaced)         0.938    10.570    u_tlb_manager/u_tlb/refill_q_plv[1]_i_23_n_0
                         LUT6 (Prop_lut6_I0_O)        0.105    10.675 r  u_tlb_manager/u_tlb/refill_q_plv[1]_i_10/O
                         net (fo=1, unplaced)         0.000    10.675    u_tlb_manager/u_tlb/refill_q_plv[1]_i_10_n_0
                         MUXF7 (Prop_muxf7_I1_O)      0.206    10.881 r  u_tlb_manager/u_tlb/refill_q_plv_reg[1]_i_4/O
                         net (fo=1, unplaced)         0.349    11.230    u_tlb_manager/u_tlb/tlb_plv1[1]
                         LUT6 (Prop_lut6_I5_O)        0.242    11.472 r  u_tlb_manager/u_tlb/refill_q_plv[1]_i_1/O
                         net (fo=2, unplaced)         0.000    11.472    u_tlb_manager/s0_plv[1]
                         FDRE                                         r  u_tlb_manager/imain_plv_q_reg[1]/D
  -------------------------------------------------------------------    -------------------

                         (clock cpu_clk rise edge)   11.111    11.111 r  
                                                      0.000    11.111 r  aclk (IN)
                         net (fo=34009, unset)        0.748    11.859    u_tlb_manager/aclk
                         FDRE                                         r  u_tlb_manager/imain_plv_q_reg[1]/C
                         clock pessimism              0.000    11.859    
                         clock uncertainty           -0.035    11.823    
                         FDRE (Setup_fdre_C_D)        0.029    11.852    u_tlb_manager/imain_plv_q_reg[1]
  -------------------------------------------------------------------
                         required time                         11.852    
                         arrival time                         -11.472    
  -------------------------------------------------------------------
                         slack                                  0.380    

Slack (MET) :             0.380ns  (required time - arrival time)
  Source:                 u_ftq/ifu_ptr_reg[0]/C
                            (rising edge-triggered cell FDRE clocked by cpu_clk  {rise@0.000ns fall@5.556ns period=11.111ns})
  Destination:            u_tlb_manager/imain_ppn_q_reg[0]/D
                            (rising edge-triggered cell FDRE clocked by cpu_clk  {rise@0.000ns fall@5.556ns period=11.111ns})
  Path Group:             cpu_clk
  Path Type:              Setup (Max at Slow Process Corner)
  Requirement:            11.111ns  (cpu_clk rise@11.111ns - cpu_clk rise@0.000ns)
  Data Path Delay:        10.685ns  (logic 3.030ns (28.358%)  route 7.655ns (71.643%))
  Logic Levels:           16  (CARRY4=2 LUT3=3 LUT6=10 MUXF7=1)
  Clock Path Skew:        -0.039ns (DCD - SCD + CPR)
    Destination Clock Delay (DCD):    0.748ns = ( 11.859 - 11.111 ) 
    Source Clock Delay      (SCD):    0.787ns
    Clock Pessimism Removal (CPR):    0.000ns
  Clock Uncertainty:      0.035ns  ((TSJ^2 + TIJ^2)^1/2 + DJ) / 2 + PE
    Total System Jitter     (TSJ):    0.071ns
    Total Input Jitter      (TIJ):    0.000ns
    Discrete Jitter          (DJ):    0.000ns
    Phase Error              (PE):    0.000ns

    Location             Delay type                Incr(ns)  Path(ns)    Netlist Resource(s)
  -------------------------------------------------------------------    -------------------
                         (clock cpu_clk rise edge)    0.000     0.000 r  
                                                      0.000     0.000 r  aclk (IN)
                         net (fo=34009, unset)        0.787     0.787    u_ftq/aclk
                         FDRE                                         r  u_ftq/ifu_ptr_reg[0]/C
  -------------------------------------------------------------------    -------------------
                         FDRE (Prop_fdre_C_Q)         0.379     1.166 r  u_ftq/ifu_ptr_reg[0]/Q
                         net (fo=76, unplaced)        0.872     2.038    u_ftq/Q[0]
                         LUT6 (Prop_lut6_I0_O)        0.232     2.270 f  u_ftq/pre_paddr[11]_i_5/O
                         net (fo=1, unplaced)         0.347     2.617    u_ftq/pre_paddr[11]_i_5_n_0
                         LUT6 (Prop_lut6_I5_O)        0.105     2.722 r  u_ftq/pre_paddr[11]_i_3/O
                         net (fo=3, unplaced)         0.346     3.068    u_ftq/pre_paddr[11]_i_3_n_0
                         LUT3 (Prop_lut3_I1_O)        0.105     3.173 r  u_ftq/pre_paddr[11]_i_2/O
                         net (fo=66, unplaced)        0.436     3.609    u_ftq/ftq_ifu_valid
                         LUT3 (Prop_lut3_I1_O)        0.105     3.714 r  u_ftq/refill_q_key[4]_i_1/O
                         net (fo=44, unplaced)        0.661     4.375    u_ftq/ifu_mmu_vaddr[4]
                         LUT6 (Prop_lut6_I0_O)        0.105     4.480 r  u_ftq/imain_found_q_i_492/O
                         net (fo=1, unplaced)         0.000     4.480    u_ftq/imain_found_q_i_492_n_0
                         CARRY4 (Prop_carry4_S[1]_CO[3])
                                                      0.457     4.937 r  u_ftq/imain_found_q_reg_i_246/CO[3]
                         net (fo=1, unplaced)         0.008     4.945    u_ftq/imain_found_q_reg_i_246_n_0
                         CARRY4 (Prop_carry4_CI_CO[2])
                                                      0.209     5.154 f  u_ftq/imain_found_q_reg_i_72/CO[2]
                         net (fo=1, unplaced)         0.349     5.503    u_tlb_manager/u_tlb/refill_q_ps[5]_i_47_1[0]
                         LUT6 (Prop_lut6_I2_O)        0.252     5.755 f  u_tlb_manager/u_tlb/imain_found_q_i_17/O
                         net (fo=6, unplaced)         0.970     6.725    u_tlb_manager/u_tlb/match0_27
                         LUT6 (Prop_lut6_I1_O)        0.105     6.830 f  u_tlb_manager/u_tlb/refill_q_v_i_50/O
                         net (fo=3, unplaced)         0.365     7.195    u_tlb_manager/u_tlb/refill_q_v_i_50_n_0
                         LUT3 (Prop_lut3_I1_O)        0.108     7.303 r  u_tlb_manager/u_tlb/refill_q_v_i_24/O
                         net (fo=14, unplaced)        0.989     8.292    u_tlb_manager/u_tlb/s0_group_hit1329_out
                         LUT6 (Prop_lut6_I1_O)        0.105     8.397 r  u_tlb_manager/u_tlb/refill_q_v_i_9/O
                         net (fo=13, unplaced)        0.578     8.975    u_tlb_manager/u_tlb/s0_index_r1
                         LUT6 (Prop_lut6_I2_O)        0.105     9.080 r  u_tlb_manager/u_tlb/refill_q_v_i_89__0/O
                         net (fo=102, unplaced)       0.447     9.527    u_tlb_manager/u_tlb/refill_q_v_i_89__0_n_0
                         LUT6 (Prop_lut6_I4_O)        0.105     9.632 r  u_tlb_manager/u_tlb/refill_q_ppn[0]_i_23/O
                         net (fo=1, unplaced)         0.938    10.570    u_tlb_manager/u_tlb/refill_q_ppn[0]_i_23_n_0
                         LUT6 (Prop_lut6_I0_O)        0.105    10.675 r  u_tlb_manager/u_tlb/refill_q_ppn[0]_i_10/O
                         net (fo=1, unplaced)         0.000    10.675    u_tlb_manager/u_tlb/refill_q_ppn[0]_i_10_n_0
                         MUXF7 (Prop_muxf7_I1_O)      0.206    10.881 r  u_tlb_manager/u_tlb/refill_q_ppn_reg[0]_i_4/O
                         net (fo=1, unplaced)         0.349    11.230    u_tlb_manager/u_tlb/tlb_ppn1[0]
                         LUT6 (Prop_lut6_I5_O)        0.242    11.472 r  u_tlb_manager/u_tlb/refill_q_ppn[0]_i_1/O
                         net (fo=2, unplaced)         0.000    11.472    u_tlb_manager/s0_ppn[0]
                         FDRE                                         r  u_tlb_manager/imain_ppn_q_reg[0]/D
  -------------------------------------------------------------------    -------------------

                         (clock cpu_clk rise edge)   11.111    11.111 r  
                                                      0.000    11.111 r  aclk (IN)
                         net (fo=34009, unset)        0.748    11.859    u_tlb_manager/aclk
                         FDRE                                         r  u_tlb_manager/imain_ppn_q_reg[0]/C
                         clock pessimism              0.000    11.859    
                         clock uncertainty           -0.035    11.823    
                         FDRE (Setup_fdre_C_D)        0.029    11.852    u_tlb_manager/imain_ppn_q_reg[0]
  -------------------------------------------------------------------
                         required time                         11.852    
                         arrival time                         -11.472    
  -------------------------------------------------------------------
                         slack                                  0.380    

Slack (MET) :             0.380ns  (required time - arrival time)
  Source:                 u_ftq/ifu_ptr_reg[0]/C
                            (rising edge-triggered cell FDRE clocked by cpu_clk  {rise@0.000ns fall@5.556ns period=11.111ns})
  Destination:            u_tlb_manager/imain_ppn_q_reg[10]/D
                            (rising edge-triggered cell FDRE clocked by cpu_clk  {rise@0.000ns fall@5.556ns period=11.111ns})
  Path Group:             cpu_clk
  Path Type:              Setup (Max at Slow Process Corner)
  Requirement:            11.111ns  (cpu_clk rise@11.111ns - cpu_clk rise@0.000ns)
  Data Path Delay:        10.685ns  (logic 3.030ns (28.358%)  route 7.655ns (71.643%))
  Logic Levels:           16  (CARRY4=2 LUT3=3 LUT6=10 MUXF7=1)
  Clock Path Skew:        -0.039ns (DCD - SCD + CPR)
    Destination Clock Delay (DCD):    0.748ns = ( 11.859 - 11.111 ) 
    Source Clock Delay      (SCD):    0.787ns
    Clock Pessimism Removal (CPR):    0.000ns
  Clock Uncertainty:      0.035ns  ((TSJ^2 + TIJ^2)^1/2 + DJ) / 2 + PE
    Total System Jitter     (TSJ):    0.071ns
    Total Input Jitter      (TIJ):    0.000ns
    Discrete Jitter          (DJ):    0.000ns
    Phase Error              (PE):    0.000ns

    Location             Delay type                Incr(ns)  Path(ns)    Netlist Resource(s)
  -------------------------------------------------------------------    -------------------
                         (clock cpu_clk rise edge)    0.000     0.000 r  
                                                      0.000     0.000 r  aclk (IN)
                         net (fo=34009, unset)        0.787     0.787    u_ftq/aclk
                         FDRE                                         r  u_ftq/ifu_ptr_reg[0]/C
  -------------------------------------------------------------------    -------------------
                         FDRE (Prop_fdre_C_Q)         0.379     1.166 r  u_ftq/ifu_ptr_reg[0]/Q
                         net (fo=76, unplaced)        0.872     2.038    u_ftq/Q[0]
                         LUT6 (Prop_lut6_I0_O)        0.232     2.270 f  u_ftq/pre_paddr[11]_i_5/O
                         net (fo=1, unplaced)         0.347     2.617    u_ftq/pre_paddr[11]_i_5_n_0
                         LUT6 (Prop_lut6_I5_O)        0.105     2.722 r  u_ftq/pre_paddr[11]_i_3/O
                         net (fo=3, unplaced)         0.346     3.068    u_ftq/pre_paddr[11]_i_3_n_0
                         LUT3 (Prop_lut3_I1_O)        0.105     3.173 r  u_ftq/pre_paddr[11]_i_2/O
                         net (fo=66, unplaced)        0.436     3.609    u_ftq/ftq_ifu_valid
                         LUT3 (Prop_lut3_I1_O)        0.105     3.714 r  u_ftq/refill_q_key[4]_i_1/O
                         net (fo=44, unplaced)        0.661     4.375    u_ftq/ifu_mmu_vaddr[4]
                         LUT6 (Prop_lut6_I0_O)        0.105     4.480 r  u_ftq/imain_found_q_i_492/O
                         net (fo=1, unplaced)         0.000     4.480    u_ftq/imain_found_q_i_492_n_0
                         CARRY4 (Prop_carry4_S[1]_CO[3])
                                                      0.457     4.937 r  u_ftq/imain_found_q_reg_i_246/CO[3]
                         net (fo=1, unplaced)         0.008     4.945    u_ftq/imain_found_q_reg_i_246_n_0
                         CARRY4 (Prop_carry4_CI_CO[2])
                                                      0.209     5.154 f  u_ftq/imain_found_q_reg_i_72/CO[2]
                         net (fo=1, unplaced)         0.349     5.503    u_tlb_manager/u_tlb/refill_q_ps[5]_i_47_1[0]
                         LUT6 (Prop_lut6_I2_O)        0.252     5.755 f  u_tlb_manager/u_tlb/imain_found_q_i_17/O
                         net (fo=6, unplaced)         0.970     6.725    u_tlb_manager/u_tlb/match0_27
                         LUT6 (Prop_lut6_I1_O)        0.105     6.830 f  u_tlb_manager/u_tlb/refill_q_v_i_50/O
                         net (fo=3, unplaced)         0.365     7.195    u_tlb_manager/u_tlb/refill_q_v_i_50_n_0
                         LUT3 (Prop_lut3_I1_O)        0.108     7.303 r  u_tlb_manager/u_tlb/refill_q_v_i_24/O
                         net (fo=14, unplaced)        0.989     8.292    u_tlb_manager/u_tlb/s0_group_hit1329_out
                         LUT6 (Prop_lut6_I1_O)        0.105     8.397 r  u_tlb_manager/u_tlb/refill_q_v_i_9/O
                         net (fo=13, unplaced)        0.578     8.975    u_tlb_manager/u_tlb/s0_index_r1
                         LUT6 (Prop_lut6_I2_O)        0.105     9.080 r  u_tlb_manager/u_tlb/refill_q_v_i_74__0/O
                         net (fo=102, unplaced)       0.447     9.527    u_tlb_manager/u_tlb/refill_q_ps[5]_i_28_0
                         LUT6 (Prop_lut6_I4_O)        0.105     9.632 r  u_tlb_manager/u_tlb/refill_q_ppn[10]_i_23/O
                         net (fo=1, unplaced)         0.938    10.570    u_tlb_manager/u_tlb/refill_q_ppn[10]_i_23_n_0
                         LUT6 (Prop_lut6_I0_O)        0.105    10.675 r  u_tlb_manager/u_tlb/refill_q_ppn[10]_i_10/O
                         net (fo=1, unplaced)         0.000    10.675    u_tlb_manager/u_tlb/refill_q_ppn[10]_i_10_n_0
                         MUXF7 (Prop_muxf7_I1_O)      0.206    10.881 r  u_tlb_manager/u_tlb/refill_q_ppn_reg[10]_i_4/O
                         net (fo=1, unplaced)         0.349    11.230    u_tlb_manager/u_tlb/tlb_ppn1[10]
                         LUT6 (Prop_lut6_I5_O)        0.242    11.472 r  u_tlb_manager/u_tlb/refill_q_ppn[10]_i_1/O
                         net (fo=2, unplaced)         0.000    11.472    u_tlb_manager/s0_ppn[10]
                         FDRE                                         r  u_tlb_manager/imain_ppn_q_reg[10]/D
  -------------------------------------------------------------------    -------------------

                         (clock cpu_clk rise edge)   11.111    11.111 r  
                                                      0.000    11.111 r  aclk (IN)
                         net (fo=34009, unset)        0.748    11.859    u_tlb_manager/aclk
                         FDRE                                         r  u_tlb_manager/imain_ppn_q_reg[10]/C
                         clock pessimism              0.000    11.859    
                         clock uncertainty           -0.035    11.823    
                         FDRE (Setup_fdre_C_D)        0.029    11.852    u_tlb_manager/imain_ppn_q_reg[10]
  -------------------------------------------------------------------
                         required time                         11.852    
                         arrival time                         -11.472    
  -------------------------------------------------------------------
                         slack                                  0.380    

Slack (MET) :             0.380ns  (required time - arrival time)
  Source:                 u_ftq/ifu_ptr_reg[0]/C
                            (rising edge-triggered cell FDRE clocked by cpu_clk  {rise@0.000ns fall@5.556ns period=11.111ns})
  Destination:            u_tlb_manager/imain_ppn_q_reg[11]/D
                            (rising edge-triggered cell FDRE clocked by cpu_clk  {rise@0.000ns fall@5.556ns period=11.111ns})
  Path Group:             cpu_clk
  Path Type:              Setup (Max at Slow Process Corner)
  Requirement:            11.111ns  (cpu_clk rise@11.111ns - cpu_clk rise@0.000ns)
  Data Path Delay:        10.685ns  (logic 3.030ns (28.358%)  route 7.655ns (71.643%))
  Logic Levels:           16  (CARRY4=2 LUT3=3 LUT6=10 MUXF7=1)
  Clock Path Skew:        -0.039ns (DCD - SCD + CPR)
    Destination Clock Delay (DCD):    0.748ns = ( 11.859 - 11.111 ) 
    Source Clock Delay      (SCD):    0.787ns
    Clock Pessimism Removal (CPR):    0.000ns
  Clock Uncertainty:      0.035ns  ((TSJ^2 + TIJ^2)^1/2 + DJ) / 2 + PE
    Total System Jitter     (TSJ):    0.071ns
    Total Input Jitter      (TIJ):    0.000ns
    Discrete Jitter          (DJ):    0.000ns
    Phase Error              (PE):    0.000ns

    Location             Delay type                Incr(ns)  Path(ns)    Netlist Resource(s)
  -------------------------------------------------------------------    -------------------
                         (clock cpu_clk rise edge)    0.000     0.000 r  
                                                      0.000     0.000 r  aclk (IN)
                         net (fo=34009, unset)        0.787     0.787    u_ftq/aclk
                         FDRE                                         r  u_ftq/ifu_ptr_reg[0]/C
  -------------------------------------------------------------------    -------------------
                         FDRE (Prop_fdre_C_Q)         0.379     1.166 r  u_ftq/ifu_ptr_reg[0]/Q
                         net (fo=76, unplaced)        0.872     2.038    u_ftq/Q[0]
                         LUT6 (Prop_lut6_I0_O)        0.232     2.270 f  u_ftq/pre_paddr[11]_i_5/O
                         net (fo=1, unplaced)         0.347     2.617    u_ftq/pre_paddr[11]_i_5_n_0
                         LUT6 (Prop_lut6_I5_O)        0.105     2.722 r  u_ftq/pre_paddr[11]_i_3/O
                         net (fo=3, unplaced)         0.346     3.068    u_ftq/pre_paddr[11]_i_3_n_0
                         LUT3 (Prop_lut3_I1_O)        0.105     3.173 r  u_ftq/pre_paddr[11]_i_2/O
                         net (fo=66, unplaced)        0.436     3.609    u_ftq/ftq_ifu_valid
                         LUT3 (Prop_lut3_I1_O)        0.105     3.714 r  u_ftq/refill_q_key[4]_i_1/O
                         net (fo=44, unplaced)        0.661     4.375    u_ftq/ifu_mmu_vaddr[4]
                         LUT6 (Prop_lut6_I0_O)        0.105     4.480 r  u_ftq/imain_found_q_i_492/O
                         net (fo=1, unplaced)         0.000     4.480    u_ftq/imain_found_q_i_492_n_0
                         CARRY4 (Prop_carry4_S[1]_CO[3])
                                                      0.457     4.937 r  u_ftq/imain_found_q_reg_i_246/CO[3]
                         net (fo=1, unplaced)         0.008     4.945    u_ftq/imain_found_q_reg_i_246_n_0
                         CARRY4 (Prop_carry4_CI_CO[2])
                                                      0.209     5.154 f  u_ftq/imain_found_q_reg_i_72/CO[2]
                         net (fo=1, unplaced)         0.349     5.503    u_tlb_manager/u_tlb/refill_q_ps[5]_i_47_1[0]
                         LUT6 (Prop_lut6_I2_O)        0.252     5.755 f  u_tlb_manager/u_tlb/imain_found_q_i_17/O
                         net (fo=6, unplaced)         0.970     6.725    u_tlb_manager/u_tlb/match0_27
                         LUT6 (Prop_lut6_I1_O)        0.105     6.830 f  u_tlb_manager/u_tlb/refill_q_v_i_50/O
                         net (fo=3, unplaced)         0.365     7.195    u_tlb_manager/u_tlb/refill_q_v_i_50_n_0
                         LUT3 (Prop_lut3_I1_O)        0.108     7.303 r  u_tlb_manager/u_tlb/refill_q_v_i_24/O
                         net (fo=14, unplaced)        0.989     8.292    u_tlb_manager/u_tlb/s0_group_hit1329_out
                         LUT6 (Prop_lut6_I1_O)        0.105     8.397 r  u_tlb_manager/u_tlb/refill_q_v_i_9/O
                         net (fo=13, unplaced)        0.578     8.975    u_tlb_manager/u_tlb/s0_index_r1
                         LUT6 (Prop_lut6_I2_O)        0.105     9.080 r  u_tlb_manager/u_tlb/refill_q_v_i_74__0/O
                         net (fo=102, unplaced)       0.447     9.527    u_tlb_manager/u_tlb/refill_q_ps[5]_i_28_0
                         LUT6 (Prop_lut6_I4_O)        0.105     9.632 r  u_tlb_manager/u_tlb/refill_q_ppn[11]_i_23/O
                         net (fo=1, unplaced)         0.938    10.570    u_tlb_manager/u_tlb/refill_q_ppn[11]_i_23_n_0
                         LUT6 (Prop_lut6_I0_O)        0.105    10.675 r  u_tlb_manager/u_tlb/refill_q_ppn[11]_i_10/O
                         net (fo=1, unplaced)         0.000    10.675    u_tlb_manager/u_tlb/refill_q_ppn[11]_i_10_n_0
                         MUXF7 (Prop_muxf7_I1_O)      0.206    10.881 r  u_tlb_manager/u_tlb/refill_q_ppn_reg[11]_i_4/O
                         net (fo=1, unplaced)         0.349    11.230    u_tlb_manager/u_tlb/tlb_ppn1[11]
                         LUT6 (Prop_lut6_I5_O)        0.242    11.472 r  u_tlb_manager/u_tlb/refill_q_ppn[11]_i_1/O
                         net (fo=2, unplaced)         0.000    11.472    u_tlb_manager/s0_ppn[11]
                         FDRE                                         r  u_tlb_manager/imain_ppn_q_reg[11]/D
  -------------------------------------------------------------------    -------------------

                         (clock cpu_clk rise edge)   11.111    11.111 r  
                                                      0.000    11.111 r  aclk (IN)
                         net (fo=34009, unset)        0.748    11.859    u_tlb_manager/aclk
                         FDRE                                         r  u_tlb_manager/imain_ppn_q_reg[11]/C
                         clock pessimism              0.000    11.859    
                         clock uncertainty           -0.035    11.823    
                         FDRE (Setup_fdre_C_D)        0.029    11.852    u_tlb_manager/imain_ppn_q_reg[11]
  -------------------------------------------------------------------
                         required time                         11.852    
                         arrival time                         -11.472    
  -------------------------------------------------------------------
                         slack                                  0.380    

Slack (MET) :             0.380ns  (required time - arrival time)
  Source:                 u_ftq/ifu_ptr_reg[0]/C
                            (rising edge-triggered cell FDRE clocked by cpu_clk  {rise@0.000ns fall@5.556ns period=11.111ns})
  Destination:            u_tlb_manager/imain_ppn_q_reg[12]/D
                            (rising edge-triggered cell FDRE clocked by cpu_clk  {rise@0.000ns fall@5.556ns period=11.111ns})
  Path Group:             cpu_clk
  Path Type:              Setup (Max at Slow Process Corner)
  Requirement:            11.111ns  (cpu_clk rise@11.111ns - cpu_clk rise@0.000ns)
  Data Path Delay:        10.685ns  (logic 3.030ns (28.358%)  route 7.655ns (71.643%))
  Logic Levels:           16  (CARRY4=2 LUT3=3 LUT6=10 MUXF7=1)
  Clock Path Skew:        -0.039ns (DCD - SCD + CPR)
    Destination Clock Delay (DCD):    0.748ns = ( 11.859 - 11.111 ) 
    Source Clock Delay      (SCD):    0.787ns
    Clock Pessimism Removal (CPR):    0.000ns
  Clock Uncertainty:      0.035ns  ((TSJ^2 + TIJ^2)^1/2 + DJ) / 2 + PE
    Total System Jitter     (TSJ):    0.071ns
    Total Input Jitter      (TIJ):    0.000ns
    Discrete Jitter          (DJ):    0.000ns
    Phase Error              (PE):    0.000ns

    Location             Delay type                Incr(ns)  Path(ns)    Netlist Resource(s)
  -------------------------------------------------------------------    -------------------
                         (clock cpu_clk rise edge)    0.000     0.000 r  
                                                      0.000     0.000 r  aclk (IN)
                         net (fo=34009, unset)        0.787     0.787    u_ftq/aclk
                         FDRE                                         r  u_ftq/ifu_ptr_reg[0]/C
  -------------------------------------------------------------------    -------------------
                         FDRE (Prop_fdre_C_Q)         0.379     1.166 r  u_ftq/ifu_ptr_reg[0]/Q
                         net (fo=76, unplaced)        0.872     2.038    u_ftq/Q[0]
                         LUT6 (Prop_lut6_I0_O)        0.232     2.270 f  u_ftq/pre_paddr[11]_i_5/O
                         net (fo=1, unplaced)         0.347     2.617    u_ftq/pre_paddr[11]_i_5_n_0
                         LUT6 (Prop_lut6_I5_O)        0.105     2.722 r  u_ftq/pre_paddr[11]_i_3/O
                         net (fo=3, unplaced)         0.346     3.068    u_ftq/pre_paddr[11]_i_3_n_0
                         LUT3 (Prop_lut3_I1_O)        0.105     3.173 r  u_ftq/pre_paddr[11]_i_2/O
                         net (fo=66, unplaced)        0.436     3.609    u_ftq/ftq_ifu_valid
                         LUT3 (Prop_lut3_I1_O)        0.105     3.714 r  u_ftq/refill_q_key[4]_i_1/O
                         net (fo=44, unplaced)        0.661     4.375    u_ftq/ifu_mmu_vaddr[4]
                         LUT6 (Prop_lut6_I0_O)        0.105     4.480 r  u_ftq/imain_found_q_i_492/O
                         net (fo=1, unplaced)         0.000     4.480    u_ftq/imain_found_q_i_492_n_0
                         CARRY4 (Prop_carry4_S[1]_CO[3])
                                                      0.457     4.937 r  u_ftq/imain_found_q_reg_i_246/CO[3]
                         net (fo=1, unplaced)         0.008     4.945    u_ftq/imain_found_q_reg_i_246_n_0
                         CARRY4 (Prop_carry4_CI_CO[2])
                                                      0.209     5.154 f  u_ftq/imain_found_q_reg_i_72/CO[2]
                         net (fo=1, unplaced)         0.349     5.503    u_tlb_manager/u_tlb/refill_q_ps[5]_i_47_1[0]
                         LUT6 (Prop_lut6_I2_O)        0.252     5.755 f  u_tlb_manager/u_tlb/imain_found_q_i_17/O
                         net (fo=6, unplaced)         0.970     6.725    u_tlb_manager/u_tlb/match0_27
                         LUT6 (Prop_lut6_I1_O)        0.105     6.830 f  u_tlb_manager/u_tlb/refill_q_v_i_50/O
                         net (fo=3, unplaced)         0.365     7.195    u_tlb_manager/u_tlb/refill_q_v_i_50_n_0
                         LUT3 (Prop_lut3_I1_O)        0.108     7.303 r  u_tlb_manager/u_tlb/refill_q_v_i_24/O
                         net (fo=14, unplaced)        0.989     8.292    u_tlb_manager/u_tlb/s0_group_hit1329_out
                         LUT6 (Prop_lut6_I1_O)        0.105     8.397 r  u_tlb_manager/u_tlb/refill_q_v_i_9/O
                         net (fo=13, unplaced)        0.578     8.975    u_tlb_manager/u_tlb/s0_index_r1
                         LUT6 (Prop_lut6_I2_O)        0.105     9.080 r  u_tlb_manager/u_tlb/refill_q_v_i_74__0/O
                         net (fo=102, unplaced)       0.447     9.527    u_tlb_manager/u_tlb/refill_q_ps[5]_i_28_0
                         LUT6 (Prop_lut6_I4_O)        0.105     9.632 r  u_tlb_manager/u_tlb/refill_q_ppn[12]_i_23/O
                         net (fo=1, unplaced)         0.938    10.570    u_tlb_manager/u_tlb/refill_q_ppn[12]_i_23_n_0
                         LUT6 (Prop_lut6_I0_O)        0.105    10.675 r  u_tlb_manager/u_tlb/refill_q_ppn[12]_i_10/O
                         net (fo=1, unplaced)         0.000    10.675    u_tlb_manager/u_tlb/refill_q_ppn[12]_i_10_n_0
                         MUXF7 (Prop_muxf7_I1_O)      0.206    10.881 r  u_tlb_manager/u_tlb/refill_q_ppn_reg[12]_i_4/O
                         net (fo=1, unplaced)         0.349    11.230    u_tlb_manager/u_tlb/tlb_ppn1[12]
                         LUT6 (Prop_lut6_I5_O)        0.242    11.472 r  u_tlb_manager/u_tlb/refill_q_ppn[12]_i_1/O
                         net (fo=2, unplaced)         0.000    11.472    u_tlb_manager/s0_ppn[12]
                         FDRE                                         r  u_tlb_manager/imain_ppn_q_reg[12]/D
  -------------------------------------------------------------------    -------------------

                         (clock cpu_clk rise edge)   11.111    11.111 r  
                                                      0.000    11.111 r  aclk (IN)
                         net (fo=34009, unset)        0.748    11.859    u_tlb_manager/aclk
                         FDRE                                         r  u_tlb_manager/imain_ppn_q_reg[12]/C
                         clock pessimism              0.000    11.859    
                         clock uncertainty           -0.035    11.823    
                         FDRE (Setup_fdre_C_D)        0.029    11.852    u_tlb_manager/imain_ppn_q_reg[12]
  -------------------------------------------------------------------
                         required time                         11.852    
                         arrival time                         -11.472    
  -------------------------------------------------------------------
                         slack                                  0.380    

Slack (MET) :             0.380ns  (required time - arrival time)
  Source:                 u_ftq/ifu_ptr_reg[0]/C
                            (rising edge-triggered cell FDRE clocked by cpu_clk  {rise@0.000ns fall@5.556ns period=11.111ns})
  Destination:            u_tlb_manager/imain_ppn_q_reg[13]/D
                            (rising edge-triggered cell FDRE clocked by cpu_clk  {rise@0.000ns fall@5.556ns period=11.111ns})
  Path Group:             cpu_clk
  Path Type:              Setup (Max at Slow Process Corner)
  Requirement:            11.111ns  (cpu_clk rise@11.111ns - cpu_clk rise@0.000ns)
  Data Path Delay:        10.685ns  (logic 3.030ns (28.358%)  route 7.655ns (71.643%))
  Logic Levels:           16  (CARRY4=2 LUT3=3 LUT6=10 MUXF7=1)
  Clock Path Skew:        -0.039ns (DCD - SCD + CPR)
    Destination Clock Delay (DCD):    0.748ns = ( 11.859 - 11.111 ) 
    Source Clock Delay      (SCD):    0.787ns
    Clock Pessimism Removal (CPR):    0.000ns
  Clock Uncertainty:      0.035ns  ((TSJ^2 + TIJ^2)^1/2 + DJ) / 2 + PE
    Total System Jitter     (TSJ):    0.071ns
    Total Input Jitter      (TIJ):    0.000ns
    Discrete Jitter          (DJ):    0.000ns
    Phase Error              (PE):    0.000ns

    Location             Delay type                Incr(ns)  Path(ns)    Netlist Resource(s)
  -------------------------------------------------------------------    -------------------
                         (clock cpu_clk rise edge)    0.000     0.000 r  
                                                      0.000     0.000 r  aclk (IN)
                         net (fo=34009, unset)        0.787     0.787    u_ftq/aclk
                         FDRE                                         r  u_ftq/ifu_ptr_reg[0]/C
  -------------------------------------------------------------------    -------------------
                         FDRE (Prop_fdre_C_Q)         0.379     1.166 r  u_ftq/ifu_ptr_reg[0]/Q
                         net (fo=76, unplaced)        0.872     2.038    u_ftq/Q[0]
                         LUT6 (Prop_lut6_I0_O)        0.232     2.270 f  u_ftq/pre_paddr[11]_i_5/O
                         net (fo=1, unplaced)         0.347     2.617    u_ftq/pre_paddr[11]_i_5_n_0
                         LUT6 (Prop_lut6_I5_O)        0.105     2.722 r  u_ftq/pre_paddr[11]_i_3/O
                         net (fo=3, unplaced)         0.346     3.068    u_ftq/pre_paddr[11]_i_3_n_0
                         LUT3 (Prop_lut3_I1_O)        0.105     3.173 r  u_ftq/pre_paddr[11]_i_2/O
                         net (fo=66, unplaced)        0.436     3.609    u_ftq/ftq_ifu_valid
                         LUT3 (Prop_lut3_I1_O)        0.105     3.714 r  u_ftq/refill_q_key[4]_i_1/O
                         net (fo=44, unplaced)        0.661     4.375    u_ftq/ifu_mmu_vaddr[4]
                         LUT6 (Prop_lut6_I0_O)        0.105     4.480 r  u_ftq/imain_found_q_i_492/O
                         net (fo=1, unplaced)         0.000     4.480    u_ftq/imain_found_q_i_492_n_0
                         CARRY4 (Prop_carry4_S[1]_CO[3])
                                                      0.457     4.937 r  u_ftq/imain_found_q_reg_i_246/CO[3]
                         net (fo=1, unplaced)         0.008     4.945    u_ftq/imain_found_q_reg_i_246_n_0
                         CARRY4 (Prop_carry4_CI_CO[2])
                                                      0.209     5.154 f  u_ftq/imain_found_q_reg_i_72/CO[2]
                         net (fo=1, unplaced)         0.349     5.503    u_tlb_manager/u_tlb/refill_q_ps[5]_i_47_1[0]
                         LUT6 (Prop_lut6_I2_O)        0.252     5.755 f  u_tlb_manager/u_tlb/imain_found_q_i_17/O
                         net (fo=6, unplaced)         0.970     6.725    u_tlb_manager/u_tlb/match0_27
                         LUT6 (Prop_lut6_I1_O)        0.105     6.830 f  u_tlb_manager/u_tlb/refill_q_v_i_50/O
                         net (fo=3, unplaced)         0.365     7.195    u_tlb_manager/u_tlb/refill_q_v_i_50_n_0
                         LUT3 (Prop_lut3_I1_O)        0.108     7.303 r  u_tlb_manager/u_tlb/refill_q_v_i_24/O
                         net (fo=14, unplaced)        0.989     8.292    u_tlb_manager/u_tlb/s0_group_hit1329_out
                         LUT6 (Prop_lut6_I1_O)        0.105     8.397 r  u_tlb_manager/u_tlb/refill_q_v_i_9/O
                         net (fo=13, unplaced)        0.578     8.975    u_tlb_manager/u_tlb/s0_index_r1
                         LUT6 (Prop_lut6_I2_O)        0.105     9.080 r  u_tlb_manager/u_tlb/refill_q_v_i_74__0/O
                         net (fo=102, unplaced)       0.447     9.527    u_tlb_manager/u_tlb/refill_q_ps[5]_i_28_0
                         LUT6 (Prop_lut6_I4_O)        0.105     9.632 r  u_tlb_manager/u_tlb/refill_q_ppn[13]_i_23/O
                         net (fo=1, unplaced)         0.938    10.570    u_tlb_manager/u_tlb/refill_q_ppn[13]_i_23_n_0
                         LUT6 (Prop_lut6_I0_O)        0.105    10.675 r  u_tlb_manager/u_tlb/refill_q_ppn[13]_i_10/O
                         net (fo=1, unplaced)         0.000    10.675    u_tlb_manager/u_tlb/refill_q_ppn[13]_i_10_n_0
                         MUXF7 (Prop_muxf7_I1_O)      0.206    10.881 r  u_tlb_manager/u_tlb/refill_q_ppn_reg[13]_i_4/O
                         net (fo=1, unplaced)         0.349    11.230    u_tlb_manager/u_tlb/tlb_ppn1[13]
                         LUT6 (Prop_lut6_I5_O)        0.242    11.472 r  u_tlb_manager/u_tlb/refill_q_ppn[13]_i_1/O
                         net (fo=2, unplaced)         0.000    11.472    u_tlb_manager/s0_ppn[13]
                         FDRE                                         r  u_tlb_manager/imain_ppn_q_reg[13]/D
  -------------------------------------------------------------------    -------------------

                         (clock cpu_clk rise edge)   11.111    11.111 r  
                                                      0.000    11.111 r  aclk (IN)
                         net (fo=34009, unset)        0.748    11.859    u_tlb_manager/aclk
                         FDRE                                         r  u_tlb_manager/imain_ppn_q_reg[13]/C
                         clock pessimism              0.000    11.859    
                         clock uncertainty           -0.035    11.823    
                         FDRE (Setup_fdre_C_D)        0.029    11.852    u_tlb_manager/imain_ppn_q_reg[13]
  -------------------------------------------------------------------
                         required time                         11.852    
                         arrival time                         -11.472    
  -------------------------------------------------------------------
                         slack                                  0.380    

Slack (MET) :             0.380ns  (required time - arrival time)
  Source:                 u_ftq/ifu_ptr_reg[0]/C
                            (rising edge-triggered cell FDRE clocked by cpu_clk  {rise@0.000ns fall@5.556ns period=11.111ns})
  Destination:            u_tlb_manager/imain_ppn_q_reg[14]/D
                            (rising edge-triggered cell FDRE clocked by cpu_clk  {rise@0.000ns fall@5.556ns period=11.111ns})
  Path Group:             cpu_clk
  Path Type:              Setup (Max at Slow Process Corner)
  Requirement:            11.111ns  (cpu_clk rise@11.111ns - cpu_clk rise@0.000ns)
  Data Path Delay:        10.685ns  (logic 3.030ns (28.358%)  route 7.655ns (71.643%))
  Logic Levels:           16  (CARRY4=2 LUT3=3 LUT6=10 MUXF7=1)
  Clock Path Skew:        -0.039ns (DCD - SCD + CPR)
    Destination Clock Delay (DCD):    0.748ns = ( 11.859 - 11.111 ) 
    Source Clock Delay      (SCD):    0.787ns
    Clock Pessimism Removal (CPR):    0.000ns
  Clock Uncertainty:      0.035ns  ((TSJ^2 + TIJ^2)^1/2 + DJ) / 2 + PE
    Total System Jitter     (TSJ):    0.071ns
    Total Input Jitter      (TIJ):    0.000ns
    Discrete Jitter          (DJ):    0.000ns
    Phase Error              (PE):    0.000ns

    Location             Delay type                Incr(ns)  Path(ns)    Netlist Resource(s)
  -------------------------------------------------------------------    -------------------
                         (clock cpu_clk rise edge)    0.000     0.000 r  
                                                      0.000     0.000 r  aclk (IN)
                         net (fo=34009, unset)        0.787     0.787    u_ftq/aclk
                         FDRE                                         r  u_ftq/ifu_ptr_reg[0]/C
  -------------------------------------------------------------------    -------------------
                         FDRE (Prop_fdre_C_Q)         0.379     1.166 r  u_ftq/ifu_ptr_reg[0]/Q
                         net (fo=76, unplaced)        0.872     2.038    u_ftq/Q[0]
                         LUT6 (Prop_lut6_I0_O)        0.232     2.270 f  u_ftq/pre_paddr[11]_i_5/O
                         net (fo=1, unplaced)         0.347     2.617    u_ftq/pre_paddr[11]_i_5_n_0
                         LUT6 (Prop_lut6_I5_O)        0.105     2.722 r  u_ftq/pre_paddr[11]_i_3/O
                         net (fo=3, unplaced)         0.346     3.068    u_ftq/pre_paddr[11]_i_3_n_0
                         LUT3 (Prop_lut3_I1_O)        0.105     3.173 r  u_ftq/pre_paddr[11]_i_2/O
                         net (fo=66, unplaced)        0.436     3.609    u_ftq/ftq_ifu_valid
                         LUT3 (Prop_lut3_I1_O)        0.105     3.714 r  u_ftq/refill_q_key[4]_i_1/O
                         net (fo=44, unplaced)        0.661     4.375    u_ftq/ifu_mmu_vaddr[4]
                         LUT6 (Prop_lut6_I0_O)        0.105     4.480 r  u_ftq/imain_found_q_i_492/O
                         net (fo=1, unplaced)         0.000     4.480    u_ftq/imain_found_q_i_492_n_0
                         CARRY4 (Prop_carry4_S[1]_CO[3])
                                                      0.457     4.937 r  u_ftq/imain_found_q_reg_i_246/CO[3]
                         net (fo=1, unplaced)         0.008     4.945    u_ftq/imain_found_q_reg_i_246_n_0
                         CARRY4 (Prop_carry4_CI_CO[2])
                                                      0.209     5.154 f  u_ftq/imain_found_q_reg_i_72/CO[2]
                         net (fo=1, unplaced)         0.349     5.503    u_tlb_manager/u_tlb/refill_q_ps[5]_i_47_1[0]
                         LUT6 (Prop_lut6_I2_O)        0.252     5.755 f  u_tlb_manager/u_tlb/imain_found_q_i_17/O
                         net (fo=6, unplaced)         0.970     6.725    u_tlb_manager/u_tlb/match0_27
                         LUT6 (Prop_lut6_I1_O)        0.105     6.830 f  u_tlb_manager/u_tlb/refill_q_v_i_50/O
                         net (fo=3, unplaced)         0.365     7.195    u_tlb_manager/u_tlb/refill_q_v_i_50_n_0
                         LUT3 (Prop_lut3_I1_O)        0.108     7.303 r  u_tlb_manager/u_tlb/refill_q_v_i_24/O
                         net (fo=14, unplaced)        0.989     8.292    u_tlb_manager/u_tlb/s0_group_hit1329_out
                         LUT6 (Prop_lut6_I1_O)        0.105     8.397 r  u_tlb_manager/u_tlb/refill_q_v_i_9/O
                         net (fo=13, unplaced)        0.578     8.975    u_tlb_manager/u_tlb/s0_index_r1
                         LUT6 (Prop_lut6_I2_O)        0.105     9.080 r  u_tlb_manager/u_tlb/refill_q_v_i_74__0/O
                         net (fo=102, unplaced)       0.447     9.527    u_tlb_manager/u_tlb/refill_q_ps[5]_i_28_0
                         LUT6 (Prop_lut6_I4_O)        0.105     9.632 r  u_tlb_manager/u_tlb/refill_q_ppn[14]_i_23/O
                         net (fo=1, unplaced)         0.938    10.570    u_tlb_manager/u_tlb/refill_q_ppn[14]_i_23_n_0
                         LUT6 (Prop_lut6_I0_O)        0.105    10.675 r  u_tlb_manager/u_tlb/refill_q_ppn[14]_i_10/O
                         net (fo=1, unplaced)         0.000    10.675    u_tlb_manager/u_tlb/refill_q_ppn[14]_i_10_n_0
                         MUXF7 (Prop_muxf7_I1_O)      0.206    10.881 r  u_tlb_manager/u_tlb/refill_q_ppn_reg[14]_i_4/O
                         net (fo=1, unplaced)         0.349    11.230    u_tlb_manager/u_tlb/tlb_ppn1[14]
                         LUT6 (Prop_lut6_I5_O)        0.242    11.472 r  u_tlb_manager/u_tlb/refill_q_ppn[14]_i_1/O
                         net (fo=2, unplaced)         0.000    11.472    u_tlb_manager/s0_ppn[14]
                         FDRE                                         r  u_tlb_manager/imain_ppn_q_reg[14]/D
  -------------------------------------------------------------------    -------------------

                         (clock cpu_clk rise edge)   11.111    11.111 r  
                                                      0.000    11.111 r  aclk (IN)
                         net (fo=34009, unset)        0.748    11.859    u_tlb_manager/aclk
                         FDRE                                         r  u_tlb_manager/imain_ppn_q_reg[14]/C
                         clock pessimism              0.000    11.859    
                         clock uncertainty           -0.035    11.823    
                         FDRE (Setup_fdre_C_D)        0.029    11.852    u_tlb_manager/imain_ppn_q_reg[14]
  -------------------------------------------------------------------
                         required time                         11.852    
                         arrival time                         -11.472    
  -------------------------------------------------------------------
                         slack                                  0.380    

Slack (MET) :             0.380ns  (required time - arrival time)
  Source:                 u_ftq/ifu_ptr_reg[0]/C
                            (rising edge-triggered cell FDRE clocked by cpu_clk  {rise@0.000ns fall@5.556ns period=11.111ns})
  Destination:            u_tlb_manager/imain_ppn_q_reg[15]/D
                            (rising edge-triggered cell FDRE clocked by cpu_clk  {rise@0.000ns fall@5.556ns period=11.111ns})
  Path Group:             cpu_clk
  Path Type:              Setup (Max at Slow Process Corner)
  Requirement:            11.111ns  (cpu_clk rise@11.111ns - cpu_clk rise@0.000ns)
  Data Path Delay:        10.685ns  (logic 3.030ns (28.358%)  route 7.655ns (71.643%))
  Logic Levels:           16  (CARRY4=2 LUT3=3 LUT6=10 MUXF7=1)
  Clock Path Skew:        -0.039ns (DCD - SCD + CPR)
    Destination Clock Delay (DCD):    0.748ns = ( 11.859 - 11.111 ) 
    Source Clock Delay      (SCD):    0.787ns
    Clock Pessimism Removal (CPR):    0.000ns
  Clock Uncertainty:      0.035ns  ((TSJ^2 + TIJ^2)^1/2 + DJ) / 2 + PE
    Total System Jitter     (TSJ):    0.071ns
    Total Input Jitter      (TIJ):    0.000ns
    Discrete Jitter          (DJ):    0.000ns
    Phase Error              (PE):    0.000ns

    Location             Delay type                Incr(ns)  Path(ns)    Netlist Resource(s)
  -------------------------------------------------------------------    -------------------
                         (clock cpu_clk rise edge)    0.000     0.000 r  
                                                      0.000     0.000 r  aclk (IN)
                         net (fo=34009, unset)        0.787     0.787    u_ftq/aclk
                         FDRE                                         r  u_ftq/ifu_ptr_reg[0]/C
  -------------------------------------------------------------------    -------------------
                         FDRE (Prop_fdre_C_Q)         0.379     1.166 r  u_ftq/ifu_ptr_reg[0]/Q
                         net (fo=76, unplaced)        0.872     2.038    u_ftq/Q[0]
                         LUT6 (Prop_lut6_I0_O)        0.232     2.270 f  u_ftq/pre_paddr[11]_i_5/O
                         net (fo=1, unplaced)         0.347     2.617    u_ftq/pre_paddr[11]_i_5_n_0
                         LUT6 (Prop_lut6_I5_O)        0.105     2.722 r  u_ftq/pre_paddr[11]_i_3/O
                         net (fo=3, unplaced)         0.346     3.068    u_ftq/pre_paddr[11]_i_3_n_0
                         LUT3 (Prop_lut3_I1_O)        0.105     3.173 r  u_ftq/pre_paddr[11]_i_2/O
                         net (fo=66, unplaced)        0.436     3.609    u_ftq/ftq_ifu_valid
                         LUT3 (Prop_lut3_I1_O)        0.105     3.714 r  u_ftq/refill_q_key[4]_i_1/O
                         net (fo=44, unplaced)        0.661     4.375    u_ftq/ifu_mmu_vaddr[4]
                         LUT6 (Prop_lut6_I0_O)        0.105     4.480 r  u_ftq/imain_found_q_i_492/O
                         net (fo=1, unplaced)         0.000     4.480    u_ftq/imain_found_q_i_492_n_0
                         CARRY4 (Prop_carry4_S[1]_CO[3])
                                                      0.457     4.937 r  u_ftq/imain_found_q_reg_i_246/CO[3]
                         net (fo=1, unplaced)         0.008     4.945    u_ftq/imain_found_q_reg_i_246_n_0
                         CARRY4 (Prop_carry4_CI_CO[2])
                                                      0.209     5.154 f  u_ftq/imain_found_q_reg_i_72/CO[2]
                         net (fo=1, unplaced)         0.349     5.503    u_tlb_manager/u_tlb/refill_q_ps[5]_i_47_1[0]
                         LUT6 (Prop_lut6_I2_O)        0.252     5.755 f  u_tlb_manager/u_tlb/imain_found_q_i_17/O
                         net (fo=6, unplaced)         0.970     6.725    u_tlb_manager/u_tlb/match0_27
                         LUT6 (Prop_lut6_I1_O)        0.105     6.830 f  u_tlb_manager/u_tlb/refill_q_v_i_50/O
                         net (fo=3, unplaced)         0.365     7.195    u_tlb_manager/u_tlb/refill_q_v_i_50_n_0
                         LUT3 (Prop_lut3_I1_O)        0.108     7.303 r  u_tlb_manager/u_tlb/refill_q_v_i_24/O
                         net (fo=14, unplaced)        0.989     8.292    u_tlb_manager/u_tlb/s0_group_hit1329_out
                         LUT6 (Prop_lut6_I1_O)        0.105     8.397 r  u_tlb_manager/u_tlb/refill_q_v_i_9/O
                         net (fo=13, unplaced)        0.578     8.975    u_tlb_manager/u_tlb/s0_index_r1
                         LUT6 (Prop_lut6_I2_O)        0.105     9.080 r  u_tlb_manager/u_tlb/refill_q_v_i_74__0/O
                         net (fo=102, unplaced)       0.447     9.527    u_tlb_manager/u_tlb/refill_q_ps[5]_i_28_0
                         LUT6 (Prop_lut6_I4_O)        0.105     9.632 r  u_tlb_manager/u_tlb/refill_q_ppn[15]_i_23/O
                         net (fo=1, unplaced)         0.938    10.570    u_tlb_manager/u_tlb/refill_q_ppn[15]_i_23_n_0
                         LUT6 (Prop_lut6_I0_O)        0.105    10.675 r  u_tlb_manager/u_tlb/refill_q_ppn[15]_i_10/O
                         net (fo=1, unplaced)         0.000    10.675    u_tlb_manager/u_tlb/refill_q_ppn[15]_i_10_n_0
                         MUXF7 (Prop_muxf7_I1_O)      0.206    10.881 r  u_tlb_manager/u_tlb/refill_q_ppn_reg[15]_i_4/O
                         net (fo=1, unplaced)         0.349    11.230    u_tlb_manager/u_tlb/tlb_ppn1[15]
                         LUT6 (Prop_lut6_I5_O)        0.242    11.472 r  u_tlb_manager/u_tlb/refill_q_ppn[15]_i_1/O
                         net (fo=2, unplaced)         0.000    11.472    u_tlb_manager/s0_ppn[15]
                         FDRE                                         r  u_tlb_manager/imain_ppn_q_reg[15]/D
  -------------------------------------------------------------------    -------------------

                         (clock cpu_clk rise edge)   11.111    11.111 r  
                                                      0.000    11.111 r  aclk (IN)
                         net (fo=34009, unset)        0.748    11.859    u_tlb_manager/aclk
                         FDRE                                         r  u_tlb_manager/imain_ppn_q_reg[15]/C
                         clock pessimism              0.000    11.859    
                         clock uncertainty           -0.035    11.823    
                         FDRE (Setup_fdre_C_D)        0.029    11.852    u_tlb_manager/imain_ppn_q_reg[15]
  -------------------------------------------------------------------
                         required time                         11.852    
                         arrival time                         -11.472    
  -------------------------------------------------------------------
                         slack                                  0.380    

Slack (MET) :             0.380ns  (required time - arrival time)
  Source:                 u_ftq/ifu_ptr_reg[0]/C
                            (rising edge-triggered cell FDRE clocked by cpu_clk  {rise@0.000ns fall@5.556ns period=11.111ns})
  Destination:            u_tlb_manager/imain_ppn_q_reg[16]/D
                            (rising edge-triggered cell FDRE clocked by cpu_clk  {rise@0.000ns fall@5.556ns period=11.111ns})
  Path Group:             cpu_clk
  Path Type:              Setup (Max at Slow Process Corner)
  Requirement:            11.111ns  (cpu_clk rise@11.111ns - cpu_clk rise@0.000ns)
  Data Path Delay:        10.685ns  (logic 3.030ns (28.358%)  route 7.655ns (71.643%))
  Logic Levels:           16  (CARRY4=2 LUT3=3 LUT6=10 MUXF7=1)
  Clock Path Skew:        -0.039ns (DCD - SCD + CPR)
    Destination Clock Delay (DCD):    0.748ns = ( 11.859 - 11.111 ) 
    Source Clock Delay      (SCD):    0.787ns
    Clock Pessimism Removal (CPR):    0.000ns
  Clock Uncertainty:      0.035ns  ((TSJ^2 + TIJ^2)^1/2 + DJ) / 2 + PE
    Total System Jitter     (TSJ):    0.071ns
    Total Input Jitter      (TIJ):    0.000ns
    Discrete Jitter          (DJ):    0.000ns
    Phase Error              (PE):    0.000ns

    Location             Delay type                Incr(ns)  Path(ns)    Netlist Resource(s)
  -------------------------------------------------------------------    -------------------
                         (clock cpu_clk rise edge)    0.000     0.000 r  
                                                      0.000     0.000 r  aclk (IN)
                         net (fo=34009, unset)        0.787     0.787    u_ftq/aclk
                         FDRE                                         r  u_ftq/ifu_ptr_reg[0]/C
  -------------------------------------------------------------------    -------------------
                         FDRE (Prop_fdre_C_Q)         0.379     1.166 r  u_ftq/ifu_ptr_reg[0]/Q
                         net (fo=76, unplaced)        0.872     2.038    u_ftq/Q[0]
                         LUT6 (Prop_lut6_I0_O)        0.232     2.270 f  u_ftq/pre_paddr[11]_i_5/O
                         net (fo=1, unplaced)         0.347     2.617    u_ftq/pre_paddr[11]_i_5_n_0
                         LUT6 (Prop_lut6_I5_O)        0.105     2.722 r  u_ftq/pre_paddr[11]_i_3/O
                         net (fo=3, unplaced)         0.346     3.068    u_ftq/pre_paddr[11]_i_3_n_0
                         LUT3 (Prop_lut3_I1_O)        0.105     3.173 r  u_ftq/pre_paddr[11]_i_2/O
                         net (fo=66, unplaced)        0.436     3.609    u_ftq/ftq_ifu_valid
                         LUT3 (Prop_lut3_I1_O)        0.105     3.714 r  u_ftq/refill_q_key[4]_i_1/O
                         net (fo=44, unplaced)        0.661     4.375    u_ftq/ifu_mmu_vaddr[4]
                         LUT6 (Prop_lut6_I0_O)        0.105     4.480 r  u_ftq/imain_found_q_i_492/O
                         net (fo=1, unplaced)         0.000     4.480    u_ftq/imain_found_q_i_492_n_0
                         CARRY4 (Prop_carry4_S[1]_CO[3])
                                                      0.457     4.937 r  u_ftq/imain_found_q_reg_i_246/CO[3]
                         net (fo=1, unplaced)         0.008     4.945    u_ftq/imain_found_q_reg_i_246_n_0
                         CARRY4 (Prop_carry4_CI_CO[2])
                                                      0.209     5.154 f  u_ftq/imain_found_q_reg_i_72/CO[2]
                         net (fo=1, unplaced)         0.349     5.503    u_tlb_manager/u_tlb/refill_q_ps[5]_i_47_1[0]
                         LUT6 (Prop_lut6_I2_O)        0.252     5.755 f  u_tlb_manager/u_tlb/imain_found_q_i_17/O
                         net (fo=6, unplaced)         0.970     6.725    u_tlb_manager/u_tlb/match0_27
                         LUT6 (Prop_lut6_I1_O)        0.105     6.830 f  u_tlb_manager/u_tlb/refill_q_v_i_50/O
                         net (fo=3, unplaced)         0.365     7.195    u_tlb_manager/u_tlb/refill_q_v_i_50_n_0
                         LUT3 (Prop_lut3_I1_O)        0.108     7.303 r  u_tlb_manager/u_tlb/refill_q_v_i_24/O
                         net (fo=14, unplaced)        0.989     8.292    u_tlb_manager/u_tlb/s0_group_hit1329_out
                         LUT6 (Prop_lut6_I1_O)        0.105     8.397 r  u_tlb_manager/u_tlb/refill_q_v_i_9/O
                         net (fo=13, unplaced)        0.578     8.975    u_tlb_manager/u_tlb/s0_index_r1
                         LUT6 (Prop_lut6_I2_O)        0.105     9.080 r  u_tlb_manager/u_tlb/refill_q_v_i_74__0/O
                         net (fo=102, unplaced)       0.447     9.527    u_tlb_manager/u_tlb/refill_q_ps[5]_i_28_0
                         LUT6 (Prop_lut6_I4_O)        0.105     9.632 r  u_tlb_manager/u_tlb/refill_q_ppn[16]_i_23/O
                         net (fo=1, unplaced)         0.938    10.570    u_tlb_manager/u_tlb/refill_q_ppn[16]_i_23_n_0
                         LUT6 (Prop_lut6_I0_O)        0.105    10.675 r  u_tlb_manager/u_tlb/refill_q_ppn[16]_i_10/O
                         net (fo=1, unplaced)         0.000    10.675    u_tlb_manager/u_tlb/refill_q_ppn[16]_i_10_n_0
                         MUXF7 (Prop_muxf7_I1_O)      0.206    10.881 r  u_tlb_manager/u_tlb/refill_q_ppn_reg[16]_i_4/O
                         net (fo=1, unplaced)         0.349    11.230    u_tlb_manager/u_tlb/tlb_ppn1[16]
                         LUT6 (Prop_lut6_I5_O)        0.242    11.472 r  u_tlb_manager/u_tlb/refill_q_ppn[16]_i_1/O
                         net (fo=2, unplaced)         0.000    11.472    u_tlb_manager/s0_ppn[16]
                         FDRE                                         r  u_tlb_manager/imain_ppn_q_reg[16]/D
  -------------------------------------------------------------------    -------------------

                         (clock cpu_clk rise edge)   11.111    11.111 r  
                                                      0.000    11.111 r  aclk (IN)
                         net (fo=34009, unset)        0.748    11.859    u_tlb_manager/aclk
                         FDRE                                         r  u_tlb_manager/imain_ppn_q_reg[16]/C
                         clock pessimism              0.000    11.859    
                         clock uncertainty           -0.035    11.823    
                         FDRE (Setup_fdre_C_D)        0.029    11.852    u_tlb_manager/imain_ppn_q_reg[16]
  -------------------------------------------------------------------
                         required time                         11.852    
                         arrival time                         -11.472    
  -------------------------------------------------------------------
                         slack                                  0.380    

Slack (MET) :             0.380ns  (required time - arrival time)
  Source:                 u_ftq/ifu_ptr_reg[0]/C
                            (rising edge-triggered cell FDRE clocked by cpu_clk  {rise@0.000ns fall@5.556ns period=11.111ns})
  Destination:            u_tlb_manager/imain_ppn_q_reg[17]/D
                            (rising edge-triggered cell FDRE clocked by cpu_clk  {rise@0.000ns fall@5.556ns period=11.111ns})
  Path Group:             cpu_clk
  Path Type:              Setup (Max at Slow Process Corner)
  Requirement:            11.111ns  (cpu_clk rise@11.111ns - cpu_clk rise@0.000ns)
  Data Path Delay:        10.685ns  (logic 3.030ns (28.358%)  route 7.655ns (71.643%))
  Logic Levels:           16  (CARRY4=2 LUT3=3 LUT6=10 MUXF7=1)
  Clock Path Skew:        -0.039ns (DCD - SCD + CPR)
    Destination Clock Delay (DCD):    0.748ns = ( 11.859 - 11.111 ) 
    Source Clock Delay      (SCD):    0.787ns
    Clock Pessimism Removal (CPR):    0.000ns
  Clock Uncertainty:      0.035ns  ((TSJ^2 + TIJ^2)^1/2 + DJ) / 2 + PE
    Total System Jitter     (TSJ):    0.071ns
    Total Input Jitter      (TIJ):    0.000ns
    Discrete Jitter          (DJ):    0.000ns
    Phase Error              (PE):    0.000ns

    Location             Delay type                Incr(ns)  Path(ns)    Netlist Resource(s)
  -------------------------------------------------------------------    -------------------
                         (clock cpu_clk rise edge)    0.000     0.000 r  
                                                      0.000     0.000 r  aclk (IN)
                         net (fo=34009, unset)        0.787     0.787    u_ftq/aclk
                         FDRE                                         r  u_ftq/ifu_ptr_reg[0]/C
  -------------------------------------------------------------------    -------------------
                         FDRE (Prop_fdre_C_Q)         0.379     1.166 r  u_ftq/ifu_ptr_reg[0]/Q
                         net (fo=76, unplaced)        0.872     2.038    u_ftq/Q[0]
                         LUT6 (Prop_lut6_I0_O)        0.232     2.270 f  u_ftq/pre_paddr[11]_i_5/O
                         net (fo=1, unplaced)         0.347     2.617    u_ftq/pre_paddr[11]_i_5_n_0
                         LUT6 (Prop_lut6_I5_O)        0.105     2.722 r  u_ftq/pre_paddr[11]_i_3/O
                         net (fo=3, unplaced)         0.346     3.068    u_ftq/pre_paddr[11]_i_3_n_0
                         LUT3 (Prop_lut3_I1_O)        0.105     3.173 r  u_ftq/pre_paddr[11]_i_2/O
                         net (fo=66, unplaced)        0.436     3.609    u_ftq/ftq_ifu_valid
                         LUT3 (Prop_lut3_I1_O)        0.105     3.714 r  u_ftq/refill_q_key[4]_i_1/O
                         net (fo=44, unplaced)        0.661     4.375    u_ftq/ifu_mmu_vaddr[4]
                         LUT6 (Prop_lut6_I0_O)        0.105     4.480 r  u_ftq/imain_found_q_i_492/O
                         net (fo=1, unplaced)         0.000     4.480    u_ftq/imain_found_q_i_492_n_0
                         CARRY4 (Prop_carry4_S[1]_CO[3])
                                                      0.457     4.937 r  u_ftq/imain_found_q_reg_i_246/CO[3]
                         net (fo=1, unplaced)         0.008     4.945    u_ftq/imain_found_q_reg_i_246_n_0
                         CARRY4 (Prop_carry4_CI_CO[2])
                                                      0.209     5.154 f  u_ftq/imain_found_q_reg_i_72/CO[2]
                         net (fo=1, unplaced)         0.349     5.503    u_tlb_manager/u_tlb/refill_q_ps[5]_i_47_1[0]
                         LUT6 (Prop_lut6_I2_O)        0.252     5.755 f  u_tlb_manager/u_tlb/imain_found_q_i_17/O
                         net (fo=6, unplaced)         0.970     6.725    u_tlb_manager/u_tlb/match0_27
                         LUT6 (Prop_lut6_I1_O)        0.105     6.830 f  u_tlb_manager/u_tlb/refill_q_v_i_50/O
                         net (fo=3, unplaced)         0.365     7.195    u_tlb_manager/u_tlb/refill_q_v_i_50_n_0
                         LUT3 (Prop_lut3_I1_O)        0.108     7.303 r  u_tlb_manager/u_tlb/refill_q_v_i_24/O
                         net (fo=14, unplaced)        0.989     8.292    u_tlb_manager/u_tlb/s0_group_hit1329_out
                         LUT6 (Prop_lut6_I1_O)        0.105     8.397 r  u_tlb_manager/u_tlb/refill_q_v_i_9/O
                         net (fo=13, unplaced)        0.578     8.975    u_tlb_manager/u_tlb/s0_index_r1
                         LUT6 (Prop_lut6_I2_O)        0.105     9.080 r  u_tlb_manager/u_tlb/refill_q_v_i_74__0/O
                         net (fo=102, unplaced)       0.447     9.527    u_tlb_manager/u_tlb/refill_q_ps[5]_i_28_0
                         LUT6 (Prop_lut6_I4_O)        0.105     9.632 r  u_tlb_manager/u_tlb/refill_q_ppn[17]_i_23/O
                         net (fo=1, unplaced)         0.938    10.570    u_tlb_manager/u_tlb/refill_q_ppn[17]_i_23_n_0
                         LUT6 (Prop_lut6_I0_O)        0.105    10.675 r  u_tlb_manager/u_tlb/refill_q_ppn[17]_i_10/O
                         net (fo=1, unplaced)         0.000    10.675    u_tlb_manager/u_tlb/refill_q_ppn[17]_i_10_n_0
                         MUXF7 (Prop_muxf7_I1_O)      0.206    10.881 r  u_tlb_manager/u_tlb/refill_q_ppn_reg[17]_i_4/O
                         net (fo=1, unplaced)         0.349    11.230    u_tlb_manager/u_tlb/tlb_ppn1[17]
                         LUT6 (Prop_lut6_I5_O)        0.242    11.472 r  u_tlb_manager/u_tlb/refill_q_ppn[17]_i_1/O
                         net (fo=2, unplaced)         0.000    11.472    u_tlb_manager/s0_ppn[17]
                         FDRE                                         r  u_tlb_manager/imain_ppn_q_reg[17]/D
  -------------------------------------------------------------------    -------------------

                         (clock cpu_clk rise edge)   11.111    11.111 r  
                                                      0.000    11.111 r  aclk (IN)
                         net (fo=34009, unset)        0.748    11.859    u_tlb_manager/aclk
                         FDRE                                         r  u_tlb_manager/imain_ppn_q_reg[17]/C
                         clock pessimism              0.000    11.859    
                         clock uncertainty           -0.035    11.823    
                         FDRE (Setup_fdre_C_D)        0.029    11.852    u_tlb_manager/imain_ppn_q_reg[17]
  -------------------------------------------------------------------
                         required time                         11.852    
                         arrival time                         -11.472    
  -------------------------------------------------------------------
                         slack                                  0.380    

Slack (MET) :             0.380ns  (required time - arrival time)
  Source:                 u_ftq/ifu_ptr_reg[0]/C
                            (rising edge-triggered cell FDRE clocked by cpu_clk  {rise@0.000ns fall@5.556ns period=11.111ns})
  Destination:            u_tlb_manager/imain_ppn_q_reg[18]/D
                            (rising edge-triggered cell FDRE clocked by cpu_clk  {rise@0.000ns fall@5.556ns period=11.111ns})
  Path Group:             cpu_clk
  Path Type:              Setup (Max at Slow Process Corner)
  Requirement:            11.111ns  (cpu_clk rise@11.111ns - cpu_clk rise@0.000ns)
  Data Path Delay:        10.685ns  (logic 3.030ns (28.358%)  route 7.655ns (71.643%))
  Logic Levels:           16  (CARRY4=2 LUT3=3 LUT6=10 MUXF7=1)
  Clock Path Skew:        -0.039ns (DCD - SCD + CPR)
    Destination Clock Delay (DCD):    0.748ns = ( 11.859 - 11.111 ) 
    Source Clock Delay      (SCD):    0.787ns
    Clock Pessimism Removal (CPR):    0.000ns
  Clock Uncertainty:      0.035ns  ((TSJ^2 + TIJ^2)^1/2 + DJ) / 2 + PE
    Total System Jitter     (TSJ):    0.071ns
    Total Input Jitter      (TIJ):    0.000ns
    Discrete Jitter          (DJ):    0.000ns
    Phase Error              (PE):    0.000ns

    Location             Delay type                Incr(ns)  Path(ns)    Netlist Resource(s)
  -------------------------------------------------------------------    -------------------
                         (clock cpu_clk rise edge)    0.000     0.000 r  
                                                      0.000     0.000 r  aclk (IN)
                         net (fo=34009, unset)        0.787     0.787    u_ftq/aclk
                         FDRE                                         r  u_ftq/ifu_ptr_reg[0]/C
  -------------------------------------------------------------------    -------------------
                         FDRE (Prop_fdre_C_Q)         0.379     1.166 r  u_ftq/ifu_ptr_reg[0]/Q
                         net (fo=76, unplaced)        0.872     2.038    u_ftq/Q[0]
                         LUT6 (Prop_lut6_I0_O)        0.232     2.270 f  u_ftq/pre_paddr[11]_i_5/O
                         net (fo=1, unplaced)         0.347     2.617    u_ftq/pre_paddr[11]_i_5_n_0
                         LUT6 (Prop_lut6_I5_O)        0.105     2.722 r  u_ftq/pre_paddr[11]_i_3/O
                         net (fo=3, unplaced)         0.346     3.068    u_ftq/pre_paddr[11]_i_3_n_0
                         LUT3 (Prop_lut3_I1_O)        0.105     3.173 r  u_ftq/pre_paddr[11]_i_2/O
                         net (fo=66, unplaced)        0.436     3.609    u_ftq/ftq_ifu_valid
                         LUT3 (Prop_lut3_I1_O)        0.105     3.714 r  u_ftq/refill_q_key[4]_i_1/O
                         net (fo=44, unplaced)        0.661     4.375    u_ftq/ifu_mmu_vaddr[4]
                         LUT6 (Prop_lut6_I0_O)        0.105     4.480 r  u_ftq/imain_found_q_i_492/O
                         net (fo=1, unplaced)         0.000     4.480    u_ftq/imain_found_q_i_492_n_0
                         CARRY4 (Prop_carry4_S[1]_CO[3])
                                                      0.457     4.937 r  u_ftq/imain_found_q_reg_i_246/CO[3]
                         net (fo=1, unplaced)         0.008     4.945    u_ftq/imain_found_q_reg_i_246_n_0
                         CARRY4 (Prop_carry4_CI_CO[2])
                                                      0.209     5.154 f  u_ftq/imain_found_q_reg_i_72/CO[2]
                         net (fo=1, unplaced)         0.349     5.503    u_tlb_manager/u_tlb/refill_q_ps[5]_i_47_1[0]
                         LUT6 (Prop_lut6_I2_O)        0.252     5.755 f  u_tlb_manager/u_tlb/imain_found_q_i_17/O
                         net (fo=6, unplaced)         0.970     6.725    u_tlb_manager/u_tlb/match0_27
                         LUT6 (Prop_lut6_I1_O)        0.105     6.830 f  u_tlb_manager/u_tlb/refill_q_v_i_50/O
                         net (fo=3, unplaced)         0.365     7.195    u_tlb_manager/u_tlb/refill_q_v_i_50_n_0
                         LUT3 (Prop_lut3_I1_O)        0.108     7.303 r  u_tlb_manager/u_tlb/refill_q_v_i_24/O
                         net (fo=14, unplaced)        0.989     8.292    u_tlb_manager/u_tlb/s0_group_hit1329_out
                         LUT6 (Prop_lut6_I1_O)        0.105     8.397 r  u_tlb_manager/u_tlb/refill_q_v_i_9/O
                         net (fo=13, unplaced)        0.578     8.975    u_tlb_manager/u_tlb/s0_index_r1
                         LUT6 (Prop_lut6_I2_O)        0.105     9.080 r  u_tlb_manager/u_tlb/refill_q_v_i_74__0/O
                         net (fo=102, unplaced)       0.447     9.527    u_tlb_manager/u_tlb/refill_q_ps[5]_i_28_0
                         LUT6 (Prop_lut6_I4_O)        0.105     9.632 r  u_tlb_manager/u_tlb/refill_q_ppn[18]_i_23/O
                         net (fo=1, unplaced)         0.938    10.570    u_tlb_manager/u_tlb/refill_q_ppn[18]_i_23_n_0
                         LUT6 (Prop_lut6_I0_O)        0.105    10.675 r  u_tlb_manager/u_tlb/refill_q_ppn[18]_i_10/O
                         net (fo=1, unplaced)         0.000    10.675    u_tlb_manager/u_tlb/refill_q_ppn[18]_i_10_n_0
                         MUXF7 (Prop_muxf7_I1_O)      0.206    10.881 r  u_tlb_manager/u_tlb/refill_q_ppn_reg[18]_i_4/O
                         net (fo=1, unplaced)         0.349    11.230    u_tlb_manager/u_tlb/tlb_ppn1[18]
                         LUT6 (Prop_lut6_I5_O)        0.242    11.472 r  u_tlb_manager/u_tlb/refill_q_ppn[18]_i_1/O
                         net (fo=2, unplaced)         0.000    11.472    u_tlb_manager/s0_ppn[18]
                         FDRE                                         r  u_tlb_manager/imain_ppn_q_reg[18]/D
  -------------------------------------------------------------------    -------------------

                         (clock cpu_clk rise edge)   11.111    11.111 r  
                                                      0.000    11.111 r  aclk (IN)
                         net (fo=34009, unset)        0.748    11.859    u_tlb_manager/aclk
                         FDRE                                         r  u_tlb_manager/imain_ppn_q_reg[18]/C
                         clock pessimism              0.000    11.859    
                         clock uncertainty           -0.035    11.823    
                         FDRE (Setup_fdre_C_D)        0.029    11.852    u_tlb_manager/imain_ppn_q_reg[18]
  -------------------------------------------------------------------
                         required time                         11.852    
                         arrival time                         -11.472    
  -------------------------------------------------------------------
                         slack                                  0.380    

Slack (MET) :             0.380ns  (required time - arrival time)
  Source:                 u_ftq/ifu_ptr_reg[0]/C
                            (rising edge-triggered cell FDRE clocked by cpu_clk  {rise@0.000ns fall@5.556ns period=11.111ns})
  Destination:            u_tlb_manager/imain_ppn_q_reg[19]/D
                            (rising edge-triggered cell FDRE clocked by cpu_clk  {rise@0.000ns fall@5.556ns period=11.111ns})
  Path Group:             cpu_clk
  Path Type:              Setup (Max at Slow Process Corner)
  Requirement:            11.111ns  (cpu_clk rise@11.111ns - cpu_clk rise@0.000ns)
  Data Path Delay:        10.685ns  (logic 3.030ns (28.358%)  route 7.655ns (71.643%))
  Logic Levels:           16  (CARRY4=2 LUT3=3 LUT6=10 MUXF7=1)
  Clock Path Skew:        -0.039ns (DCD - SCD + CPR)
    Destination Clock Delay (DCD):    0.748ns = ( 11.859 - 11.111 ) 
    Source Clock Delay      (SCD):    0.787ns
    Clock Pessimism Removal (CPR):    0.000ns
  Clock Uncertainty:      0.035ns  ((TSJ^2 + TIJ^2)^1/2 + DJ) / 2 + PE
    Total System Jitter     (TSJ):    0.071ns
    Total Input Jitter      (TIJ):    0.000ns
    Discrete Jitter          (DJ):    0.000ns
    Phase Error              (PE):    0.000ns

    Location             Delay type                Incr(ns)  Path(ns)    Netlist Resource(s)
  -------------------------------------------------------------------    -------------------
                         (clock cpu_clk rise edge)    0.000     0.000 r  
                                                      0.000     0.000 r  aclk (IN)
                         net (fo=34009, unset)        0.787     0.787    u_ftq/aclk
                         FDRE                                         r  u_ftq/ifu_ptr_reg[0]/C
  -------------------------------------------------------------------    -------------------
                         FDRE (Prop_fdre_C_Q)         0.379     1.166 r  u_ftq/ifu_ptr_reg[0]/Q
                         net (fo=76, unplaced)        0.872     2.038    u_ftq/Q[0]
                         LUT6 (Prop_lut6_I0_O)        0.232     2.270 f  u_ftq/pre_paddr[11]_i_5/O
                         net (fo=1, unplaced)         0.347     2.617    u_ftq/pre_paddr[11]_i_5_n_0
                         LUT6 (Prop_lut6_I5_O)        0.105     2.722 r  u_ftq/pre_paddr[11]_i_3/O
                         net (fo=3, unplaced)         0.346     3.068    u_ftq/pre_paddr[11]_i_3_n_0
                         LUT3 (Prop_lut3_I1_O)        0.105     3.173 r  u_ftq/pre_paddr[11]_i_2/O
                         net (fo=66, unplaced)        0.436     3.609    u_ftq/ftq_ifu_valid
                         LUT3 (Prop_lut3_I1_O)        0.105     3.714 r  u_ftq/refill_q_key[4]_i_1/O
                         net (fo=44, unplaced)        0.661     4.375    u_ftq/ifu_mmu_vaddr[4]
                         LUT6 (Prop_lut6_I0_O)        0.105     4.480 r  u_ftq/imain_found_q_i_492/O
                         net (fo=1, unplaced)         0.000     4.480    u_ftq/imain_found_q_i_492_n_0
                         CARRY4 (Prop_carry4_S[1]_CO[3])
                                                      0.457     4.937 r  u_ftq/imain_found_q_reg_i_246/CO[3]
                         net (fo=1, unplaced)         0.008     4.945    u_ftq/imain_found_q_reg_i_246_n_0
                         CARRY4 (Prop_carry4_CI_CO[2])
                                                      0.209     5.154 f  u_ftq/imain_found_q_reg_i_72/CO[2]
                         net (fo=1, unplaced)         0.349     5.503    u_tlb_manager/u_tlb/refill_q_ps[5]_i_47_1[0]
                         LUT6 (Prop_lut6_I2_O)        0.252     5.755 f  u_tlb_manager/u_tlb/imain_found_q_i_17/O
                         net (fo=6, unplaced)         0.970     6.725    u_tlb_manager/u_tlb/match0_27
                         LUT6 (Prop_lut6_I1_O)        0.105     6.830 f  u_tlb_manager/u_tlb/refill_q_v_i_50/O
                         net (fo=3, unplaced)         0.365     7.195    u_tlb_manager/u_tlb/refill_q_v_i_50_n_0
                         LUT3 (Prop_lut3_I1_O)        0.108     7.303 r  u_tlb_manager/u_tlb/refill_q_v_i_24/O
                         net (fo=14, unplaced)        0.989     8.292    u_tlb_manager/u_tlb/s0_group_hit1329_out
                         LUT6 (Prop_lut6_I1_O)        0.105     8.397 r  u_tlb_manager/u_tlb/refill_q_v_i_9/O
                         net (fo=13, unplaced)        0.578     8.975    u_tlb_manager/u_tlb/s0_index_r1
                         LUT6 (Prop_lut6_I2_O)        0.105     9.080 r  u_tlb_manager/u_tlb/refill_q_v_i_74__0/O
                         net (fo=102, unplaced)       0.447     9.527    u_tlb_manager/u_tlb/refill_q_ps[5]_i_28_0
                         LUT6 (Prop_lut6_I4_O)        0.105     9.632 r  u_tlb_manager/u_tlb/refill_q_ppn[19]_i_23/O
                         net (fo=1, unplaced)         0.938    10.570    u_tlb_manager/u_tlb/refill_q_ppn[19]_i_23_n_0
                         LUT6 (Prop_lut6_I0_O)        0.105    10.675 r  u_tlb_manager/u_tlb/refill_q_ppn[19]_i_10/O
                         net (fo=1, unplaced)         0.000    10.675    u_tlb_manager/u_tlb/refill_q_ppn[19]_i_10_n_0
                         MUXF7 (Prop_muxf7_I1_O)      0.206    10.881 r  u_tlb_manager/u_tlb/refill_q_ppn_reg[19]_i_4/O
                         net (fo=1, unplaced)         0.349    11.230    u_tlb_manager/u_tlb/tlb_ppn1[19]
                         LUT6 (Prop_lut6_I5_O)        0.242    11.472 r  u_tlb_manager/u_tlb/refill_q_ppn[19]_i_1/O
                         net (fo=2, unplaced)         0.000    11.472    u_tlb_manager/s0_ppn[19]
                         FDRE                                         r  u_tlb_manager/imain_ppn_q_reg[19]/D
  -------------------------------------------------------------------    -------------------

                         (clock cpu_clk rise edge)   11.111    11.111 r  
                                                      0.000    11.111 r  aclk (IN)
                         net (fo=34009, unset)        0.748    11.859    u_tlb_manager/aclk
                         FDRE                                         r  u_tlb_manager/imain_ppn_q_reg[19]/C
                         clock pessimism              0.000    11.859    
                         clock uncertainty           -0.035    11.823    
                         FDRE (Setup_fdre_C_D)        0.029    11.852    u_tlb_manager/imain_ppn_q_reg[19]
  -------------------------------------------------------------------
                         required time                         11.852    
                         arrival time                         -11.472    
  -------------------------------------------------------------------
                         slack                                  0.380    

Slack (MET) :             0.380ns  (required time - arrival time)
  Source:                 u_ftq/ifu_ptr_reg[0]/C
                            (rising edge-triggered cell FDRE clocked by cpu_clk  {rise@0.000ns fall@5.556ns period=11.111ns})
  Destination:            u_tlb_manager/imain_ppn_q_reg[1]/D
                            (rising edge-triggered cell FDRE clocked by cpu_clk  {rise@0.000ns fall@5.556ns period=11.111ns})
  Path Group:             cpu_clk
  Path Type:              Setup (Max at Slow Process Corner)
  Requirement:            11.111ns  (cpu_clk rise@11.111ns - cpu_clk rise@0.000ns)
  Data Path Delay:        10.685ns  (logic 3.030ns (28.358%)  route 7.655ns (71.643%))
  Logic Levels:           16  (CARRY4=2 LUT3=3 LUT6=10 MUXF7=1)
  Clock Path Skew:        -0.039ns (DCD - SCD + CPR)
    Destination Clock Delay (DCD):    0.748ns = ( 11.859 - 11.111 ) 
    Source Clock Delay      (SCD):    0.787ns
    Clock Pessimism Removal (CPR):    0.000ns
  Clock Uncertainty:      0.035ns  ((TSJ^2 + TIJ^2)^1/2 + DJ) / 2 + PE
    Total System Jitter     (TSJ):    0.071ns
    Total Input Jitter      (TIJ):    0.000ns
    Discrete Jitter          (DJ):    0.000ns
    Phase Error              (PE):    0.000ns

    Location             Delay type                Incr(ns)  Path(ns)    Netlist Resource(s)
  -------------------------------------------------------------------    -------------------
                         (clock cpu_clk rise edge)    0.000     0.000 r  
                                                      0.000     0.000 r  aclk (IN)
                         net (fo=34009, unset)        0.787     0.787    u_ftq/aclk
                         FDRE                                         r  u_ftq/ifu_ptr_reg[0]/C
  -------------------------------------------------------------------    -------------------
                         FDRE (Prop_fdre_C_Q)         0.379     1.166 r  u_ftq/ifu_ptr_reg[0]/Q
                         net (fo=76, unplaced)        0.872     2.038    u_ftq/Q[0]
                         LUT6 (Prop_lut6_I0_O)        0.232     2.270 f  u_ftq/pre_paddr[11]_i_5/O
                         net (fo=1, unplaced)         0.347     2.617    u_ftq/pre_paddr[11]_i_5_n_0
                         LUT6 (Prop_lut6_I5_O)        0.105     2.722 r  u_ftq/pre_paddr[11]_i_3/O
                         net (fo=3, unplaced)         0.346     3.068    u_ftq/pre_paddr[11]_i_3_n_0
                         LUT3 (Prop_lut3_I1_O)        0.105     3.173 r  u_ftq/pre_paddr[11]_i_2/O
                         net (fo=66, unplaced)        0.436     3.609    u_ftq/ftq_ifu_valid
                         LUT3 (Prop_lut3_I1_O)        0.105     3.714 r  u_ftq/refill_q_key[4]_i_1/O
                         net (fo=44, unplaced)        0.661     4.375    u_ftq/ifu_mmu_vaddr[4]
                         LUT6 (Prop_lut6_I0_O)        0.105     4.480 r  u_ftq/imain_found_q_i_492/O
                         net (fo=1, unplaced)         0.000     4.480    u_ftq/imain_found_q_i_492_n_0
                         CARRY4 (Prop_carry4_S[1]_CO[3])
                                                      0.457     4.937 r  u_ftq/imain_found_q_reg_i_246/CO[3]
                         net (fo=1, unplaced)         0.008     4.945    u_ftq/imain_found_q_reg_i_246_n_0
                         CARRY4 (Prop_carry4_CI_CO[2])
                                                      0.209     5.154 f  u_ftq/imain_found_q_reg_i_72/CO[2]
                         net (fo=1, unplaced)         0.349     5.503    u_tlb_manager/u_tlb/refill_q_ps[5]_i_47_1[0]
                         LUT6 (Prop_lut6_I2_O)        0.252     5.755 f  u_tlb_manager/u_tlb/imain_found_q_i_17/O
                         net (fo=6, unplaced)         0.970     6.725    u_tlb_manager/u_tlb/match0_27
                         LUT6 (Prop_lut6_I1_O)        0.105     6.830 f  u_tlb_manager/u_tlb/refill_q_v_i_50/O
                         net (fo=3, unplaced)         0.365     7.195    u_tlb_manager/u_tlb/refill_q_v_i_50_n_0
                         LUT3 (Prop_lut3_I1_O)        0.108     7.303 r  u_tlb_manager/u_tlb/refill_q_v_i_24/O
                         net (fo=14, unplaced)        0.989     8.292    u_tlb_manager/u_tlb/s0_group_hit1329_out
                         LUT6 (Prop_lut6_I1_O)        0.105     8.397 r  u_tlb_manager/u_tlb/refill_q_v_i_9/O
                         net (fo=13, unplaced)        0.578     8.975    u_tlb_manager/u_tlb/s0_index_r1
                         LUT6 (Prop_lut6_I2_O)        0.105     9.080 r  u_tlb_manager/u_tlb/refill_q_v_i_89__0/O
                         net (fo=102, unplaced)       0.447     9.527    u_tlb_manager/u_tlb/refill_q_v_i_89__0_n_0
                         LUT6 (Prop_lut6_I4_O)        0.105     9.632 r  u_tlb_manager/u_tlb/refill_q_ppn[1]_i_23/O
                         net (fo=1, unplaced)         0.938    10.570    u_tlb_manager/u_tlb/refill_q_ppn[1]_i_23_n_0
                         LUT6 (Prop_lut6_I0_O)        0.105    10.675 r  u_tlb_manager/u_tlb/refill_q_ppn[1]_i_10/O
                         net (fo=1, unplaced)         0.000    10.675    u_tlb_manager/u_tlb/refill_q_ppn[1]_i_10_n_0
                         MUXF7 (Prop_muxf7_I1_O)      0.206    10.881 r  u_tlb_manager/u_tlb/refill_q_ppn_reg[1]_i_4/O
                         net (fo=1, unplaced)         0.349    11.230    u_tlb_manager/u_tlb/tlb_ppn1[1]
                         LUT6 (Prop_lut6_I5_O)        0.242    11.472 r  u_tlb_manager/u_tlb/refill_q_ppn[1]_i_1/O
                         net (fo=2, unplaced)         0.000    11.472    u_tlb_manager/s0_ppn[1]
                         FDRE                                         r  u_tlb_manager/imain_ppn_q_reg[1]/D
  -------------------------------------------------------------------    -------------------

                         (clock cpu_clk rise edge)   11.111    11.111 r  
                                                      0.000    11.111 r  aclk (IN)
                         net (fo=34009, unset)        0.748    11.859    u_tlb_manager/aclk
                         FDRE                                         r  u_tlb_manager/imain_ppn_q_reg[1]/C
                         clock pessimism              0.000    11.859    
                         clock uncertainty           -0.035    11.823    
                         FDRE (Setup_fdre_C_D)        0.029    11.852    u_tlb_manager/imain_ppn_q_reg[1]
  -------------------------------------------------------------------
                         required time                         11.852    
                         arrival time                         -11.472    
  -------------------------------------------------------------------
                         slack                                  0.380    

Slack (MET) :             0.380ns  (required time - arrival time)
  Source:                 u_ftq/ifu_ptr_reg[0]/C
                            (rising edge-triggered cell FDRE clocked by cpu_clk  {rise@0.000ns fall@5.556ns period=11.111ns})
  Destination:            u_tlb_manager/imain_ppn_q_reg[2]/D
                            (rising edge-triggered cell FDRE clocked by cpu_clk  {rise@0.000ns fall@5.556ns period=11.111ns})
  Path Group:             cpu_clk
  Path Type:              Setup (Max at Slow Process Corner)
  Requirement:            11.111ns  (cpu_clk rise@11.111ns - cpu_clk rise@0.000ns)
  Data Path Delay:        10.685ns  (logic 3.030ns (28.358%)  route 7.655ns (71.643%))
  Logic Levels:           16  (CARRY4=2 LUT3=3 LUT6=10 MUXF7=1)
  Clock Path Skew:        -0.039ns (DCD - SCD + CPR)
    Destination Clock Delay (DCD):    0.748ns = ( 11.859 - 11.111 ) 
    Source Clock Delay      (SCD):    0.787ns
    Clock Pessimism Removal (CPR):    0.000ns
  Clock Uncertainty:      0.035ns  ((TSJ^2 + TIJ^2)^1/2 + DJ) / 2 + PE
    Total System Jitter     (TSJ):    0.071ns
    Total Input Jitter      (TIJ):    0.000ns
    Discrete Jitter          (DJ):    0.000ns
    Phase Error              (PE):    0.000ns

    Location             Delay type                Incr(ns)  Path(ns)    Netlist Resource(s)
  -------------------------------------------------------------------    -------------------
                         (clock cpu_clk rise edge)    0.000     0.000 r  
                                                      0.000     0.000 r  aclk (IN)
                         net (fo=34009, unset)        0.787     0.787    u_ftq/aclk
                         FDRE                                         r  u_ftq/ifu_ptr_reg[0]/C
  -------------------------------------------------------------------    -------------------
                         FDRE (Prop_fdre_C_Q)         0.379     1.166 r  u_ftq/ifu_ptr_reg[0]/Q
                         net (fo=76, unplaced)        0.872     2.038    u_ftq/Q[0]
                         LUT6 (Prop_lut6_I0_O)        0.232     2.270 f  u_ftq/pre_paddr[11]_i_5/O
                         net (fo=1, unplaced)         0.347     2.617    u_ftq/pre_paddr[11]_i_5_n_0
                         LUT6 (Prop_lut6_I5_O)        0.105     2.722 r  u_ftq/pre_paddr[11]_i_3/O
                         net (fo=3, unplaced)         0.346     3.068    u_ftq/pre_paddr[11]_i_3_n_0
                         LUT3 (Prop_lut3_I1_O)        0.105     3.173 r  u_ftq/pre_paddr[11]_i_2/O
                         net (fo=66, unplaced)        0.436     3.609    u_ftq/ftq_ifu_valid
                         LUT3 (Prop_lut3_I1_O)        0.105     3.714 r  u_ftq/refill_q_key[4]_i_1/O
                         net (fo=44, unplaced)        0.661     4.375    u_ftq/ifu_mmu_vaddr[4]
                         LUT6 (Prop_lut6_I0_O)        0.105     4.480 r  u_ftq/imain_found_q_i_492/O
                         net (fo=1, unplaced)         0.000     4.480    u_ftq/imain_found_q_i_492_n_0
                         CARRY4 (Prop_carry4_S[1]_CO[3])
                                                      0.457     4.937 r  u_ftq/imain_found_q_reg_i_246/CO[3]
                         net (fo=1, unplaced)         0.008     4.945    u_ftq/imain_found_q_reg_i_246_n_0
                         CARRY4 (Prop_carry4_CI_CO[2])
                                                      0.209     5.154 f  u_ftq/imain_found_q_reg_i_72/CO[2]
                         net (fo=1, unplaced)         0.349     5.503    u_tlb_manager/u_tlb/refill_q_ps[5]_i_47_1[0]
                         LUT6 (Prop_lut6_I2_O)        0.252     5.755 f  u_tlb_manager/u_tlb/imain_found_q_i_17/O
                         net (fo=6, unplaced)         0.970     6.725    u_tlb_manager/u_tlb/match0_27
                         LUT6 (Prop_lut6_I1_O)        0.105     6.830 f  u_tlb_manager/u_tlb/refill_q_v_i_50/O
                         net (fo=3, unplaced)         0.365     7.195    u_tlb_manager/u_tlb/refill_q_v_i_50_n_0
                         LUT3 (Prop_lut3_I1_O)        0.108     7.303 r  u_tlb_manager/u_tlb/refill_q_v_i_24/O
                         net (fo=14, unplaced)        0.989     8.292    u_tlb_manager/u_tlb/s0_group_hit1329_out
                         LUT6 (Prop_lut6_I1_O)        0.105     8.397 r  u_tlb_manager/u_tlb/refill_q_v_i_9/O
                         net (fo=13, unplaced)        0.578     8.975    u_tlb_manager/u_tlb/s0_index_r1
                         LUT6 (Prop_lut6_I2_O)        0.105     9.080 r  u_tlb_manager/u_tlb/refill_q_v_i_89__0/O
                         net (fo=102, unplaced)       0.447     9.527    u_tlb_manager/u_tlb/refill_q_v_i_89__0_n_0
                         LUT6 (Prop_lut6_I4_O)        0.105     9.632 r  u_tlb_manager/u_tlb/refill_q_ppn[2]_i_23/O
                         net (fo=1, unplaced)         0.938    10.570    u_tlb_manager/u_tlb/refill_q_ppn[2]_i_23_n_0
                         LUT6 (Prop_lut6_I0_O)        0.105    10.675 r  u_tlb_manager/u_tlb/refill_q_ppn[2]_i_10/O
                         net (fo=1, unplaced)         0.000    10.675    u_tlb_manager/u_tlb/refill_q_ppn[2]_i_10_n_0
                         MUXF7 (Prop_muxf7_I1_O)      0.206    10.881 r  u_tlb_manager/u_tlb/refill_q_ppn_reg[2]_i_4/O
                         net (fo=1, unplaced)         0.349    11.230    u_tlb_manager/u_tlb/tlb_ppn1[2]
                         LUT6 (Prop_lut6_I5_O)        0.242    11.472 r  u_tlb_manager/u_tlb/refill_q_ppn[2]_i_1/O
                         net (fo=2, unplaced)         0.000    11.472    u_tlb_manager/s0_ppn[2]
                         FDRE                                         r  u_tlb_manager/imain_ppn_q_reg[2]/D
  -------------------------------------------------------------------    -------------------

                         (clock cpu_clk rise edge)   11.111    11.111 r  
                                                      0.000    11.111 r  aclk (IN)
                         net (fo=34009, unset)        0.748    11.859    u_tlb_manager/aclk
                         FDRE                                         r  u_tlb_manager/imain_ppn_q_reg[2]/C
                         clock pessimism              0.000    11.859    
                         clock uncertainty           -0.035    11.823    
                         FDRE (Setup_fdre_C_D)        0.029    11.852    u_tlb_manager/imain_ppn_q_reg[2]
  -------------------------------------------------------------------
                         required time                         11.852    
                         arrival time                         -11.472    
  -------------------------------------------------------------------
                         slack                                  0.380    

Slack (MET) :             0.380ns  (required time - arrival time)
  Source:                 u_ftq/ifu_ptr_reg[0]/C
                            (rising edge-triggered cell FDRE clocked by cpu_clk  {rise@0.000ns fall@5.556ns period=11.111ns})
  Destination:            u_tlb_manager/imain_ppn_q_reg[3]/D
                            (rising edge-triggered cell FDRE clocked by cpu_clk  {rise@0.000ns fall@5.556ns period=11.111ns})
  Path Group:             cpu_clk
  Path Type:              Setup (Max at Slow Process Corner)
  Requirement:            11.111ns  (cpu_clk rise@11.111ns - cpu_clk rise@0.000ns)
  Data Path Delay:        10.685ns  (logic 3.030ns (28.358%)  route 7.655ns (71.643%))
  Logic Levels:           16  (CARRY4=2 LUT3=3 LUT6=10 MUXF7=1)
  Clock Path Skew:        -0.039ns (DCD - SCD + CPR)
    Destination Clock Delay (DCD):    0.748ns = ( 11.859 - 11.111 ) 
    Source Clock Delay      (SCD):    0.787ns
    Clock Pessimism Removal (CPR):    0.000ns
  Clock Uncertainty:      0.035ns  ((TSJ^2 + TIJ^2)^1/2 + DJ) / 2 + PE
    Total System Jitter     (TSJ):    0.071ns
    Total Input Jitter      (TIJ):    0.000ns
    Discrete Jitter          (DJ):    0.000ns
    Phase Error              (PE):    0.000ns

    Location             Delay type                Incr(ns)  Path(ns)    Netlist Resource(s)
  -------------------------------------------------------------------    -------------------
                         (clock cpu_clk rise edge)    0.000     0.000 r  
                                                      0.000     0.000 r  aclk (IN)
                         net (fo=34009, unset)        0.787     0.787    u_ftq/aclk
                         FDRE                                         r  u_ftq/ifu_ptr_reg[0]/C
  -------------------------------------------------------------------    -------------------
                         FDRE (Prop_fdre_C_Q)         0.379     1.166 r  u_ftq/ifu_ptr_reg[0]/Q
                         net (fo=76, unplaced)        0.872     2.038    u_ftq/Q[0]
                         LUT6 (Prop_lut6_I0_O)        0.232     2.270 f  u_ftq/pre_paddr[11]_i_5/O
                         net (fo=1, unplaced)         0.347     2.617    u_ftq/pre_paddr[11]_i_5_n_0
                         LUT6 (Prop_lut6_I5_O)        0.105     2.722 r  u_ftq/pre_paddr[11]_i_3/O
                         net (fo=3, unplaced)         0.346     3.068    u_ftq/pre_paddr[11]_i_3_n_0
                         LUT3 (Prop_lut3_I1_O)        0.105     3.173 r  u_ftq/pre_paddr[11]_i_2/O
                         net (fo=66, unplaced)        0.436     3.609    u_ftq/ftq_ifu_valid
                         LUT3 (Prop_lut3_I1_O)        0.105     3.714 r  u_ftq/refill_q_key[4]_i_1/O
                         net (fo=44, unplaced)        0.661     4.375    u_ftq/ifu_mmu_vaddr[4]
                         LUT6 (Prop_lut6_I0_O)        0.105     4.480 r  u_ftq/imain_found_q_i_492/O
                         net (fo=1, unplaced)         0.000     4.480    u_ftq/imain_found_q_i_492_n_0
                         CARRY4 (Prop_carry4_S[1]_CO[3])
                                                      0.457     4.937 r  u_ftq/imain_found_q_reg_i_246/CO[3]
                         net (fo=1, unplaced)         0.008     4.945    u_ftq/imain_found_q_reg_i_246_n_0
                         CARRY4 (Prop_carry4_CI_CO[2])
                                                      0.209     5.154 f  u_ftq/imain_found_q_reg_i_72/CO[2]
                         net (fo=1, unplaced)         0.349     5.503    u_tlb_manager/u_tlb/refill_q_ps[5]_i_47_1[0]
                         LUT6 (Prop_lut6_I2_O)        0.252     5.755 f  u_tlb_manager/u_tlb/imain_found_q_i_17/O
                         net (fo=6, unplaced)         0.970     6.725    u_tlb_manager/u_tlb/match0_27
                         LUT6 (Prop_lut6_I1_O)        0.105     6.830 f  u_tlb_manager/u_tlb/refill_q_v_i_50/O
                         net (fo=3, unplaced)         0.365     7.195    u_tlb_manager/u_tlb/refill_q_v_i_50_n_0
                         LUT3 (Prop_lut3_I1_O)        0.108     7.303 r  u_tlb_manager/u_tlb/refill_q_v_i_24/O
                         net (fo=14, unplaced)        0.989     8.292    u_tlb_manager/u_tlb/s0_group_hit1329_out
                         LUT6 (Prop_lut6_I1_O)        0.105     8.397 r  u_tlb_manager/u_tlb/refill_q_v_i_9/O
                         net (fo=13, unplaced)        0.578     8.975    u_tlb_manager/u_tlb/s0_index_r1
                         LUT6 (Prop_lut6_I2_O)        0.105     9.080 r  u_tlb_manager/u_tlb/refill_q_v_i_89__0/O
                         net (fo=102, unplaced)       0.447     9.527    u_tlb_manager/u_tlb/refill_q_v_i_89__0_n_0
                         LUT6 (Prop_lut6_I4_O)        0.105     9.632 r  u_tlb_manager/u_tlb/refill_q_ppn[3]_i_23/O
                         net (fo=1, unplaced)         0.938    10.570    u_tlb_manager/u_tlb/refill_q_ppn[3]_i_23_n_0
                         LUT6 (Prop_lut6_I0_O)        0.105    10.675 r  u_tlb_manager/u_tlb/refill_q_ppn[3]_i_10/O
                         net (fo=1, unplaced)         0.000    10.675    u_tlb_manager/u_tlb/refill_q_ppn[3]_i_10_n_0
                         MUXF7 (Prop_muxf7_I1_O)      0.206    10.881 r  u_tlb_manager/u_tlb/refill_q_ppn_reg[3]_i_4/O
                         net (fo=1, unplaced)         0.349    11.230    u_tlb_manager/u_tlb/tlb_ppn1[3]
                         LUT6 (Prop_lut6_I5_O)        0.242    11.472 r  u_tlb_manager/u_tlb/refill_q_ppn[3]_i_1/O
                         net (fo=2, unplaced)         0.000    11.472    u_tlb_manager/s0_ppn[3]
                         FDRE                                         r  u_tlb_manager/imain_ppn_q_reg[3]/D
  -------------------------------------------------------------------    -------------------

                         (clock cpu_clk rise edge)   11.111    11.111 r  
                                                      0.000    11.111 r  aclk (IN)
                         net (fo=34009, unset)        0.748    11.859    u_tlb_manager/aclk
                         FDRE                                         r  u_tlb_manager/imain_ppn_q_reg[3]/C
                         clock pessimism              0.000    11.859    
                         clock uncertainty           -0.035    11.823    
                         FDRE (Setup_fdre_C_D)        0.029    11.852    u_tlb_manager/imain_ppn_q_reg[3]
  -------------------------------------------------------------------
                         required time                         11.852    
                         arrival time                         -11.472    
  -------------------------------------------------------------------
                         slack                                  0.380    

Slack (MET) :             0.380ns  (required time - arrival time)
  Source:                 u_ftq/ifu_ptr_reg[0]/C
                            (rising edge-triggered cell FDRE clocked by cpu_clk  {rise@0.000ns fall@5.556ns period=11.111ns})
  Destination:            u_tlb_manager/imain_ppn_q_reg[4]/D
                            (rising edge-triggered cell FDRE clocked by cpu_clk  {rise@0.000ns fall@5.556ns period=11.111ns})
  Path Group:             cpu_clk
  Path Type:              Setup (Max at Slow Process Corner)
  Requirement:            11.111ns  (cpu_clk rise@11.111ns - cpu_clk rise@0.000ns)
  Data Path Delay:        10.685ns  (logic 3.030ns (28.358%)  route 7.655ns (71.643%))
  Logic Levels:           16  (CARRY4=2 LUT3=3 LUT6=10 MUXF7=1)
  Clock Path Skew:        -0.039ns (DCD - SCD + CPR)
    Destination Clock Delay (DCD):    0.748ns = ( 11.859 - 11.111 ) 
    Source Clock Delay      (SCD):    0.787ns
    Clock Pessimism Removal (CPR):    0.000ns
  Clock Uncertainty:      0.035ns  ((TSJ^2 + TIJ^2)^1/2 + DJ) / 2 + PE
    Total System Jitter     (TSJ):    0.071ns
    Total Input Jitter      (TIJ):    0.000ns
    Discrete Jitter          (DJ):    0.000ns
    Phase Error              (PE):    0.000ns

    Location             Delay type                Incr(ns)  Path(ns)    Netlist Resource(s)
  -------------------------------------------------------------------    -------------------
                         (clock cpu_clk rise edge)    0.000     0.000 r  
                                                      0.000     0.000 r  aclk (IN)
                         net (fo=34009, unset)        0.787     0.787    u_ftq/aclk
                         FDRE                                         r  u_ftq/ifu_ptr_reg[0]/C
  -------------------------------------------------------------------    -------------------
                         FDRE (Prop_fdre_C_Q)         0.379     1.166 r  u_ftq/ifu_ptr_reg[0]/Q
                         net (fo=76, unplaced)        0.872     2.038    u_ftq/Q[0]
                         LUT6 (Prop_lut6_I0_O)        0.232     2.270 f  u_ftq/pre_paddr[11]_i_5/O
                         net (fo=1, unplaced)         0.347     2.617    u_ftq/pre_paddr[11]_i_5_n_0
                         LUT6 (Prop_lut6_I5_O)        0.105     2.722 r  u_ftq/pre_paddr[11]_i_3/O
                         net (fo=3, unplaced)         0.346     3.068    u_ftq/pre_paddr[11]_i_3_n_0
                         LUT3 (Prop_lut3_I1_O)        0.105     3.173 r  u_ftq/pre_paddr[11]_i_2/O
                         net (fo=66, unplaced)        0.436     3.609    u_ftq/ftq_ifu_valid
                         LUT3 (Prop_lut3_I1_O)        0.105     3.714 r  u_ftq/refill_q_key[4]_i_1/O
                         net (fo=44, unplaced)        0.661     4.375    u_ftq/ifu_mmu_vaddr[4]
                         LUT6 (Prop_lut6_I0_O)        0.105     4.480 r  u_ftq/imain_found_q_i_492/O
                         net (fo=1, unplaced)         0.000     4.480    u_ftq/imain_found_q_i_492_n_0
                         CARRY4 (Prop_carry4_S[1]_CO[3])
                                                      0.457     4.937 r  u_ftq/imain_found_q_reg_i_246/CO[3]
                         net (fo=1, unplaced)         0.008     4.945    u_ftq/imain_found_q_reg_i_246_n_0
                         CARRY4 (Prop_carry4_CI_CO[2])
                                                      0.209     5.154 f  u_ftq/imain_found_q_reg_i_72/CO[2]
                         net (fo=1, unplaced)         0.349     5.503    u_tlb_manager/u_tlb/refill_q_ps[5]_i_47_1[0]
                         LUT6 (Prop_lut6_I2_O)        0.252     5.755 f  u_tlb_manager/u_tlb/imain_found_q_i_17/O
                         net (fo=6, unplaced)         0.970     6.725    u_tlb_manager/u_tlb/match0_27
                         LUT6 (Prop_lut6_I1_O)        0.105     6.830 f  u_tlb_manager/u_tlb/refill_q_v_i_50/O
                         net (fo=3, unplaced)         0.365     7.195    u_tlb_manager/u_tlb/refill_q_v_i_50_n_0
                         LUT3 (Prop_lut3_I1_O)        0.108     7.303 r  u_tlb_manager/u_tlb/refill_q_v_i_24/O
                         net (fo=14, unplaced)        0.989     8.292    u_tlb_manager/u_tlb/s0_group_hit1329_out
                         LUT6 (Prop_lut6_I1_O)        0.105     8.397 r  u_tlb_manager/u_tlb/refill_q_v_i_9/O
                         net (fo=13, unplaced)        0.578     8.975    u_tlb_manager/u_tlb/s0_index_r1
                         LUT6 (Prop_lut6_I2_O)        0.105     9.080 r  u_tlb_manager/u_tlb/refill_q_v_i_89__0/O
                         net (fo=102, unplaced)       0.447     9.527    u_tlb_manager/u_tlb/refill_q_v_i_89__0_n_0
                         LUT6 (Prop_lut6_I4_O)        0.105     9.632 r  u_tlb_manager/u_tlb/refill_q_ppn[4]_i_23/O
                         net (fo=1, unplaced)         0.938    10.570    u_tlb_manager/u_tlb/refill_q_ppn[4]_i_23_n_0
                         LUT6 (Prop_lut6_I0_O)        0.105    10.675 r  u_tlb_manager/u_tlb/refill_q_ppn[4]_i_10/O
                         net (fo=1, unplaced)         0.000    10.675    u_tlb_manager/u_tlb/refill_q_ppn[4]_i_10_n_0
                         MUXF7 (Prop_muxf7_I1_O)      0.206    10.881 r  u_tlb_manager/u_tlb/refill_q_ppn_reg[4]_i_4/O
                         net (fo=1, unplaced)         0.349    11.230    u_tlb_manager/u_tlb/tlb_ppn1[4]
                         LUT6 (Prop_lut6_I5_O)        0.242    11.472 r  u_tlb_manager/u_tlb/refill_q_ppn[4]_i_1/O
                         net (fo=2, unplaced)         0.000    11.472    u_tlb_manager/s0_ppn[4]
                         FDRE                                         r  u_tlb_manager/imain_ppn_q_reg[4]/D
  -------------------------------------------------------------------    -------------------

                         (clock cpu_clk rise edge)   11.111    11.111 r  
                                                      0.000    11.111 r  aclk (IN)
                         net (fo=34009, unset)        0.748    11.859    u_tlb_manager/aclk
                         FDRE                                         r  u_tlb_manager/imain_ppn_q_reg[4]/C
                         clock pessimism              0.000    11.859    
                         clock uncertainty           -0.035    11.823    
                         FDRE (Setup_fdre_C_D)        0.029    11.852    u_tlb_manager/imain_ppn_q_reg[4]
  -------------------------------------------------------------------
                         required time                         11.852    
                         arrival time                         -11.472    
  -------------------------------------------------------------------
                         slack                                  0.380    

Slack (MET) :             0.380ns  (required time - arrival time)
  Source:                 u_ftq/ifu_ptr_reg[0]/C
                            (rising edge-triggered cell FDRE clocked by cpu_clk  {rise@0.000ns fall@5.556ns period=11.111ns})
  Destination:            u_tlb_manager/imain_ppn_q_reg[5]/D
                            (rising edge-triggered cell FDRE clocked by cpu_clk  {rise@0.000ns fall@5.556ns period=11.111ns})
  Path Group:             cpu_clk
  Path Type:              Setup (Max at Slow Process Corner)
  Requirement:            11.111ns  (cpu_clk rise@11.111ns - cpu_clk rise@0.000ns)
  Data Path Delay:        10.685ns  (logic 3.030ns (28.358%)  route 7.655ns (71.643%))
  Logic Levels:           16  (CARRY4=2 LUT3=3 LUT6=10 MUXF7=1)
  Clock Path Skew:        -0.039ns (DCD - SCD + CPR)
    Destination Clock Delay (DCD):    0.748ns = ( 11.859 - 11.111 ) 
    Source Clock Delay      (SCD):    0.787ns
    Clock Pessimism Removal (CPR):    0.000ns
  Clock Uncertainty:      0.035ns  ((TSJ^2 + TIJ^2)^1/2 + DJ) / 2 + PE
    Total System Jitter     (TSJ):    0.071ns
    Total Input Jitter      (TIJ):    0.000ns
    Discrete Jitter          (DJ):    0.000ns
    Phase Error              (PE):    0.000ns

    Location             Delay type                Incr(ns)  Path(ns)    Netlist Resource(s)
  -------------------------------------------------------------------    -------------------
                         (clock cpu_clk rise edge)    0.000     0.000 r  
                                                      0.000     0.000 r  aclk (IN)
                         net (fo=34009, unset)        0.787     0.787    u_ftq/aclk
                         FDRE                                         r  u_ftq/ifu_ptr_reg[0]/C
  -------------------------------------------------------------------    -------------------
                         FDRE (Prop_fdre_C_Q)         0.379     1.166 r  u_ftq/ifu_ptr_reg[0]/Q
                         net (fo=76, unplaced)        0.872     2.038    u_ftq/Q[0]
                         LUT6 (Prop_lut6_I0_O)        0.232     2.270 f  u_ftq/pre_paddr[11]_i_5/O
                         net (fo=1, unplaced)         0.347     2.617    u_ftq/pre_paddr[11]_i_5_n_0
                         LUT6 (Prop_lut6_I5_O)        0.105     2.722 r  u_ftq/pre_paddr[11]_i_3/O
                         net (fo=3, unplaced)         0.346     3.068    u_ftq/pre_paddr[11]_i_3_n_0
                         LUT3 (Prop_lut3_I1_O)        0.105     3.173 r  u_ftq/pre_paddr[11]_i_2/O
                         net (fo=66, unplaced)        0.436     3.609    u_ftq/ftq_ifu_valid
                         LUT3 (Prop_lut3_I1_O)        0.105     3.714 r  u_ftq/refill_q_key[4]_i_1/O
                         net (fo=44, unplaced)        0.661     4.375    u_ftq/ifu_mmu_vaddr[4]
                         LUT6 (Prop_lut6_I0_O)        0.105     4.480 r  u_ftq/imain_found_q_i_492/O
                         net (fo=1, unplaced)         0.000     4.480    u_ftq/imain_found_q_i_492_n_0
                         CARRY4 (Prop_carry4_S[1]_CO[3])
                                                      0.457     4.937 r  u_ftq/imain_found_q_reg_i_246/CO[3]
                         net (fo=1, unplaced)         0.008     4.945    u_ftq/imain_found_q_reg_i_246_n_0
                         CARRY4 (Prop_carry4_CI_CO[2])
                                                      0.209     5.154 f  u_ftq/imain_found_q_reg_i_72/CO[2]
                         net (fo=1, unplaced)         0.349     5.503    u_tlb_manager/u_tlb/refill_q_ps[5]_i_47_1[0]
                         LUT6 (Prop_lut6_I2_O)        0.252     5.755 f  u_tlb_manager/u_tlb/imain_found_q_i_17/O
                         net (fo=6, unplaced)         0.970     6.725    u_tlb_manager/u_tlb/match0_27
                         LUT6 (Prop_lut6_I1_O)        0.105     6.830 f  u_tlb_manager/u_tlb/refill_q_v_i_50/O
                         net (fo=3, unplaced)         0.365     7.195    u_tlb_manager/u_tlb/refill_q_v_i_50_n_0
                         LUT3 (Prop_lut3_I1_O)        0.108     7.303 r  u_tlb_manager/u_tlb/refill_q_v_i_24/O
                         net (fo=14, unplaced)        0.989     8.292    u_tlb_manager/u_tlb/s0_group_hit1329_out
                         LUT6 (Prop_lut6_I1_O)        0.105     8.397 r  u_tlb_manager/u_tlb/refill_q_v_i_9/O
                         net (fo=13, unplaced)        0.578     8.975    u_tlb_manager/u_tlb/s0_index_r1
                         LUT6 (Prop_lut6_I2_O)        0.105     9.080 r  u_tlb_manager/u_tlb/refill_q_v_i_89__0/O
                         net (fo=102, unplaced)       0.447     9.527    u_tlb_manager/u_tlb/refill_q_v_i_89__0_n_0
                         LUT6 (Prop_lut6_I4_O)        0.105     9.632 r  u_tlb_manager/u_tlb/refill_q_ppn[5]_i_23/O
                         net (fo=1, unplaced)         0.938    10.570    u_tlb_manager/u_tlb/refill_q_ppn[5]_i_23_n_0
                         LUT6 (Prop_lut6_I0_O)        0.105    10.675 r  u_tlb_manager/u_tlb/refill_q_ppn[5]_i_10/O
                         net (fo=1, unplaced)         0.000    10.675    u_tlb_manager/u_tlb/refill_q_ppn[5]_i_10_n_0
                         MUXF7 (Prop_muxf7_I1_O)      0.206    10.881 r  u_tlb_manager/u_tlb/refill_q_ppn_reg[5]_i_4/O
                         net (fo=1, unplaced)         0.349    11.230    u_tlb_manager/u_tlb/tlb_ppn1[5]
                         LUT6 (Prop_lut6_I5_O)        0.242    11.472 r  u_tlb_manager/u_tlb/refill_q_ppn[5]_i_1/O
                         net (fo=2, unplaced)         0.000    11.472    u_tlb_manager/s0_ppn[5]
                         FDRE                                         r  u_tlb_manager/imain_ppn_q_reg[5]/D
  -------------------------------------------------------------------    -------------------

                         (clock cpu_clk rise edge)   11.111    11.111 r  
                                                      0.000    11.111 r  aclk (IN)
                         net (fo=34009, unset)        0.748    11.859    u_tlb_manager/aclk
                         FDRE                                         r  u_tlb_manager/imain_ppn_q_reg[5]/C
                         clock pessimism              0.000    11.859    
                         clock uncertainty           -0.035    11.823    
                         FDRE (Setup_fdre_C_D)        0.029    11.852    u_tlb_manager/imain_ppn_q_reg[5]
  -------------------------------------------------------------------
                         required time                         11.852    
                         arrival time                         -11.472    
  -------------------------------------------------------------------
                         slack                                  0.380    

Slack (MET) :             0.380ns  (required time - arrival time)
  Source:                 u_ftq/ifu_ptr_reg[0]/C
                            (rising edge-triggered cell FDRE clocked by cpu_clk  {rise@0.000ns fall@5.556ns period=11.111ns})
  Destination:            u_tlb_manager/imain_ppn_q_reg[6]/D
                            (rising edge-triggered cell FDRE clocked by cpu_clk  {rise@0.000ns fall@5.556ns period=11.111ns})
  Path Group:             cpu_clk
  Path Type:              Setup (Max at Slow Process Corner)
  Requirement:            11.111ns  (cpu_clk rise@11.111ns - cpu_clk rise@0.000ns)
  Data Path Delay:        10.685ns  (logic 3.030ns (28.358%)  route 7.655ns (71.643%))
  Logic Levels:           16  (CARRY4=2 LUT3=3 LUT6=10 MUXF7=1)
  Clock Path Skew:        -0.039ns (DCD - SCD + CPR)
    Destination Clock Delay (DCD):    0.748ns = ( 11.859 - 11.111 ) 
    Source Clock Delay      (SCD):    0.787ns
    Clock Pessimism Removal (CPR):    0.000ns
  Clock Uncertainty:      0.035ns  ((TSJ^2 + TIJ^2)^1/2 + DJ) / 2 + PE
    Total System Jitter     (TSJ):    0.071ns
    Total Input Jitter      (TIJ):    0.000ns
    Discrete Jitter          (DJ):    0.000ns
    Phase Error              (PE):    0.000ns

    Location             Delay type                Incr(ns)  Path(ns)    Netlist Resource(s)
  -------------------------------------------------------------------    -------------------
                         (clock cpu_clk rise edge)    0.000     0.000 r  
                                                      0.000     0.000 r  aclk (IN)
                         net (fo=34009, unset)        0.787     0.787    u_ftq/aclk
                         FDRE                                         r  u_ftq/ifu_ptr_reg[0]/C
  -------------------------------------------------------------------    -------------------
                         FDRE (Prop_fdre_C_Q)         0.379     1.166 r  u_ftq/ifu_ptr_reg[0]/Q
                         net (fo=76, unplaced)        0.872     2.038    u_ftq/Q[0]
                         LUT6 (Prop_lut6_I0_O)        0.232     2.270 f  u_ftq/pre_paddr[11]_i_5/O
                         net (fo=1, unplaced)         0.347     2.617    u_ftq/pre_paddr[11]_i_5_n_0
                         LUT6 (Prop_lut6_I5_O)        0.105     2.722 r  u_ftq/pre_paddr[11]_i_3/O
                         net (fo=3, unplaced)         0.346     3.068    u_ftq/pre_paddr[11]_i_3_n_0
                         LUT3 (Prop_lut3_I1_O)        0.105     3.173 r  u_ftq/pre_paddr[11]_i_2/O
                         net (fo=66, unplaced)        0.436     3.609    u_ftq/ftq_ifu_valid
                         LUT3 (Prop_lut3_I1_O)        0.105     3.714 r  u_ftq/refill_q_key[4]_i_1/O
                         net (fo=44, unplaced)        0.661     4.375    u_ftq/ifu_mmu_vaddr[4]
                         LUT6 (Prop_lut6_I0_O)        0.105     4.480 r  u_ftq/imain_found_q_i_492/O
                         net (fo=1, unplaced)         0.000     4.480    u_ftq/imain_found_q_i_492_n_0
                         CARRY4 (Prop_carry4_S[1]_CO[3])
                                                      0.457     4.937 r  u_ftq/imain_found_q_reg_i_246/CO[3]
                         net (fo=1, unplaced)         0.008     4.945    u_ftq/imain_found_q_reg_i_246_n_0
                         CARRY4 (Prop_carry4_CI_CO[2])
                                                      0.209     5.154 f  u_ftq/imain_found_q_reg_i_72/CO[2]
                         net (fo=1, unplaced)         0.349     5.503    u_tlb_manager/u_tlb/refill_q_ps[5]_i_47_1[0]
                         LUT6 (Prop_lut6_I2_O)        0.252     5.755 f  u_tlb_manager/u_tlb/imain_found_q_i_17/O
                         net (fo=6, unplaced)         0.970     6.725    u_tlb_manager/u_tlb/match0_27
                         LUT6 (Prop_lut6_I1_O)        0.105     6.830 f  u_tlb_manager/u_tlb/refill_q_v_i_50/O
                         net (fo=3, unplaced)         0.365     7.195    u_tlb_manager/u_tlb/refill_q_v_i_50_n_0
                         LUT3 (Prop_lut3_I1_O)        0.108     7.303 r  u_tlb_manager/u_tlb/refill_q_v_i_24/O
                         net (fo=14, unplaced)        0.989     8.292    u_tlb_manager/u_tlb/s0_group_hit1329_out
                         LUT6 (Prop_lut6_I1_O)        0.105     8.397 r  u_tlb_manager/u_tlb/refill_q_v_i_9/O
                         net (fo=13, unplaced)        0.578     8.975    u_tlb_manager/u_tlb/s0_index_r1
                         LUT6 (Prop_lut6_I2_O)        0.105     9.080 r  u_tlb_manager/u_tlb/refill_q_v_i_89__0/O
                         net (fo=102, unplaced)       0.447     9.527    u_tlb_manager/u_tlb/refill_q_v_i_89__0_n_0
                         LUT6 (Prop_lut6_I4_O)        0.105     9.632 r  u_tlb_manager/u_tlb/refill_q_ppn[6]_i_23/O
                         net (fo=1, unplaced)         0.938    10.570    u_tlb_manager/u_tlb/refill_q_ppn[6]_i_23_n_0
                         LUT6 (Prop_lut6_I0_O)        0.105    10.675 r  u_tlb_manager/u_tlb/refill_q_ppn[6]_i_10/O
                         net (fo=1, unplaced)         0.000    10.675    u_tlb_manager/u_tlb/refill_q_ppn[6]_i_10_n_0
                         MUXF7 (Prop_muxf7_I1_O)      0.206    10.881 r  u_tlb_manager/u_tlb/refill_q_ppn_reg[6]_i_4/O
                         net (fo=1, unplaced)         0.349    11.230    u_tlb_manager/u_tlb/tlb_ppn1[6]
                         LUT6 (Prop_lut6_I5_O)        0.242    11.472 r  u_tlb_manager/u_tlb/refill_q_ppn[6]_i_1/O
                         net (fo=2, unplaced)         0.000    11.472    u_tlb_manager/s0_ppn[6]
                         FDRE                                         r  u_tlb_manager/imain_ppn_q_reg[6]/D
  -------------------------------------------------------------------    -------------------

                         (clock cpu_clk rise edge)   11.111    11.111 r  
                                                      0.000    11.111 r  aclk (IN)
                         net (fo=34009, unset)        0.748    11.859    u_tlb_manager/aclk
                         FDRE                                         r  u_tlb_manager/imain_ppn_q_reg[6]/C
                         clock pessimism              0.000    11.859    
                         clock uncertainty           -0.035    11.823    
                         FDRE (Setup_fdre_C_D)        0.029    11.852    u_tlb_manager/imain_ppn_q_reg[6]
  -------------------------------------------------------------------
                         required time                         11.852    
                         arrival time                         -11.472    
  -------------------------------------------------------------------
                         slack                                  0.380    

Slack (MET) :             0.380ns  (required time - arrival time)
  Source:                 u_ftq/ifu_ptr_reg[0]/C
                            (rising edge-triggered cell FDRE clocked by cpu_clk  {rise@0.000ns fall@5.556ns period=11.111ns})
  Destination:            u_tlb_manager/imain_ppn_q_reg[7]/D
                            (rising edge-triggered cell FDRE clocked by cpu_clk  {rise@0.000ns fall@5.556ns period=11.111ns})
  Path Group:             cpu_clk
  Path Type:              Setup (Max at Slow Process Corner)
  Requirement:            11.111ns  (cpu_clk rise@11.111ns - cpu_clk rise@0.000ns)
  Data Path Delay:        10.685ns  (logic 3.030ns (28.358%)  route 7.655ns (71.643%))
  Logic Levels:           16  (CARRY4=2 LUT3=3 LUT6=10 MUXF7=1)
  Clock Path Skew:        -0.039ns (DCD - SCD + CPR)
    Destination Clock Delay (DCD):    0.748ns = ( 11.859 - 11.111 ) 
    Source Clock Delay      (SCD):    0.787ns
    Clock Pessimism Removal (CPR):    0.000ns
  Clock Uncertainty:      0.035ns  ((TSJ^2 + TIJ^2)^1/2 + DJ) / 2 + PE
    Total System Jitter     (TSJ):    0.071ns
    Total Input Jitter      (TIJ):    0.000ns
    Discrete Jitter          (DJ):    0.000ns
    Phase Error              (PE):    0.000ns

    Location             Delay type                Incr(ns)  Path(ns)    Netlist Resource(s)
  -------------------------------------------------------------------    -------------------
                         (clock cpu_clk rise edge)    0.000     0.000 r  
                                                      0.000     0.000 r  aclk (IN)
                         net (fo=34009, unset)        0.787     0.787    u_ftq/aclk
                         FDRE                                         r  u_ftq/ifu_ptr_reg[0]/C
  -------------------------------------------------------------------    -------------------
                         FDRE (Prop_fdre_C_Q)         0.379     1.166 r  u_ftq/ifu_ptr_reg[0]/Q
                         net (fo=76, unplaced)        0.872     2.038    u_ftq/Q[0]
                         LUT6 (Prop_lut6_I0_O)        0.232     2.270 f  u_ftq/pre_paddr[11]_i_5/O
                         net (fo=1, unplaced)         0.347     2.617    u_ftq/pre_paddr[11]_i_5_n_0
                         LUT6 (Prop_lut6_I5_O)        0.105     2.722 r  u_ftq/pre_paddr[11]_i_3/O
                         net (fo=3, unplaced)         0.346     3.068    u_ftq/pre_paddr[11]_i_3_n_0
                         LUT3 (Prop_lut3_I1_O)        0.105     3.173 r  u_ftq/pre_paddr[11]_i_2/O
                         net (fo=66, unplaced)        0.436     3.609    u_ftq/ftq_ifu_valid
                         LUT3 (Prop_lut3_I1_O)        0.105     3.714 r  u_ftq/refill_q_key[4]_i_1/O
                         net (fo=44, unplaced)        0.661     4.375    u_ftq/ifu_mmu_vaddr[4]
                         LUT6 (Prop_lut6_I0_O)        0.105     4.480 r  u_ftq/imain_found_q_i_492/O
                         net (fo=1, unplaced)         0.000     4.480    u_ftq/imain_found_q_i_492_n_0
                         CARRY4 (Prop_carry4_S[1]_CO[3])
                                                      0.457     4.937 r  u_ftq/imain_found_q_reg_i_246/CO[3]
                         net (fo=1, unplaced)         0.008     4.945    u_ftq/imain_found_q_reg_i_246_n_0
                         CARRY4 (Prop_carry4_CI_CO[2])
                                                      0.209     5.154 f  u_ftq/imain_found_q_reg_i_72/CO[2]
                         net (fo=1, unplaced)         0.349     5.503    u_tlb_manager/u_tlb/refill_q_ps[5]_i_47_1[0]
                         LUT6 (Prop_lut6_I2_O)        0.252     5.755 f  u_tlb_manager/u_tlb/imain_found_q_i_17/O
                         net (fo=6, unplaced)         0.970     6.725    u_tlb_manager/u_tlb/match0_27
                         LUT6 (Prop_lut6_I1_O)        0.105     6.830 f  u_tlb_manager/u_tlb/refill_q_v_i_50/O
                         net (fo=3, unplaced)         0.365     7.195    u_tlb_manager/u_tlb/refill_q_v_i_50_n_0
                         LUT3 (Prop_lut3_I1_O)        0.108     7.303 r  u_tlb_manager/u_tlb/refill_q_v_i_24/O
                         net (fo=14, unplaced)        0.989     8.292    u_tlb_manager/u_tlb/s0_group_hit1329_out
                         LUT6 (Prop_lut6_I1_O)        0.105     8.397 r  u_tlb_manager/u_tlb/refill_q_v_i_9/O
                         net (fo=13, unplaced)        0.578     8.975    u_tlb_manager/u_tlb/s0_index_r1
                         LUT6 (Prop_lut6_I2_O)        0.105     9.080 r  u_tlb_manager/u_tlb/refill_q_v_i_74__0/O
                         net (fo=102, unplaced)       0.447     9.527    u_tlb_manager/u_tlb/refill_q_ps[5]_i_28_0
                         LUT6 (Prop_lut6_I4_O)        0.105     9.632 r  u_tlb_manager/u_tlb/refill_q_ppn[7]_i_23/O
                         net (fo=1, unplaced)         0.938    10.570    u_tlb_manager/u_tlb/refill_q_ppn[7]_i_23_n_0
                         LUT6 (Prop_lut6_I0_O)        0.105    10.675 r  u_tlb_manager/u_tlb/refill_q_ppn[7]_i_10/O
                         net (fo=1, unplaced)         0.000    10.675    u_tlb_manager/u_tlb/refill_q_ppn[7]_i_10_n_0
                         MUXF7 (Prop_muxf7_I1_O)      0.206    10.881 r  u_tlb_manager/u_tlb/refill_q_ppn_reg[7]_i_4/O
                         net (fo=1, unplaced)         0.349    11.230    u_tlb_manager/u_tlb/tlb_ppn1[7]
                         LUT6 (Prop_lut6_I5_O)        0.242    11.472 r  u_tlb_manager/u_tlb/refill_q_ppn[7]_i_1/O
                         net (fo=2, unplaced)         0.000    11.472    u_tlb_manager/s0_ppn[7]
                         FDRE                                         r  u_tlb_manager/imain_ppn_q_reg[7]/D
  -------------------------------------------------------------------    -------------------

                         (clock cpu_clk rise edge)   11.111    11.111 r  
                                                      0.000    11.111 r  aclk (IN)
                         net (fo=34009, unset)        0.748    11.859    u_tlb_manager/aclk
                         FDRE                                         r  u_tlb_manager/imain_ppn_q_reg[7]/C
                         clock pessimism              0.000    11.859    
                         clock uncertainty           -0.035    11.823    
                         FDRE (Setup_fdre_C_D)        0.029    11.852    u_tlb_manager/imain_ppn_q_reg[7]
  -------------------------------------------------------------------
                         required time                         11.852    
                         arrival time                         -11.472    
  -------------------------------------------------------------------
                         slack                                  0.380    

Slack (MET) :             0.380ns  (required time - arrival time)
  Source:                 u_ftq/ifu_ptr_reg[0]/C
                            (rising edge-triggered cell FDRE clocked by cpu_clk  {rise@0.000ns fall@5.556ns period=11.111ns})
  Destination:            u_tlb_manager/imain_ppn_q_reg[8]/D
                            (rising edge-triggered cell FDRE clocked by cpu_clk  {rise@0.000ns fall@5.556ns period=11.111ns})
  Path Group:             cpu_clk
  Path Type:              Setup (Max at Slow Process Corner)
  Requirement:            11.111ns  (cpu_clk rise@11.111ns - cpu_clk rise@0.000ns)
  Data Path Delay:        10.685ns  (logic 3.030ns (28.358%)  route 7.655ns (71.643%))
  Logic Levels:           16  (CARRY4=2 LUT3=3 LUT6=10 MUXF7=1)
  Clock Path Skew:        -0.039ns (DCD - SCD + CPR)
    Destination Clock Delay (DCD):    0.748ns = ( 11.859 - 11.111 ) 
    Source Clock Delay      (SCD):    0.787ns
    Clock Pessimism Removal (CPR):    0.000ns
  Clock Uncertainty:      0.035ns  ((TSJ^2 + TIJ^2)^1/2 + DJ) / 2 + PE
    Total System Jitter     (TSJ):    0.071ns
    Total Input Jitter      (TIJ):    0.000ns
    Discrete Jitter          (DJ):    0.000ns
    Phase Error              (PE):    0.000ns

    Location             Delay type                Incr(ns)  Path(ns)    Netlist Resource(s)
  -------------------------------------------------------------------    -------------------
                         (clock cpu_clk rise edge)    0.000     0.000 r  
                                                      0.000     0.000 r  aclk (IN)
                         net (fo=34009, unset)        0.787     0.787    u_ftq/aclk
                         FDRE                                         r  u_ftq/ifu_ptr_reg[0]/C
  -------------------------------------------------------------------    -------------------
                         FDRE (Prop_fdre_C_Q)         0.379     1.166 r  u_ftq/ifu_ptr_reg[0]/Q
                         net (fo=76, unplaced)        0.872     2.038    u_ftq/Q[0]
                         LUT6 (Prop_lut6_I0_O)        0.232     2.270 f  u_ftq/pre_paddr[11]_i_5/O
                         net (fo=1, unplaced)         0.347     2.617    u_ftq/pre_paddr[11]_i_5_n_0
                         LUT6 (Prop_lut6_I5_O)        0.105     2.722 r  u_ftq/pre_paddr[11]_i_3/O
                         net (fo=3, unplaced)         0.346     3.068    u_ftq/pre_paddr[11]_i_3_n_0
                         LUT3 (Prop_lut3_I1_O)        0.105     3.173 r  u_ftq/pre_paddr[11]_i_2/O
                         net (fo=66, unplaced)        0.436     3.609    u_ftq/ftq_ifu_valid
                         LUT3 (Prop_lut3_I1_O)        0.105     3.714 r  u_ftq/refill_q_key[4]_i_1/O
                         net (fo=44, unplaced)        0.661     4.375    u_ftq/ifu_mmu_vaddr[4]
                         LUT6 (Prop_lut6_I0_O)        0.105     4.480 r  u_ftq/imain_found_q_i_492/O
                         net (fo=1, unplaced)         0.000     4.480    u_ftq/imain_found_q_i_492_n_0
                         CARRY4 (Prop_carry4_S[1]_CO[3])
                                                      0.457     4.937 r  u_ftq/imain_found_q_reg_i_246/CO[3]
                         net (fo=1, unplaced)         0.008     4.945    u_ftq/imain_found_q_reg_i_246_n_0
                         CARRY4 (Prop_carry4_CI_CO[2])
                                                      0.209     5.154 f  u_ftq/imain_found_q_reg_i_72/CO[2]
                         net (fo=1, unplaced)         0.349     5.503    u_tlb_manager/u_tlb/refill_q_ps[5]_i_47_1[0]
                         LUT6 (Prop_lut6_I2_O)        0.252     5.755 f  u_tlb_manager/u_tlb/imain_found_q_i_17/O
                         net (fo=6, unplaced)         0.970     6.725    u_tlb_manager/u_tlb/match0_27
                         LUT6 (Prop_lut6_I1_O)        0.105     6.830 f  u_tlb_manager/u_tlb/refill_q_v_i_50/O
                         net (fo=3, unplaced)         0.365     7.195    u_tlb_manager/u_tlb/refill_q_v_i_50_n_0
                         LUT3 (Prop_lut3_I1_O)        0.108     7.303 r  u_tlb_manager/u_tlb/refill_q_v_i_24/O
                         net (fo=14, unplaced)        0.989     8.292    u_tlb_manager/u_tlb/s0_group_hit1329_out
                         LUT6 (Prop_lut6_I1_O)        0.105     8.397 r  u_tlb_manager/u_tlb/refill_q_v_i_9/O
                         net (fo=13, unplaced)        0.578     8.975    u_tlb_manager/u_tlb/s0_index_r1
                         LUT6 (Prop_lut6_I2_O)        0.105     9.080 r  u_tlb_manager/u_tlb/refill_q_v_i_74__0/O
                         net (fo=102, unplaced)       0.447     9.527    u_tlb_manager/u_tlb/refill_q_ps[5]_i_28_0
                         LUT6 (Prop_lut6_I4_O)        0.105     9.632 r  u_tlb_manager/u_tlb/refill_q_ppn[8]_i_23/O
                         net (fo=1, unplaced)         0.938    10.570    u_tlb_manager/u_tlb/refill_q_ppn[8]_i_23_n_0
                         LUT6 (Prop_lut6_I0_O)        0.105    10.675 r  u_tlb_manager/u_tlb/refill_q_ppn[8]_i_10/O
                         net (fo=1, unplaced)         0.000    10.675    u_tlb_manager/u_tlb/refill_q_ppn[8]_i_10_n_0
                         MUXF7 (Prop_muxf7_I1_O)      0.206    10.881 r  u_tlb_manager/u_tlb/refill_q_ppn_reg[8]_i_4/O
                         net (fo=1, unplaced)         0.349    11.230    u_tlb_manager/u_tlb/tlb_ppn1[8]
                         LUT6 (Prop_lut6_I5_O)        0.242    11.472 r  u_tlb_manager/u_tlb/refill_q_ppn[8]_i_1/O
                         net (fo=2, unplaced)         0.000    11.472    u_tlb_manager/s0_ppn[8]
                         FDRE                                         r  u_tlb_manager/imain_ppn_q_reg[8]/D
  -------------------------------------------------------------------    -------------------

                         (clock cpu_clk rise edge)   11.111    11.111 r  
                                                      0.000    11.111 r  aclk (IN)
                         net (fo=34009, unset)        0.748    11.859    u_tlb_manager/aclk
                         FDRE                                         r  u_tlb_manager/imain_ppn_q_reg[8]/C
                         clock pessimism              0.000    11.859    
                         clock uncertainty           -0.035    11.823    
                         FDRE (Setup_fdre_C_D)        0.029    11.852    u_tlb_manager/imain_ppn_q_reg[8]
  -------------------------------------------------------------------
                         required time                         11.852    
                         arrival time                         -11.472    
  -------------------------------------------------------------------
                         slack                                  0.380    

Slack (MET) :             0.380ns  (required time - arrival time)
  Source:                 u_ftq/ifu_ptr_reg[0]/C
                            (rising edge-triggered cell FDRE clocked by cpu_clk  {rise@0.000ns fall@5.556ns period=11.111ns})
  Destination:            u_tlb_manager/imain_ppn_q_reg[9]/D
                            (rising edge-triggered cell FDRE clocked by cpu_clk  {rise@0.000ns fall@5.556ns period=11.111ns})
  Path Group:             cpu_clk
  Path Type:              Setup (Max at Slow Process Corner)
  Requirement:            11.111ns  (cpu_clk rise@11.111ns - cpu_clk rise@0.000ns)
  Data Path Delay:        10.685ns  (logic 3.030ns (28.358%)  route 7.655ns (71.643%))
  Logic Levels:           16  (CARRY4=2 LUT3=3 LUT6=10 MUXF7=1)
  Clock Path Skew:        -0.039ns (DCD - SCD + CPR)
    Destination Clock Delay (DCD):    0.748ns = ( 11.859 - 11.111 ) 
    Source Clock Delay      (SCD):    0.787ns
    Clock Pessimism Removal (CPR):    0.000ns
  Clock Uncertainty:      0.035ns  ((TSJ^2 + TIJ^2)^1/2 + DJ) / 2 + PE
    Total System Jitter     (TSJ):    0.071ns
    Total Input Jitter      (TIJ):    0.000ns
    Discrete Jitter          (DJ):    0.000ns
    Phase Error              (PE):    0.000ns

    Location             Delay type                Incr(ns)  Path(ns)    Netlist Resource(s)
  -------------------------------------------------------------------    -------------------
                         (clock cpu_clk rise edge)    0.000     0.000 r  
                                                      0.000     0.000 r  aclk (IN)
                         net (fo=34009, unset)        0.787     0.787    u_ftq/aclk
                         FDRE                                         r  u_ftq/ifu_ptr_reg[0]/C
  -------------------------------------------------------------------    -------------------
                         FDRE (Prop_fdre_C_Q)         0.379     1.166 r  u_ftq/ifu_ptr_reg[0]/Q
                         net (fo=76, unplaced)        0.872     2.038    u_ftq/Q[0]
                         LUT6 (Prop_lut6_I0_O)        0.232     2.270 f  u_ftq/pre_paddr[11]_i_5/O
                         net (fo=1, unplaced)         0.347     2.617    u_ftq/pre_paddr[11]_i_5_n_0
                         LUT6 (Prop_lut6_I5_O)        0.105     2.722 r  u_ftq/pre_paddr[11]_i_3/O
                         net (fo=3, unplaced)         0.346     3.068    u_ftq/pre_paddr[11]_i_3_n_0
                         LUT3 (Prop_lut3_I1_O)        0.105     3.173 r  u_ftq/pre_paddr[11]_i_2/O
                         net (fo=66, unplaced)        0.436     3.609    u_ftq/ftq_ifu_valid
                         LUT3 (Prop_lut3_I1_O)        0.105     3.714 r  u_ftq/refill_q_key[4]_i_1/O
                         net (fo=44, unplaced)        0.661     4.375    u_ftq/ifu_mmu_vaddr[4]
                         LUT6 (Prop_lut6_I0_O)        0.105     4.480 r  u_ftq/imain_found_q_i_492/O
                         net (fo=1, unplaced)         0.000     4.480    u_ftq/imain_found_q_i_492_n_0
                         CARRY4 (Prop_carry4_S[1]_CO[3])
                                                      0.457     4.937 r  u_ftq/imain_found_q_reg_i_246/CO[3]
                         net (fo=1, unplaced)         0.008     4.945    u_ftq/imain_found_q_reg_i_246_n_0
                         CARRY4 (Prop_carry4_CI_CO[2])
                                                      0.209     5.154 f  u_ftq/imain_found_q_reg_i_72/CO[2]
                         net (fo=1, unplaced)         0.349     5.503    u_tlb_manager/u_tlb/refill_q_ps[5]_i_47_1[0]
                         LUT6 (Prop_lut6_I2_O)        0.252     5.755 f  u_tlb_manager/u_tlb/imain_found_q_i_17/O
                         net (fo=6, unplaced)         0.970     6.725    u_tlb_manager/u_tlb/match0_27
                         LUT6 (Prop_lut6_I1_O)        0.105     6.830 f  u_tlb_manager/u_tlb/refill_q_v_i_50/O
                         net (fo=3, unplaced)         0.365     7.195    u_tlb_manager/u_tlb/refill_q_v_i_50_n_0
                         LUT3 (Prop_lut3_I1_O)        0.108     7.303 r  u_tlb_manager/u_tlb/refill_q_v_i_24/O
                         net (fo=14, unplaced)        0.989     8.292    u_tlb_manager/u_tlb/s0_group_hit1329_out
                         LUT6 (Prop_lut6_I1_O)        0.105     8.397 r  u_tlb_manager/u_tlb/refill_q_v_i_9/O
                         net (fo=13, unplaced)        0.578     8.975    u_tlb_manager/u_tlb/s0_index_r1
                         LUT6 (Prop_lut6_I2_O)        0.105     9.080 r  u_tlb_manager/u_tlb/refill_q_v_i_74__0/O
                         net (fo=102, unplaced)       0.447     9.527    u_tlb_manager/u_tlb/refill_q_ps[5]_i_28_0
                         LUT6 (Prop_lut6_I4_O)        0.105     9.632 r  u_tlb_manager/u_tlb/refill_q_ppn[9]_i_23/O
                         net (fo=1, unplaced)         0.938    10.570    u_tlb_manager/u_tlb/refill_q_ppn[9]_i_23_n_0
                         LUT6 (Prop_lut6_I0_O)        0.105    10.675 r  u_tlb_manager/u_tlb/refill_q_ppn[9]_i_10/O
                         net (fo=1, unplaced)         0.000    10.675    u_tlb_manager/u_tlb/refill_q_ppn[9]_i_10_n_0
                         MUXF7 (Prop_muxf7_I1_O)      0.206    10.881 r  u_tlb_manager/u_tlb/refill_q_ppn_reg[9]_i_4/O
                         net (fo=1, unplaced)         0.349    11.230    u_tlb_manager/u_tlb/tlb_ppn1[9]
                         LUT6 (Prop_lut6_I5_O)        0.242    11.472 r  u_tlb_manager/u_tlb/refill_q_ppn[9]_i_1/O
                         net (fo=2, unplaced)         0.000    11.472    u_tlb_manager/s0_ppn[9]
                         FDRE                                         r  u_tlb_manager/imain_ppn_q_reg[9]/D
  -------------------------------------------------------------------    -------------------

                         (clock cpu_clk rise edge)   11.111    11.111 r  
                                                      0.000    11.111 r  aclk (IN)
                         net (fo=34009, unset)        0.748    11.859    u_tlb_manager/aclk
                         FDRE                                         r  u_tlb_manager/imain_ppn_q_reg[9]/C
                         clock pessimism              0.000    11.859    
                         clock uncertainty           -0.035    11.823    
                         FDRE (Setup_fdre_C_D)        0.029    11.852    u_tlb_manager/imain_ppn_q_reg[9]
  -------------------------------------------------------------------
                         required time                         11.852    
                         arrival time                         -11.472    
  -------------------------------------------------------------------
                         slack                                  0.380    

Slack (MET) :             0.380ns  (required time - arrival time)
  Source:                 u_ftq/ifu_ptr_reg[0]/C
                            (rising edge-triggered cell FDRE clocked by cpu_clk  {rise@0.000ns fall@5.556ns period=11.111ns})
  Destination:            u_tlb_manager/imain_v_q_reg/D
                            (rising edge-triggered cell FDRE clocked by cpu_clk  {rise@0.000ns fall@5.556ns period=11.111ns})
  Path Group:             cpu_clk
  Path Type:              Setup (Max at Slow Process Corner)
  Requirement:            11.111ns  (cpu_clk rise@11.111ns - cpu_clk rise@0.000ns)
  Data Path Delay:        10.685ns  (logic 3.030ns (28.358%)  route 7.655ns (71.643%))
  Logic Levels:           16  (CARRY4=2 LUT3=3 LUT6=10 MUXF7=1)
  Clock Path Skew:        -0.039ns (DCD - SCD + CPR)
    Destination Clock Delay (DCD):    0.748ns = ( 11.859 - 11.111 ) 
    Source Clock Delay      (SCD):    0.787ns
    Clock Pessimism Removal (CPR):    0.000ns
  Clock Uncertainty:      0.035ns  ((TSJ^2 + TIJ^2)^1/2 + DJ) / 2 + PE
    Total System Jitter     (TSJ):    0.071ns
    Total Input Jitter      (TIJ):    0.000ns
    Discrete Jitter          (DJ):    0.000ns
    Phase Error              (PE):    0.000ns

    Location             Delay type                Incr(ns)  Path(ns)    Netlist Resource(s)
  -------------------------------------------------------------------    -------------------
                         (clock cpu_clk rise edge)    0.000     0.000 r  
                                                      0.000     0.000 r  aclk (IN)
                         net (fo=34009, unset)        0.787     0.787    u_ftq/aclk
                         FDRE                                         r  u_ftq/ifu_ptr_reg[0]/C
  -------------------------------------------------------------------    -------------------
                         FDRE (Prop_fdre_C_Q)         0.379     1.166 r  u_ftq/ifu_ptr_reg[0]/Q
                         net (fo=76, unplaced)        0.872     2.038    u_ftq/Q[0]
                         LUT6 (Prop_lut6_I0_O)        0.232     2.270 f  u_ftq/pre_paddr[11]_i_5/O
                         net (fo=1, unplaced)         0.347     2.617    u_ftq/pre_paddr[11]_i_5_n_0
                         LUT6 (Prop_lut6_I5_O)        0.105     2.722 r  u_ftq/pre_paddr[11]_i_3/O
                         net (fo=3, unplaced)         0.346     3.068    u_ftq/pre_paddr[11]_i_3_n_0
                         LUT3 (Prop_lut3_I1_O)        0.105     3.173 r  u_ftq/pre_paddr[11]_i_2/O
                         net (fo=66, unplaced)        0.436     3.609    u_ftq/ftq_ifu_valid
                         LUT3 (Prop_lut3_I1_O)        0.105     3.714 r  u_ftq/refill_q_key[4]_i_1/O
                         net (fo=44, unplaced)        0.661     4.375    u_ftq/ifu_mmu_vaddr[4]
                         LUT6 (Prop_lut6_I0_O)        0.105     4.480 r  u_ftq/imain_found_q_i_492/O
                         net (fo=1, unplaced)         0.000     4.480    u_ftq/imain_found_q_i_492_n_0
                         CARRY4 (Prop_carry4_S[1]_CO[3])
                                                      0.457     4.937 r  u_ftq/imain_found_q_reg_i_246/CO[3]
                         net (fo=1, unplaced)         0.008     4.945    u_ftq/imain_found_q_reg_i_246_n_0
                         CARRY4 (Prop_carry4_CI_CO[2])
                                                      0.209     5.154 f  u_ftq/imain_found_q_reg_i_72/CO[2]
                         net (fo=1, unplaced)         0.349     5.503    u_tlb_manager/u_tlb/refill_q_ps[5]_i_47_1[0]
                         LUT6 (Prop_lut6_I2_O)        0.252     5.755 f  u_tlb_manager/u_tlb/imain_found_q_i_17/O
                         net (fo=6, unplaced)         0.970     6.725    u_tlb_manager/u_tlb/match0_27
                         LUT6 (Prop_lut6_I1_O)        0.105     6.830 f  u_tlb_manager/u_tlb/refill_q_v_i_50/O
                         net (fo=3, unplaced)         0.365     7.195    u_tlb_manager/u_tlb/refill_q_v_i_50_n_0
                         LUT3 (Prop_lut3_I1_O)        0.108     7.303 r  u_tlb_manager/u_tlb/refill_q_v_i_24/O
                         net (fo=14, unplaced)        0.989     8.292    u_tlb_manager/u_tlb/s0_group_hit1329_out
                         LUT6 (Prop_lut6_I1_O)        0.105     8.397 r  u_tlb_manager/u_tlb/refill_q_v_i_9/O
                         net (fo=13, unplaced)        0.578     8.975    u_tlb_manager/u_tlb/s0_index_r1
                         LUT6 (Prop_lut6_I2_O)        0.105     9.080 r  u_tlb_manager/u_tlb/refill_q_v_i_89__0/O
                         net (fo=102, unplaced)       0.447     9.527    u_tlb_manager/u_tlb/refill_q_v_i_89__0_n_0
                         LUT6 (Prop_lut6_I4_O)        0.105     9.632 r  u_tlb_manager/u_tlb/refill_q_v_i_44/O
                         net (fo=1, unplaced)         0.938    10.570    u_tlb_manager/u_tlb/refill_q_v_i_44_n_0
                         LUT6 (Prop_lut6_I0_O)        0.105    10.675 r  u_tlb_manager/u_tlb/refill_q_v_i_18/O
                         net (fo=1, unplaced)         0.000    10.675    u_tlb_manager/u_tlb/refill_q_v_i_18_n_0
                         MUXF7 (Prop_muxf7_I1_O)      0.206    10.881 r  u_tlb_manager/u_tlb/refill_q_v_reg_i_6/O
                         net (fo=1, unplaced)         0.349    11.230    u_tlb_manager/u_tlb/tlb_v1
                         LUT6 (Prop_lut6_I5_O)        0.242    11.472 r  u_tlb_manager/u_tlb/refill_q_v_i_1/O
                         net (fo=2, unplaced)         0.000    11.472    u_tlb_manager/s0_v
                         FDRE                                         r  u_tlb_manager/imain_v_q_reg/D
  -------------------------------------------------------------------    -------------------

                         (clock cpu_clk rise edge)   11.111    11.111 r  
                                                      0.000    11.111 r  aclk (IN)
                         net (fo=34009, unset)        0.748    11.859    u_tlb_manager/aclk
                         FDRE                                         r  u_tlb_manager/imain_v_q_reg/C
                         clock pessimism              0.000    11.859    
                         clock uncertainty           -0.035    11.823    
                         FDRE (Setup_fdre_C_D)        0.029    11.852    u_tlb_manager/imain_v_q_reg
  -------------------------------------------------------------------
                         required time                         11.852    
                         arrival time                         -11.472    
  -------------------------------------------------------------------
                         slack                                  0.380    

Slack (MET) :             0.380ns  (required time - arrival time)
  Source:                 u_ftq/ifu_ptr_reg[0]/C
                            (rising edge-triggered cell FDRE clocked by cpu_clk  {rise@0.000ns fall@5.556ns period=11.111ns})
  Destination:            u_tlb_manager/u_l1_tlb_i/refill_q_mat_reg[0]/D
                            (rising edge-triggered cell FDRE clocked by cpu_clk  {rise@0.000ns fall@5.556ns period=11.111ns})
  Path Group:             cpu_clk
  Path Type:              Setup (Max at Slow Process Corner)
  Requirement:            11.111ns  (cpu_clk rise@11.111ns - cpu_clk rise@0.000ns)
  Data Path Delay:        10.685ns  (logic 3.030ns (28.358%)  route 7.655ns (71.643%))
  Logic Levels:           16  (CARRY4=2 LUT3=3 LUT6=10 MUXF7=1)
  Clock Path Skew:        -0.039ns (DCD - SCD + CPR)
    Destination Clock Delay (DCD):    0.748ns = ( 11.859 - 11.111 ) 
    Source Clock Delay      (SCD):    0.787ns
    Clock Pessimism Removal (CPR):    0.000ns
  Clock Uncertainty:      0.035ns  ((TSJ^2 + TIJ^2)^1/2 + DJ) / 2 + PE
    Total System Jitter     (TSJ):    0.071ns
    Total Input Jitter      (TIJ):    0.000ns
    Discrete Jitter          (DJ):    0.000ns
    Phase Error              (PE):    0.000ns

    Location             Delay type                Incr(ns)  Path(ns)    Netlist Resource(s)
  -------------------------------------------------------------------    -------------------
                         (clock cpu_clk rise edge)    0.000     0.000 r  
                                                      0.000     0.000 r  aclk (IN)
                         net (fo=34009, unset)        0.787     0.787    u_ftq/aclk
                         FDRE                                         r  u_ftq/ifu_ptr_reg[0]/C
  -------------------------------------------------------------------    -------------------
                         FDRE (Prop_fdre_C_Q)         0.379     1.166 r  u_ftq/ifu_ptr_reg[0]/Q
                         net (fo=76, unplaced)        0.872     2.038    u_ftq/Q[0]
                         LUT6 (Prop_lut6_I0_O)        0.232     2.270 f  u_ftq/pre_paddr[11]_i_5/O
                         net (fo=1, unplaced)         0.347     2.617    u_ftq/pre_paddr[11]_i_5_n_0
                         LUT6 (Prop_lut6_I5_O)        0.105     2.722 r  u_ftq/pre_paddr[11]_i_3/O
                         net (fo=3, unplaced)         0.346     3.068    u_ftq/pre_paddr[11]_i_3_n_0
                         LUT3 (Prop_lut3_I1_O)        0.105     3.173 r  u_ftq/pre_paddr[11]_i_2/O
                         net (fo=66, unplaced)        0.436     3.609    u_ftq/ftq_ifu_valid
                         LUT3 (Prop_lut3_I1_O)        0.105     3.714 r  u_ftq/refill_q_key[4]_i_1/O
                         net (fo=44, unplaced)        0.661     4.375    u_ftq/ifu_mmu_vaddr[4]
                         LUT6 (Prop_lut6_I0_O)        0.105     4.480 r  u_ftq/imain_found_q_i_492/O
                         net (fo=1, unplaced)         0.000     4.480    u_ftq/imain_found_q_i_492_n_0
                         CARRY4 (Prop_carry4_S[1]_CO[3])
                                                      0.457     4.937 r  u_ftq/imain_found_q_reg_i_246/CO[3]
                         net (fo=1, unplaced)         0.008     4.945    u_ftq/imain_found_q_reg_i_246_n_0
                         CARRY4 (Prop_carry4_CI_CO[2])
                                                      0.209     5.154 f  u_ftq/imain_found_q_reg_i_72/CO[2]
                         net (fo=1, unplaced)         0.349     5.503    u_tlb_manager/u_tlb/refill_q_ps[5]_i_47_1[0]
                         LUT6 (Prop_lut6_I2_O)        0.252     5.755 f  u_tlb_manager/u_tlb/imain_found_q_i_17/O
                         net (fo=6, unplaced)         0.970     6.725    u_tlb_manager/u_tlb/match0_27
                         LUT6 (Prop_lut6_I1_O)        0.105     6.830 f  u_tlb_manager/u_tlb/refill_q_v_i_50/O
                         net (fo=3, unplaced)         0.365     7.195    u_tlb_manager/u_tlb/refill_q_v_i_50_n_0
                         LUT3 (Prop_lut3_I1_O)        0.108     7.303 r  u_tlb_manager/u_tlb/refill_q_v_i_24/O
                         net (fo=14, unplaced)        0.989     8.292    u_tlb_manager/u_tlb/s0_group_hit1329_out
                         LUT6 (Prop_lut6_I1_O)        0.105     8.397 r  u_tlb_manager/u_tlb/refill_q_v_i_9/O
                         net (fo=13, unplaced)        0.578     8.975    u_tlb_manager/u_tlb/s0_index_r1
                         LUT6 (Prop_lut6_I2_O)        0.105     9.080 r  u_tlb_manager/u_tlb/refill_q_v_i_89__0/O
                         net (fo=102, unplaced)       0.447     9.527    u_tlb_manager/u_tlb/refill_q_v_i_89__0_n_0
                         LUT6 (Prop_lut6_I4_O)        0.105     9.632 r  u_tlb_manager/u_tlb/refill_q_mat[0]_i_23/O
                         net (fo=1, unplaced)         0.938    10.570    u_tlb_manager/u_tlb/refill_q_mat[0]_i_23_n_0
                         LUT6 (Prop_lut6_I0_O)        0.105    10.675 r  u_tlb_manager/u_tlb/refill_q_mat[0]_i_10/O
                         net (fo=1, unplaced)         0.000    10.675    u_tlb_manager/u_tlb/refill_q_mat[0]_i_10_n_0
                         MUXF7 (Prop_muxf7_I1_O)      0.206    10.881 r  u_tlb_manager/u_tlb/refill_q_mat_reg[0]_i_4/O
                         net (fo=1, unplaced)         0.349    11.230    u_tlb_manager/u_tlb/tlb_mat1[0]
                         LUT6 (Prop_lut6_I5_O)        0.242    11.472 r  u_tlb_manager/u_tlb/refill_q_mat[0]_i_1/O
                         net (fo=2, unplaced)         0.000    11.472    u_tlb_manager/u_l1_tlb_i/refill_q_mat_reg[1]_0[0]
                         FDRE                                         r  u_tlb_manager/u_l1_tlb_i/refill_q_mat_reg[0]/D
  -------------------------------------------------------------------    -------------------

                         (clock cpu_clk rise edge)   11.111    11.111 r  
                                                      0.000    11.111 r  aclk (IN)
                         net (fo=34009, unset)        0.748    11.859    u_tlb_manager/u_l1_tlb_i/aclk
                         FDRE                                         r  u_tlb_manager/u_l1_tlb_i/refill_q_mat_reg[0]/C
                         clock pessimism              0.000    11.859    
                         clock uncertainty           -0.035    11.823    
                         FDRE (Setup_fdre_C_D)        0.029    11.852    u_tlb_manager/u_l1_tlb_i/refill_q_mat_reg[0]
  -------------------------------------------------------------------
                         required time                         11.852    
                         arrival time                         -11.472    
  -------------------------------------------------------------------
                         slack                                  0.380    

Slack (MET) :             0.380ns  (required time - arrival time)
  Source:                 u_ftq/ifu_ptr_reg[0]/C
                            (rising edge-triggered cell FDRE clocked by cpu_clk  {rise@0.000ns fall@5.556ns period=11.111ns})
  Destination:            u_tlb_manager/u_l1_tlb_i/refill_q_mat_reg[1]/D
                            (rising edge-triggered cell FDRE clocked by cpu_clk  {rise@0.000ns fall@5.556ns period=11.111ns})
  Path Group:             cpu_clk
  Path Type:              Setup (Max at Slow Process Corner)
  Requirement:            11.111ns  (cpu_clk rise@11.111ns - cpu_clk rise@0.000ns)
  Data Path Delay:        10.685ns  (logic 3.030ns (28.358%)  route 7.655ns (71.643%))
  Logic Levels:           16  (CARRY4=2 LUT3=3 LUT6=10 MUXF7=1)
  Clock Path Skew:        -0.039ns (DCD - SCD + CPR)
    Destination Clock Delay (DCD):    0.748ns = ( 11.859 - 11.111 ) 
    Source Clock Delay      (SCD):    0.787ns
    Clock Pessimism Removal (CPR):    0.000ns
  Clock Uncertainty:      0.035ns  ((TSJ^2 + TIJ^2)^1/2 + DJ) / 2 + PE
    Total System Jitter     (TSJ):    0.071ns
    Total Input Jitter      (TIJ):    0.000ns
    Discrete Jitter          (DJ):    0.000ns
    Phase Error              (PE):    0.000ns

    Location             Delay type                Incr(ns)  Path(ns)    Netlist Resource(s)
  -------------------------------------------------------------------    -------------------
                         (clock cpu_clk rise edge)    0.000     0.000 r  
                                                      0.000     0.000 r  aclk (IN)
                         net (fo=34009, unset)        0.787     0.787    u_ftq/aclk
                         FDRE                                         r  u_ftq/ifu_ptr_reg[0]/C
  -------------------------------------------------------------------    -------------------
                         FDRE (Prop_fdre_C_Q)         0.379     1.166 r  u_ftq/ifu_ptr_reg[0]/Q
                         net (fo=76, unplaced)        0.872     2.038    u_ftq/Q[0]
                         LUT6 (Prop_lut6_I0_O)        0.232     2.270 f  u_ftq/pre_paddr[11]_i_5/O
                         net (fo=1, unplaced)         0.347     2.617    u_ftq/pre_paddr[11]_i_5_n_0
                         LUT6 (Prop_lut6_I5_O)        0.105     2.722 r  u_ftq/pre_paddr[11]_i_3/O
                         net (fo=3, unplaced)         0.346     3.068    u_ftq/pre_paddr[11]_i_3_n_0
                         LUT3 (Prop_lut3_I1_O)        0.105     3.173 r  u_ftq/pre_paddr[11]_i_2/O
                         net (fo=66, unplaced)        0.436     3.609    u_ftq/ftq_ifu_valid
                         LUT3 (Prop_lut3_I1_O)        0.105     3.714 r  u_ftq/refill_q_key[4]_i_1/O
                         net (fo=44, unplaced)        0.661     4.375    u_ftq/ifu_mmu_vaddr[4]
                         LUT6 (Prop_lut6_I0_O)        0.105     4.480 r  u_ftq/imain_found_q_i_492/O
                         net (fo=1, unplaced)         0.000     4.480    u_ftq/imain_found_q_i_492_n_0
                         CARRY4 (Prop_carry4_S[1]_CO[3])
                                                      0.457     4.937 r  u_ftq/imain_found_q_reg_i_246/CO[3]
                         net (fo=1, unplaced)         0.008     4.945    u_ftq/imain_found_q_reg_i_246_n_0
                         CARRY4 (Prop_carry4_CI_CO[2])
                                                      0.209     5.154 f  u_ftq/imain_found_q_reg_i_72/CO[2]
                         net (fo=1, unplaced)         0.349     5.503    u_tlb_manager/u_tlb/refill_q_ps[5]_i_47_1[0]
                         LUT6 (Prop_lut6_I2_O)        0.252     5.755 f  u_tlb_manager/u_tlb/imain_found_q_i_17/O
                         net (fo=6, unplaced)         0.970     6.725    u_tlb_manager/u_tlb/match0_27
                         LUT6 (Prop_lut6_I1_O)        0.105     6.830 f  u_tlb_manager/u_tlb/refill_q_v_i_50/O
                         net (fo=3, unplaced)         0.365     7.195    u_tlb_manager/u_tlb/refill_q_v_i_50_n_0
                         LUT3 (Prop_lut3_I1_O)        0.108     7.303 r  u_tlb_manager/u_tlb/refill_q_v_i_24/O
                         net (fo=14, unplaced)        0.989     8.292    u_tlb_manager/u_tlb/s0_group_hit1329_out
                         LUT6 (Prop_lut6_I1_O)        0.105     8.397 r  u_tlb_manager/u_tlb/refill_q_v_i_9/O
                         net (fo=13, unplaced)        0.578     8.975    u_tlb_manager/u_tlb/s0_index_r1
                         LUT6 (Prop_lut6_I2_O)        0.105     9.080 r  u_tlb_manager/u_tlb/refill_q_v_i_89__0/O
                         net (fo=102, unplaced)       0.447     9.527    u_tlb_manager/u_tlb/refill_q_v_i_89__0_n_0
                         LUT6 (Prop_lut6_I4_O)        0.105     9.632 r  u_tlb_manager/u_tlb/refill_q_mat[1]_i_23/O
                         net (fo=1, unplaced)         0.938    10.570    u_tlb_manager/u_tlb/refill_q_mat[1]_i_23_n_0
                         LUT6 (Prop_lut6_I0_O)        0.105    10.675 r  u_tlb_manager/u_tlb/refill_q_mat[1]_i_10/O
                         net (fo=1, unplaced)         0.000    10.675    u_tlb_manager/u_tlb/refill_q_mat[1]_i_10_n_0
                         MUXF7 (Prop_muxf7_I1_O)      0.206    10.881 r  u_tlb_manager/u_tlb/refill_q_mat_reg[1]_i_4/O
                         net (fo=1, unplaced)         0.349    11.230    u_tlb_manager/u_tlb/tlb_mat1[1]
                         LUT6 (Prop_lut6_I5_O)        0.242    11.472 r  u_tlb_manager/u_tlb/refill_q_mat[1]_i_1/O
                         net (fo=2, unplaced)         0.000    11.472    u_tlb_manager/u_l1_tlb_i/refill_q_mat_reg[1]_0[1]
                         FDRE                                         r  u_tlb_manager/u_l1_tlb_i/refill_q_mat_reg[1]/D
  -------------------------------------------------------------------    -------------------

                         (clock cpu_clk rise edge)   11.111    11.111 r  
                                                      0.000    11.111 r  aclk (IN)
                         net (fo=34009, unset)        0.748    11.859    u_tlb_manager/u_l1_tlb_i/aclk
                         FDRE                                         r  u_tlb_manager/u_l1_tlb_i/refill_q_mat_reg[1]/C
                         clock pessimism              0.000    11.859    
                         clock uncertainty           -0.035    11.823    
                         FDRE (Setup_fdre_C_D)        0.029    11.852    u_tlb_manager/u_l1_tlb_i/refill_q_mat_reg[1]
  -------------------------------------------------------------------
                         required time                         11.852    
                         arrival time                         -11.472    
  -------------------------------------------------------------------
                         slack                                  0.380    

Slack (MET) :             0.380ns  (required time - arrival time)
  Source:                 u_ftq/ifu_ptr_reg[0]/C
                            (rising edge-triggered cell FDRE clocked by cpu_clk  {rise@0.000ns fall@5.556ns period=11.111ns})
  Destination:            u_tlb_manager/u_l1_tlb_i/refill_q_plv_reg[0]/D
                            (rising edge-triggered cell FDRE clocked by cpu_clk  {rise@0.000ns fall@5.556ns period=11.111ns})
  Path Group:             cpu_clk
  Path Type:              Setup (Max at Slow Process Corner)
  Requirement:            11.111ns  (cpu_clk rise@11.111ns - cpu_clk rise@0.000ns)
  Data Path Delay:        10.685ns  (logic 3.030ns (28.358%)  route 7.655ns (71.643%))
  Logic Levels:           16  (CARRY4=2 LUT3=3 LUT6=10 MUXF7=1)
  Clock Path Skew:        -0.039ns (DCD - SCD + CPR)
    Destination Clock Delay (DCD):    0.748ns = ( 11.859 - 11.111 ) 
    Source Clock Delay      (SCD):    0.787ns
    Clock Pessimism Removal (CPR):    0.000ns
  Clock Uncertainty:      0.035ns  ((TSJ^2 + TIJ^2)^1/2 + DJ) / 2 + PE
    Total System Jitter     (TSJ):    0.071ns
    Total Input Jitter      (TIJ):    0.000ns
    Discrete Jitter          (DJ):    0.000ns
    Phase Error              (PE):    0.000ns

    Location             Delay type                Incr(ns)  Path(ns)    Netlist Resource(s)
  -------------------------------------------------------------------    -------------------
                         (clock cpu_clk rise edge)    0.000     0.000 r  
                                                      0.000     0.000 r  aclk (IN)
                         net (fo=34009, unset)        0.787     0.787    u_ftq/aclk
                         FDRE                                         r  u_ftq/ifu_ptr_reg[0]/C
  -------------------------------------------------------------------    -------------------
                         FDRE (Prop_fdre_C_Q)         0.379     1.166 r  u_ftq/ifu_ptr_reg[0]/Q
                         net (fo=76, unplaced)        0.872     2.038    u_ftq/Q[0]
                         LUT6 (Prop_lut6_I0_O)        0.232     2.270 f  u_ftq/pre_paddr[11]_i_5/O
                         net (fo=1, unplaced)         0.347     2.617    u_ftq/pre_paddr[11]_i_5_n_0
                         LUT6 (Prop_lut6_I5_O)        0.105     2.722 r  u_ftq/pre_paddr[11]_i_3/O
                         net (fo=3, unplaced)         0.346     3.068    u_ftq/pre_paddr[11]_i_3_n_0
                         LUT3 (Prop_lut3_I1_O)        0.105     3.173 r  u_ftq/pre_paddr[11]_i_2/O
                         net (fo=66, unplaced)        0.436     3.609    u_ftq/ftq_ifu_valid
                         LUT3 (Prop_lut3_I1_O)        0.105     3.714 r  u_ftq/refill_q_key[4]_i_1/O
                         net (fo=44, unplaced)        0.661     4.375    u_ftq/ifu_mmu_vaddr[4]
                         LUT6 (Prop_lut6_I0_O)        0.105     4.480 r  u_ftq/imain_found_q_i_492/O
                         net (fo=1, unplaced)         0.000     4.480    u_ftq/imain_found_q_i_492_n_0
                         CARRY4 (Prop_carry4_S[1]_CO[3])
                                                      0.457     4.937 r  u_ftq/imain_found_q_reg_i_246/CO[3]
                         net (fo=1, unplaced)         0.008     4.945    u_ftq/imain_found_q_reg_i_246_n_0
                         CARRY4 (Prop_carry4_CI_CO[2])
                                                      0.209     5.154 f  u_ftq/imain_found_q_reg_i_72/CO[2]
                         net (fo=1, unplaced)         0.349     5.503    u_tlb_manager/u_tlb/refill_q_ps[5]_i_47_1[0]
                         LUT6 (Prop_lut6_I2_O)        0.252     5.755 f  u_tlb_manager/u_tlb/imain_found_q_i_17/O
                         net (fo=6, unplaced)         0.970     6.725    u_tlb_manager/u_tlb/match0_27
                         LUT6 (Prop_lut6_I1_O)        0.105     6.830 f  u_tlb_manager/u_tlb/refill_q_v_i_50/O
                         net (fo=3, unplaced)         0.365     7.195    u_tlb_manager/u_tlb/refill_q_v_i_50_n_0
                         LUT3 (Prop_lut3_I1_O)        0.108     7.303 r  u_tlb_manager/u_tlb/refill_q_v_i_24/O
                         net (fo=14, unplaced)        0.989     8.292    u_tlb_manager/u_tlb/s0_group_hit1329_out
                         LUT6 (Prop_lut6_I1_O)        0.105     8.397 r  u_tlb_manager/u_tlb/refill_q_v_i_9/O
                         net (fo=13, unplaced)        0.578     8.975    u_tlb_manager/u_tlb/s0_index_r1
                         LUT6 (Prop_lut6_I2_O)        0.105     9.080 r  u_tlb_manager/u_tlb/refill_q_v_i_89__0/O
                         net (fo=102, unplaced)       0.447     9.527    u_tlb_manager/u_tlb/refill_q_v_i_89__0_n_0
                         LUT6 (Prop_lut6_I4_O)        0.105     9.632 r  u_tlb_manager/u_tlb/refill_q_plv[0]_i_23/O
                         net (fo=1, unplaced)         0.938    10.570    u_tlb_manager/u_tlb/refill_q_plv[0]_i_23_n_0
                         LUT6 (Prop_lut6_I0_O)        0.105    10.675 r  u_tlb_manager/u_tlb/refill_q_plv[0]_i_10/O
                         net (fo=1, unplaced)         0.000    10.675    u_tlb_manager/u_tlb/refill_q_plv[0]_i_10_n_0
                         MUXF7 (Prop_muxf7_I1_O)      0.206    10.881 r  u_tlb_manager/u_tlb/refill_q_plv_reg[0]_i_4/O
                         net (fo=1, unplaced)         0.349    11.230    u_tlb_manager/u_tlb/tlb_plv1[0]
                         LUT6 (Prop_lut6_I5_O)        0.242    11.472 r  u_tlb_manager/u_tlb/refill_q_plv[0]_i_1/O
                         net (fo=2, unplaced)         0.000    11.472    u_tlb_manager/u_l1_tlb_i/refill_q_plv_reg[1]_0[0]
                         FDRE                                         r  u_tlb_manager/u_l1_tlb_i/refill_q_plv_reg[0]/D
  -------------------------------------------------------------------    -------------------

                         (clock cpu_clk rise edge)   11.111    11.111 r  
                                                      0.000    11.111 r  aclk (IN)
                         net (fo=34009, unset)        0.748    11.859    u_tlb_manager/u_l1_tlb_i/aclk
                         FDRE                                         r  u_tlb_manager/u_l1_tlb_i/refill_q_plv_reg[0]/C
                         clock pessimism              0.000    11.859    
                         clock uncertainty           -0.035    11.823    
                         FDRE (Setup_fdre_C_D)        0.029    11.852    u_tlb_manager/u_l1_tlb_i/refill_q_plv_reg[0]
  -------------------------------------------------------------------
                         required time                         11.852    
                         arrival time                         -11.472    
  -------------------------------------------------------------------
                         slack                                  0.380    

Slack (MET) :             0.380ns  (required time - arrival time)
  Source:                 u_ftq/ifu_ptr_reg[0]/C
                            (rising edge-triggered cell FDRE clocked by cpu_clk  {rise@0.000ns fall@5.556ns period=11.111ns})
  Destination:            u_tlb_manager/u_l1_tlb_i/refill_q_plv_reg[1]/D
                            (rising edge-triggered cell FDRE clocked by cpu_clk  {rise@0.000ns fall@5.556ns period=11.111ns})
  Path Group:             cpu_clk
  Path Type:              Setup (Max at Slow Process Corner)
  Requirement:            11.111ns  (cpu_clk rise@11.111ns - cpu_clk rise@0.000ns)
  Data Path Delay:        10.685ns  (logic 3.030ns (28.358%)  route 7.655ns (71.643%))
  Logic Levels:           16  (CARRY4=2 LUT3=3 LUT6=10 MUXF7=1)
  Clock Path Skew:        -0.039ns (DCD - SCD + CPR)
    Destination Clock Delay (DCD):    0.748ns = ( 11.859 - 11.111 ) 
    Source Clock Delay      (SCD):    0.787ns
    Clock Pessimism Removal (CPR):    0.000ns
  Clock Uncertainty:      0.035ns  ((TSJ^2 + TIJ^2)^1/2 + DJ) / 2 + PE
    Total System Jitter     (TSJ):    0.071ns
    Total Input Jitter      (TIJ):    0.000ns
    Discrete Jitter          (DJ):    0.000ns
    Phase Error              (PE):    0.000ns

    Location             Delay type                Incr(ns)  Path(ns)    Netlist Resource(s)
  -------------------------------------------------------------------    -------------------
                         (clock cpu_clk rise edge)    0.000     0.000 r  
                                                      0.000     0.000 r  aclk (IN)
                         net (fo=34009, unset)        0.787     0.787    u_ftq/aclk
                         FDRE                                         r  u_ftq/ifu_ptr_reg[0]/C
  -------------------------------------------------------------------    -------------------
                         FDRE (Prop_fdre_C_Q)         0.379     1.166 r  u_ftq/ifu_ptr_reg[0]/Q
                         net (fo=76, unplaced)        0.872     2.038    u_ftq/Q[0]
                         LUT6 (Prop_lut6_I0_O)        0.232     2.270 f  u_ftq/pre_paddr[11]_i_5/O
                         net (fo=1, unplaced)         0.347     2.617    u_ftq/pre_paddr[11]_i_5_n_0
                         LUT6 (Prop_lut6_I5_O)        0.105     2.722 r  u_ftq/pre_paddr[11]_i_3/O
                         net (fo=3, unplaced)         0.346     3.068    u_ftq/pre_paddr[11]_i_3_n_0
                         LUT3 (Prop_lut3_I1_O)        0.105     3.173 r  u_ftq/pre_paddr[11]_i_2/O
                         net (fo=66, unplaced)        0.436     3.609    u_ftq/ftq_ifu_valid
                         LUT3 (Prop_lut3_I1_O)        0.105     3.714 r  u_ftq/refill_q_key[4]_i_1/O
                         net (fo=44, unplaced)        0.661     4.375    u_ftq/ifu_mmu_vaddr[4]
                         LUT6 (Prop_lut6_I0_O)        0.105     4.480 r  u_ftq/imain_found_q_i_492/O
                         net (fo=1, unplaced)         0.000     4.480    u_ftq/imain_found_q_i_492_n_0
                         CARRY4 (Prop_carry4_S[1]_CO[3])
                                                      0.457     4.937 r  u_ftq/imain_found_q_reg_i_246/CO[3]
                         net (fo=1, unplaced)         0.008     4.945    u_ftq/imain_found_q_reg_i_246_n_0
                         CARRY4 (Prop_carry4_CI_CO[2])
                                                      0.209     5.154 f  u_ftq/imain_found_q_reg_i_72/CO[2]
                         net (fo=1, unplaced)         0.349     5.503    u_tlb_manager/u_tlb/refill_q_ps[5]_i_47_1[0]
                         LUT6 (Prop_lut6_I2_O)        0.252     5.755 f  u_tlb_manager/u_tlb/imain_found_q_i_17/O
                         net (fo=6, unplaced)         0.970     6.725    u_tlb_manager/u_tlb/match0_27
                         LUT6 (Prop_lut6_I1_O)        0.105     6.830 f  u_tlb_manager/u_tlb/refill_q_v_i_50/O
                         net (fo=3, unplaced)         0.365     7.195    u_tlb_manager/u_tlb/refill_q_v_i_50_n_0
                         LUT3 (Prop_lut3_I1_O)        0.108     7.303 r  u_tlb_manager/u_tlb/refill_q_v_i_24/O
                         net (fo=14, unplaced)        0.989     8.292    u_tlb_manager/u_tlb/s0_group_hit1329_out
                         LUT6 (Prop_lut6_I1_O)        0.105     8.397 r  u_tlb_manager/u_tlb/refill_q_v_i_9/O
                         net (fo=13, unplaced)        0.578     8.975    u_tlb_manager/u_tlb/s0_index_r1
                         LUT6 (Prop_lut6_I2_O)        0.105     9.080 r  u_tlb_manager/u_tlb/refill_q_v_i_89__0/O
                         net (fo=102, unplaced)       0.447     9.527    u_tlb_manager/u_tlb/refill_q_v_i_89__0_n_0
                         LUT6 (Prop_lut6_I4_O)        0.105     9.632 r  u_tlb_manager/u_tlb/refill_q_plv[1]_i_23/O
                         net (fo=1, unplaced)         0.938    10.570    u_tlb_manager/u_tlb/refill_q_plv[1]_i_23_n_0
                         LUT6 (Prop_lut6_I0_O)        0.105    10.675 r  u_tlb_manager/u_tlb/refill_q_plv[1]_i_10/O
                         net (fo=1, unplaced)         0.000    10.675    u_tlb_manager/u_tlb/refill_q_plv[1]_i_10_n_0
                         MUXF7 (Prop_muxf7_I1_O)      0.206    10.881 r  u_tlb_manager/u_tlb/refill_q_plv_reg[1]_i_4/O
                         net (fo=1, unplaced)         0.349    11.230    u_tlb_manager/u_tlb/tlb_plv1[1]
                         LUT6 (Prop_lut6_I5_O)        0.242    11.472 r  u_tlb_manager/u_tlb/refill_q_plv[1]_i_1/O
                         net (fo=2, unplaced)         0.000    11.472    u_tlb_manager/u_l1_tlb_i/refill_q_plv_reg[1]_0[1]
                         FDRE                                         r  u_tlb_manager/u_l1_tlb_i/refill_q_plv_reg[1]/D
  -------------------------------------------------------------------    -------------------

                         (clock cpu_clk rise edge)   11.111    11.111 r  
                                                      0.000    11.111 r  aclk (IN)
                         net (fo=34009, unset)        0.748    11.859    u_tlb_manager/u_l1_tlb_i/aclk
                         FDRE                                         r  u_tlb_manager/u_l1_tlb_i/refill_q_plv_reg[1]/C
                         clock pessimism              0.000    11.859    
                         clock uncertainty           -0.035    11.823    
                         FDRE (Setup_fdre_C_D)        0.029    11.852    u_tlb_manager/u_l1_tlb_i/refill_q_plv_reg[1]
  -------------------------------------------------------------------
                         required time                         11.852    
                         arrival time                         -11.472    
  -------------------------------------------------------------------
                         slack                                  0.380    

Slack (MET) :             0.380ns  (required time - arrival time)
  Source:                 u_ftq/ifu_ptr_reg[0]/C
                            (rising edge-triggered cell FDRE clocked by cpu_clk  {rise@0.000ns fall@5.556ns period=11.111ns})
  Destination:            u_tlb_manager/u_l1_tlb_i/refill_q_ppn_reg[0]/D
                            (rising edge-triggered cell FDRE clocked by cpu_clk  {rise@0.000ns fall@5.556ns period=11.111ns})
  Path Group:             cpu_clk
  Path Type:              Setup (Max at Slow Process Corner)
  Requirement:            11.111ns  (cpu_clk rise@11.111ns - cpu_clk rise@0.000ns)
  Data Path Delay:        10.685ns  (logic 3.030ns (28.358%)  route 7.655ns (71.643%))
  Logic Levels:           16  (CARRY4=2 LUT3=3 LUT6=10 MUXF7=1)
  Clock Path Skew:        -0.039ns (DCD - SCD + CPR)
    Destination Clock Delay (DCD):    0.748ns = ( 11.859 - 11.111 ) 
    Source Clock Delay      (SCD):    0.787ns
    Clock Pessimism Removal (CPR):    0.000ns
  Clock Uncertainty:      0.035ns  ((TSJ^2 + TIJ^2)^1/2 + DJ) / 2 + PE
    Total System Jitter     (TSJ):    0.071ns
    Total Input Jitter      (TIJ):    0.000ns
    Discrete Jitter          (DJ):    0.000ns
    Phase Error              (PE):    0.000ns

    Location             Delay type                Incr(ns)  Path(ns)    Netlist Resource(s)
  -------------------------------------------------------------------    -------------------
                         (clock cpu_clk rise edge)    0.000     0.000 r  
                                                      0.000     0.000 r  aclk (IN)
                         net (fo=34009, unset)        0.787     0.787    u_ftq/aclk
                         FDRE                                         r  u_ftq/ifu_ptr_reg[0]/C
  -------------------------------------------------------------------    -------------------
                         FDRE (Prop_fdre_C_Q)         0.379     1.166 r  u_ftq/ifu_ptr_reg[0]/Q
                         net (fo=76, unplaced)        0.872     2.038    u_ftq/Q[0]
                         LUT6 (Prop_lut6_I0_O)        0.232     2.270 f  u_ftq/pre_paddr[11]_i_5/O
                         net (fo=1, unplaced)         0.347     2.617    u_ftq/pre_paddr[11]_i_5_n_0
                         LUT6 (Prop_lut6_I5_O)        0.105     2.722 r  u_ftq/pre_paddr[11]_i_3/O
                         net (fo=3, unplaced)         0.346     3.068    u_ftq/pre_paddr[11]_i_3_n_0
                         LUT3 (Prop_lut3_I1_O)        0.105     3.173 r  u_ftq/pre_paddr[11]_i_2/O
                         net (fo=66, unplaced)        0.436     3.609    u_ftq/ftq_ifu_valid
                         LUT3 (Prop_lut3_I1_O)        0.105     3.714 r  u_ftq/refill_q_key[4]_i_1/O
                         net (fo=44, unplaced)        0.661     4.375    u_ftq/ifu_mmu_vaddr[4]
                         LUT6 (Prop_lut6_I0_O)        0.105     4.480 r  u_ftq/imain_found_q_i_492/O
                         net (fo=1, unplaced)         0.000     4.480    u_ftq/imain_found_q_i_492_n_0
                         CARRY4 (Prop_carry4_S[1]_CO[3])
                                                      0.457     4.937 r  u_ftq/imain_found_q_reg_i_246/CO[3]
                         net (fo=1, unplaced)         0.008     4.945    u_ftq/imain_found_q_reg_i_246_n_0
                         CARRY4 (Prop_carry4_CI_CO[2])
                                                      0.209     5.154 f  u_ftq/imain_found_q_reg_i_72/CO[2]
                         net (fo=1, unplaced)         0.349     5.503    u_tlb_manager/u_tlb/refill_q_ps[5]_i_47_1[0]
                         LUT6 (Prop_lut6_I2_O)        0.252     5.755 f  u_tlb_manager/u_tlb/imain_found_q_i_17/O
                         net (fo=6, unplaced)         0.970     6.725    u_tlb_manager/u_tlb/match0_27
                         LUT6 (Prop_lut6_I1_O)        0.105     6.830 f  u_tlb_manager/u_tlb/refill_q_v_i_50/O
                         net (fo=3, unplaced)         0.365     7.195    u_tlb_manager/u_tlb/refill_q_v_i_50_n_0
                         LUT3 (Prop_lut3_I1_O)        0.108     7.303 r  u_tlb_manager/u_tlb/refill_q_v_i_24/O
                         net (fo=14, unplaced)        0.989     8.292    u_tlb_manager/u_tlb/s0_group_hit1329_out
                         LUT6 (Prop_lut6_I1_O)        0.105     8.397 r  u_tlb_manager/u_tlb/refill_q_v_i_9/O
                         net (fo=13, unplaced)        0.578     8.975    u_tlb_manager/u_tlb/s0_index_r1
                         LUT6 (Prop_lut6_I2_O)        0.105     9.080 r  u_tlb_manager/u_tlb/refill_q_v_i_89__0/O
                         net (fo=102, unplaced)       0.447     9.527    u_tlb_manager/u_tlb/refill_q_v_i_89__0_n_0
                         LUT6 (Prop_lut6_I4_O)        0.105     9.632 r  u_tlb_manager/u_tlb/refill_q_ppn[0]_i_23/O
                         net (fo=1, unplaced)         0.938    10.570    u_tlb_manager/u_tlb/refill_q_ppn[0]_i_23_n_0
                         LUT6 (Prop_lut6_I0_O)        0.105    10.675 r  u_tlb_manager/u_tlb/refill_q_ppn[0]_i_10/O
                         net (fo=1, unplaced)         0.000    10.675    u_tlb_manager/u_tlb/refill_q_ppn[0]_i_10_n_0
                         MUXF7 (Prop_muxf7_I1_O)      0.206    10.881 r  u_tlb_manager/u_tlb/refill_q_ppn_reg[0]_i_4/O
                         net (fo=1, unplaced)         0.349    11.230    u_tlb_manager/u_tlb/tlb_ppn1[0]
                         LUT6 (Prop_lut6_I5_O)        0.242    11.472 r  u_tlb_manager/u_tlb/refill_q_ppn[0]_i_1/O
                         net (fo=2, unplaced)         0.000    11.472    u_tlb_manager/u_l1_tlb_i/refill_q_ppn_reg[19]_0[0]
                         FDRE                                         r  u_tlb_manager/u_l1_tlb_i/refill_q_ppn_reg[0]/D
  -------------------------------------------------------------------    -------------------

                         (clock cpu_clk rise edge)   11.111    11.111 r  
                                                      0.000    11.111 r  aclk (IN)
                         net (fo=34009, unset)        0.748    11.859    u_tlb_manager/u_l1_tlb_i/aclk
                         FDRE                                         r  u_tlb_manager/u_l1_tlb_i/refill_q_ppn_reg[0]/C
                         clock pessimism              0.000    11.859    
                         clock uncertainty           -0.035    11.823    
                         FDRE (Setup_fdre_C_D)        0.029    11.852    u_tlb_manager/u_l1_tlb_i/refill_q_ppn_reg[0]
  -------------------------------------------------------------------
                         required time                         11.852    
                         arrival time                         -11.472    
  -------------------------------------------------------------------
                         slack                                  0.380    

Slack (MET) :             0.380ns  (required time - arrival time)
  Source:                 u_ftq/ifu_ptr_reg[0]/C
                            (rising edge-triggered cell FDRE clocked by cpu_clk  {rise@0.000ns fall@5.556ns period=11.111ns})
  Destination:            u_tlb_manager/u_l1_tlb_i/refill_q_ppn_reg[10]/D
                            (rising edge-triggered cell FDRE clocked by cpu_clk  {rise@0.000ns fall@5.556ns period=11.111ns})
  Path Group:             cpu_clk
  Path Type:              Setup (Max at Slow Process Corner)
  Requirement:            11.111ns  (cpu_clk rise@11.111ns - cpu_clk rise@0.000ns)
  Data Path Delay:        10.685ns  (logic 3.030ns (28.358%)  route 7.655ns (71.643%))
  Logic Levels:           16  (CARRY4=2 LUT3=3 LUT6=10 MUXF7=1)
  Clock Path Skew:        -0.039ns (DCD - SCD + CPR)
    Destination Clock Delay (DCD):    0.748ns = ( 11.859 - 11.111 ) 
    Source Clock Delay      (SCD):    0.787ns
    Clock Pessimism Removal (CPR):    0.000ns
  Clock Uncertainty:      0.035ns  ((TSJ^2 + TIJ^2)^1/2 + DJ) / 2 + PE
    Total System Jitter     (TSJ):    0.071ns
    Total Input Jitter      (TIJ):    0.000ns
    Discrete Jitter          (DJ):    0.000ns
    Phase Error              (PE):    0.000ns

    Location             Delay type                Incr(ns)  Path(ns)    Netlist Resource(s)
  -------------------------------------------------------------------    -------------------
                         (clock cpu_clk rise edge)    0.000     0.000 r  
                                                      0.000     0.000 r  aclk (IN)
                         net (fo=34009, unset)        0.787     0.787    u_ftq/aclk
                         FDRE                                         r  u_ftq/ifu_ptr_reg[0]/C
  -------------------------------------------------------------------    -------------------
                         FDRE (Prop_fdre_C_Q)         0.379     1.166 r  u_ftq/ifu_ptr_reg[0]/Q
                         net (fo=76, unplaced)        0.872     2.038    u_ftq/Q[0]
                         LUT6 (Prop_lut6_I0_O)        0.232     2.270 f  u_ftq/pre_paddr[11]_i_5/O
                         net (fo=1, unplaced)         0.347     2.617    u_ftq/pre_paddr[11]_i_5_n_0
                         LUT6 (Prop_lut6_I5_O)        0.105     2.722 r  u_ftq/pre_paddr[11]_i_3/O
                         net (fo=3, unplaced)         0.346     3.068    u_ftq/pre_paddr[11]_i_3_n_0
                         LUT3 (Prop_lut3_I1_O)        0.105     3.173 r  u_ftq/pre_paddr[11]_i_2/O
                         net (fo=66, unplaced)        0.436     3.609    u_ftq/ftq_ifu_valid
                         LUT3 (Prop_lut3_I1_O)        0.105     3.714 r  u_ftq/refill_q_key[4]_i_1/O
                         net (fo=44, unplaced)        0.661     4.375    u_ftq/ifu_mmu_vaddr[4]
                         LUT6 (Prop_lut6_I0_O)        0.105     4.480 r  u_ftq/imain_found_q_i_492/O
                         net (fo=1, unplaced)         0.000     4.480    u_ftq/imain_found_q_i_492_n_0
                         CARRY4 (Prop_carry4_S[1]_CO[3])
                                                      0.457     4.937 r  u_ftq/imain_found_q_reg_i_246/CO[3]
                         net (fo=1, unplaced)         0.008     4.945    u_ftq/imain_found_q_reg_i_246_n_0
                         CARRY4 (Prop_carry4_CI_CO[2])
                                                      0.209     5.154 f  u_ftq/imain_found_q_reg_i_72/CO[2]
                         net (fo=1, unplaced)         0.349     5.503    u_tlb_manager/u_tlb/refill_q_ps[5]_i_47_1[0]
                         LUT6 (Prop_lut6_I2_O)        0.252     5.755 f  u_tlb_manager/u_tlb/imain_found_q_i_17/O
                         net (fo=6, unplaced)         0.970     6.725    u_tlb_manager/u_tlb/match0_27
                         LUT6 (Prop_lut6_I1_O)        0.105     6.830 f  u_tlb_manager/u_tlb/refill_q_v_i_50/O
                         net (fo=3, unplaced)         0.365     7.195    u_tlb_manager/u_tlb/refill_q_v_i_50_n_0
                         LUT3 (Prop_lut3_I1_O)        0.108     7.303 r  u_tlb_manager/u_tlb/refill_q_v_i_24/O
                         net (fo=14, unplaced)        0.989     8.292    u_tlb_manager/u_tlb/s0_group_hit1329_out
                         LUT6 (Prop_lut6_I1_O)        0.105     8.397 r  u_tlb_manager/u_tlb/refill_q_v_i_9/O
                         net (fo=13, unplaced)        0.578     8.975    u_tlb_manager/u_tlb/s0_index_r1
                         LUT6 (Prop_lut6_I2_O)        0.105     9.080 r  u_tlb_manager/u_tlb/refill_q_v_i_74__0/O
                         net (fo=102, unplaced)       0.447     9.527    u_tlb_manager/u_tlb/refill_q_ps[5]_i_28_0
                         LUT6 (Prop_lut6_I4_O)        0.105     9.632 r  u_tlb_manager/u_tlb/refill_q_ppn[10]_i_23/O
                         net (fo=1, unplaced)         0.938    10.570    u_tlb_manager/u_tlb/refill_q_ppn[10]_i_23_n_0
                         LUT6 (Prop_lut6_I0_O)        0.105    10.675 r  u_tlb_manager/u_tlb/refill_q_ppn[10]_i_10/O
                         net (fo=1, unplaced)         0.000    10.675    u_tlb_manager/u_tlb/refill_q_ppn[10]_i_10_n_0
                         MUXF7 (Prop_muxf7_I1_O)      0.206    10.881 r  u_tlb_manager/u_tlb/refill_q_ppn_reg[10]_i_4/O
                         net (fo=1, unplaced)         0.349    11.230    u_tlb_manager/u_tlb/tlb_ppn1[10]
                         LUT6 (Prop_lut6_I5_O)        0.242    11.472 r  u_tlb_manager/u_tlb/refill_q_ppn[10]_i_1/O
                         net (fo=2, unplaced)         0.000    11.472    u_tlb_manager/u_l1_tlb_i/refill_q_ppn_reg[19]_0[10]
                         FDRE                                         r  u_tlb_manager/u_l1_tlb_i/refill_q_ppn_reg[10]/D
  -------------------------------------------------------------------    -------------------

                         (clock cpu_clk rise edge)   11.111    11.111 r  
                                                      0.000    11.111 r  aclk (IN)
                         net (fo=34009, unset)        0.748    11.859    u_tlb_manager/u_l1_tlb_i/aclk
                         FDRE                                         r  u_tlb_manager/u_l1_tlb_i/refill_q_ppn_reg[10]/C
                         clock pessimism              0.000    11.859    
                         clock uncertainty           -0.035    11.823    
                         FDRE (Setup_fdre_C_D)        0.029    11.852    u_tlb_manager/u_l1_tlb_i/refill_q_ppn_reg[10]
  -------------------------------------------------------------------
                         required time                         11.852    
                         arrival time                         -11.472    
  -------------------------------------------------------------------
                         slack                                  0.380    

Slack (MET) :             0.380ns  (required time - arrival time)
  Source:                 u_ftq/ifu_ptr_reg[0]/C
                            (rising edge-triggered cell FDRE clocked by cpu_clk  {rise@0.000ns fall@5.556ns period=11.111ns})
  Destination:            u_tlb_manager/u_l1_tlb_i/refill_q_ppn_reg[11]/D
                            (rising edge-triggered cell FDRE clocked by cpu_clk  {rise@0.000ns fall@5.556ns period=11.111ns})
  Path Group:             cpu_clk
  Path Type:              Setup (Max at Slow Process Corner)
  Requirement:            11.111ns  (cpu_clk rise@11.111ns - cpu_clk rise@0.000ns)
  Data Path Delay:        10.685ns  (logic 3.030ns (28.358%)  route 7.655ns (71.643%))
  Logic Levels:           16  (CARRY4=2 LUT3=3 LUT6=10 MUXF7=1)
  Clock Path Skew:        -0.039ns (DCD - SCD + CPR)
    Destination Clock Delay (DCD):    0.748ns = ( 11.859 - 11.111 ) 
    Source Clock Delay      (SCD):    0.787ns
    Clock Pessimism Removal (CPR):    0.000ns
  Clock Uncertainty:      0.035ns  ((TSJ^2 + TIJ^2)^1/2 + DJ) / 2 + PE
    Total System Jitter     (TSJ):    0.071ns
    Total Input Jitter      (TIJ):    0.000ns
    Discrete Jitter          (DJ):    0.000ns
    Phase Error              (PE):    0.000ns

    Location             Delay type                Incr(ns)  Path(ns)    Netlist Resource(s)
  -------------------------------------------------------------------    -------------------
                         (clock cpu_clk rise edge)    0.000     0.000 r  
                                                      0.000     0.000 r  aclk (IN)
                         net (fo=34009, unset)        0.787     0.787    u_ftq/aclk
                         FDRE                                         r  u_ftq/ifu_ptr_reg[0]/C
  -------------------------------------------------------------------    -------------------
                         FDRE (Prop_fdre_C_Q)         0.379     1.166 r  u_ftq/ifu_ptr_reg[0]/Q
                         net (fo=76, unplaced)        0.872     2.038    u_ftq/Q[0]
                         LUT6 (Prop_lut6_I0_O)        0.232     2.270 f  u_ftq/pre_paddr[11]_i_5/O
                         net (fo=1, unplaced)         0.347     2.617    u_ftq/pre_paddr[11]_i_5_n_0
                         LUT6 (Prop_lut6_I5_O)        0.105     2.722 r  u_ftq/pre_paddr[11]_i_3/O
                         net (fo=3, unplaced)         0.346     3.068    u_ftq/pre_paddr[11]_i_3_n_0
                         LUT3 (Prop_lut3_I1_O)        0.105     3.173 r  u_ftq/pre_paddr[11]_i_2/O
                         net (fo=66, unplaced)        0.436     3.609    u_ftq/ftq_ifu_valid
                         LUT3 (Prop_lut3_I1_O)        0.105     3.714 r  u_ftq/refill_q_key[4]_i_1/O
                         net (fo=44, unplaced)        0.661     4.375    u_ftq/ifu_mmu_vaddr[4]
                         LUT6 (Prop_lut6_I0_O)        0.105     4.480 r  u_ftq/imain_found_q_i_492/O
                         net (fo=1, unplaced)         0.000     4.480    u_ftq/imain_found_q_i_492_n_0
                         CARRY4 (Prop_carry4_S[1]_CO[3])
                                                      0.457     4.937 r  u_ftq/imain_found_q_reg_i_246/CO[3]
                         net (fo=1, unplaced)         0.008     4.945    u_ftq/imain_found_q_reg_i_246_n_0
                         CARRY4 (Prop_carry4_CI_CO[2])
                                                      0.209     5.154 f  u_ftq/imain_found_q_reg_i_72/CO[2]
                         net (fo=1, unplaced)         0.349     5.503    u_tlb_manager/u_tlb/refill_q_ps[5]_i_47_1[0]
                         LUT6 (Prop_lut6_I2_O)        0.252     5.755 f  u_tlb_manager/u_tlb/imain_found_q_i_17/O
                         net (fo=6, unplaced)         0.970     6.725    u_tlb_manager/u_tlb/match0_27
                         LUT6 (Prop_lut6_I1_O)        0.105     6.830 f  u_tlb_manager/u_tlb/refill_q_v_i_50/O
                         net (fo=3, unplaced)         0.365     7.195    u_tlb_manager/u_tlb/refill_q_v_i_50_n_0
                         LUT3 (Prop_lut3_I1_O)        0.108     7.303 r  u_tlb_manager/u_tlb/refill_q_v_i_24/O
                         net (fo=14, unplaced)        0.989     8.292    u_tlb_manager/u_tlb/s0_group_hit1329_out
                         LUT6 (Prop_lut6_I1_O)        0.105     8.397 r  u_tlb_manager/u_tlb/refill_q_v_i_9/O
                         net (fo=13, unplaced)        0.578     8.975    u_tlb_manager/u_tlb/s0_index_r1
                         LUT6 (Prop_lut6_I2_O)        0.105     9.080 r  u_tlb_manager/u_tlb/refill_q_v_i_74__0/O
                         net (fo=102, unplaced)       0.447     9.527    u_tlb_manager/u_tlb/refill_q_ps[5]_i_28_0
                         LUT6 (Prop_lut6_I4_O)        0.105     9.632 r  u_tlb_manager/u_tlb/refill_q_ppn[11]_i_23/O
                         net (fo=1, unplaced)         0.938    10.570    u_tlb_manager/u_tlb/refill_q_ppn[11]_i_23_n_0
                         LUT6 (Prop_lut6_I0_O)        0.105    10.675 r  u_tlb_manager/u_tlb/refill_q_ppn[11]_i_10/O
                         net (fo=1, unplaced)         0.000    10.675    u_tlb_manager/u_tlb/refill_q_ppn[11]_i_10_n_0
                         MUXF7 (Prop_muxf7_I1_O)      0.206    10.881 r  u_tlb_manager/u_tlb/refill_q_ppn_reg[11]_i_4/O
                         net (fo=1, unplaced)         0.349    11.230    u_tlb_manager/u_tlb/tlb_ppn1[11]
                         LUT6 (Prop_lut6_I5_O)        0.242    11.472 r  u_tlb_manager/u_tlb/refill_q_ppn[11]_i_1/O
                         net (fo=2, unplaced)         0.000    11.472    u_tlb_manager/u_l1_tlb_i/refill_q_ppn_reg[19]_0[11]
                         FDRE                                         r  u_tlb_manager/u_l1_tlb_i/refill_q_ppn_reg[11]/D
  -------------------------------------------------------------------    -------------------

                         (clock cpu_clk rise edge)   11.111    11.111 r  
                                                      0.000    11.111 r  aclk (IN)
                         net (fo=34009, unset)        0.748    11.859    u_tlb_manager/u_l1_tlb_i/aclk
                         FDRE                                         r  u_tlb_manager/u_l1_tlb_i/refill_q_ppn_reg[11]/C
                         clock pessimism              0.000    11.859    
                         clock uncertainty           -0.035    11.823    
                         FDRE (Setup_fdre_C_D)        0.029    11.852    u_tlb_manager/u_l1_tlb_i/refill_q_ppn_reg[11]
  -------------------------------------------------------------------
                         required time                         11.852    
                         arrival time                         -11.472    
  -------------------------------------------------------------------
                         slack                                  0.380    

Slack (MET) :             0.380ns  (required time - arrival time)
  Source:                 u_ftq/ifu_ptr_reg[0]/C
                            (rising edge-triggered cell FDRE clocked by cpu_clk  {rise@0.000ns fall@5.556ns period=11.111ns})
  Destination:            u_tlb_manager/u_l1_tlb_i/refill_q_ppn_reg[12]/D
                            (rising edge-triggered cell FDRE clocked by cpu_clk  {rise@0.000ns fall@5.556ns period=11.111ns})
  Path Group:             cpu_clk
  Path Type:              Setup (Max at Slow Process Corner)
  Requirement:            11.111ns  (cpu_clk rise@11.111ns - cpu_clk rise@0.000ns)
  Data Path Delay:        10.685ns  (logic 3.030ns (28.358%)  route 7.655ns (71.643%))
  Logic Levels:           16  (CARRY4=2 LUT3=3 LUT6=10 MUXF7=1)
  Clock Path Skew:        -0.039ns (DCD - SCD + CPR)
    Destination Clock Delay (DCD):    0.748ns = ( 11.859 - 11.111 ) 
    Source Clock Delay      (SCD):    0.787ns
    Clock Pessimism Removal (CPR):    0.000ns
  Clock Uncertainty:      0.035ns  ((TSJ^2 + TIJ^2)^1/2 + DJ) / 2 + PE
    Total System Jitter     (TSJ):    0.071ns
    Total Input Jitter      (TIJ):    0.000ns
    Discrete Jitter          (DJ):    0.000ns
    Phase Error              (PE):    0.000ns

    Location             Delay type                Incr(ns)  Path(ns)    Netlist Resource(s)
  -------------------------------------------------------------------    -------------------
                         (clock cpu_clk rise edge)    0.000     0.000 r  
                                                      0.000     0.000 r  aclk (IN)
                         net (fo=34009, unset)        0.787     0.787    u_ftq/aclk
                         FDRE                                         r  u_ftq/ifu_ptr_reg[0]/C
  -------------------------------------------------------------------    -------------------
                         FDRE (Prop_fdre_C_Q)         0.379     1.166 r  u_ftq/ifu_ptr_reg[0]/Q
                         net (fo=76, unplaced)        0.872     2.038    u_ftq/Q[0]
                         LUT6 (Prop_lut6_I0_O)        0.232     2.270 f  u_ftq/pre_paddr[11]_i_5/O
                         net (fo=1, unplaced)         0.347     2.617    u_ftq/pre_paddr[11]_i_5_n_0
                         LUT6 (Prop_lut6_I5_O)        0.105     2.722 r  u_ftq/pre_paddr[11]_i_3/O
                         net (fo=3, unplaced)         0.346     3.068    u_ftq/pre_paddr[11]_i_3_n_0
                         LUT3 (Prop_lut3_I1_O)        0.105     3.173 r  u_ftq/pre_paddr[11]_i_2/O
                         net (fo=66, unplaced)        0.436     3.609    u_ftq/ftq_ifu_valid
                         LUT3 (Prop_lut3_I1_O)        0.105     3.714 r  u_ftq/refill_q_key[4]_i_1/O
                         net (fo=44, unplaced)        0.661     4.375    u_ftq/ifu_mmu_vaddr[4]
                         LUT6 (Prop_lut6_I0_O)        0.105     4.480 r  u_ftq/imain_found_q_i_492/O
                         net (fo=1, unplaced)         0.000     4.480    u_ftq/imain_found_q_i_492_n_0
                         CARRY4 (Prop_carry4_S[1]_CO[3])
                                                      0.457     4.937 r  u_ftq/imain_found_q_reg_i_246/CO[3]
                         net (fo=1, unplaced)         0.008     4.945    u_ftq/imain_found_q_reg_i_246_n_0
                         CARRY4 (Prop_carry4_CI_CO[2])
                                                      0.209     5.154 f  u_ftq/imain_found_q_reg_i_72/CO[2]
                         net (fo=1, unplaced)         0.349     5.503    u_tlb_manager/u_tlb/refill_q_ps[5]_i_47_1[0]
                         LUT6 (Prop_lut6_I2_O)        0.252     5.755 f  u_tlb_manager/u_tlb/imain_found_q_i_17/O
                         net (fo=6, unplaced)         0.970     6.725    u_tlb_manager/u_tlb/match0_27
                         LUT6 (Prop_lut6_I1_O)        0.105     6.830 f  u_tlb_manager/u_tlb/refill_q_v_i_50/O
                         net (fo=3, unplaced)         0.365     7.195    u_tlb_manager/u_tlb/refill_q_v_i_50_n_0
                         LUT3 (Prop_lut3_I1_O)        0.108     7.303 r  u_tlb_manager/u_tlb/refill_q_v_i_24/O
                         net (fo=14, unplaced)        0.989     8.292    u_tlb_manager/u_tlb/s0_group_hit1329_out
                         LUT6 (Prop_lut6_I1_O)        0.105     8.397 r  u_tlb_manager/u_tlb/refill_q_v_i_9/O
                         net (fo=13, unplaced)        0.578     8.975    u_tlb_manager/u_tlb/s0_index_r1
                         LUT6 (Prop_lut6_I2_O)        0.105     9.080 r  u_tlb_manager/u_tlb/refill_q_v_i_74__0/O
                         net (fo=102, unplaced)       0.447     9.527    u_tlb_manager/u_tlb/refill_q_ps[5]_i_28_0
                         LUT6 (Prop_lut6_I4_O)        0.105     9.632 r  u_tlb_manager/u_tlb/refill_q_ppn[12]_i_23/O
                         net (fo=1, unplaced)         0.938    10.570    u_tlb_manager/u_tlb/refill_q_ppn[12]_i_23_n_0
                         LUT6 (Prop_lut6_I0_O)        0.105    10.675 r  u_tlb_manager/u_tlb/refill_q_ppn[12]_i_10/O
                         net (fo=1, unplaced)         0.000    10.675    u_tlb_manager/u_tlb/refill_q_ppn[12]_i_10_n_0
                         MUXF7 (Prop_muxf7_I1_O)      0.206    10.881 r  u_tlb_manager/u_tlb/refill_q_ppn_reg[12]_i_4/O
                         net (fo=1, unplaced)         0.349    11.230    u_tlb_manager/u_tlb/tlb_ppn1[12]
                         LUT6 (Prop_lut6_I5_O)        0.242    11.472 r  u_tlb_manager/u_tlb/refill_q_ppn[12]_i_1/O
                         net (fo=2, unplaced)         0.000    11.472    u_tlb_manager/u_l1_tlb_i/refill_q_ppn_reg[19]_0[12]
                         FDRE                                         r  u_tlb_manager/u_l1_tlb_i/refill_q_ppn_reg[12]/D
  -------------------------------------------------------------------    -------------------

                         (clock cpu_clk rise edge)   11.111    11.111 r  
                                                      0.000    11.111 r  aclk (IN)
                         net (fo=34009, unset)        0.748    11.859    u_tlb_manager/u_l1_tlb_i/aclk
                         FDRE                                         r  u_tlb_manager/u_l1_tlb_i/refill_q_ppn_reg[12]/C
                         clock pessimism              0.000    11.859    
                         clock uncertainty           -0.035    11.823    
                         FDRE (Setup_fdre_C_D)        0.029    11.852    u_tlb_manager/u_l1_tlb_i/refill_q_ppn_reg[12]
  -------------------------------------------------------------------
                         required time                         11.852    
                         arrival time                         -11.472    
  -------------------------------------------------------------------
                         slack                                  0.380    

Slack (MET) :             0.380ns  (required time - arrival time)
  Source:                 u_ftq/ifu_ptr_reg[0]/C
                            (rising edge-triggered cell FDRE clocked by cpu_clk  {rise@0.000ns fall@5.556ns period=11.111ns})
  Destination:            u_tlb_manager/u_l1_tlb_i/refill_q_ppn_reg[13]/D
                            (rising edge-triggered cell FDRE clocked by cpu_clk  {rise@0.000ns fall@5.556ns period=11.111ns})
  Path Group:             cpu_clk
  Path Type:              Setup (Max at Slow Process Corner)
  Requirement:            11.111ns  (cpu_clk rise@11.111ns - cpu_clk rise@0.000ns)
  Data Path Delay:        10.685ns  (logic 3.030ns (28.358%)  route 7.655ns (71.643%))
  Logic Levels:           16  (CARRY4=2 LUT3=3 LUT6=10 MUXF7=1)
  Clock Path Skew:        -0.039ns (DCD - SCD + CPR)
    Destination Clock Delay (DCD):    0.748ns = ( 11.859 - 11.111 ) 
    Source Clock Delay      (SCD):    0.787ns
    Clock Pessimism Removal (CPR):    0.000ns
  Clock Uncertainty:      0.035ns  ((TSJ^2 + TIJ^2)^1/2 + DJ) / 2 + PE
    Total System Jitter     (TSJ):    0.071ns
    Total Input Jitter      (TIJ):    0.000ns
    Discrete Jitter          (DJ):    0.000ns
    Phase Error              (PE):    0.000ns

    Location             Delay type                Incr(ns)  Path(ns)    Netlist Resource(s)
  -------------------------------------------------------------------    -------------------
                         (clock cpu_clk rise edge)    0.000     0.000 r  
                                                      0.000     0.000 r  aclk (IN)
                         net (fo=34009, unset)        0.787     0.787    u_ftq/aclk
                         FDRE                                         r  u_ftq/ifu_ptr_reg[0]/C
  -------------------------------------------------------------------    -------------------
                         FDRE (Prop_fdre_C_Q)         0.379     1.166 r  u_ftq/ifu_ptr_reg[0]/Q
                         net (fo=76, unplaced)        0.872     2.038    u_ftq/Q[0]
                         LUT6 (Prop_lut6_I0_O)        0.232     2.270 f  u_ftq/pre_paddr[11]_i_5/O
                         net (fo=1, unplaced)         0.347     2.617    u_ftq/pre_paddr[11]_i_5_n_0
                         LUT6 (Prop_lut6_I5_O)        0.105     2.722 r  u_ftq/pre_paddr[11]_i_3/O
                         net (fo=3, unplaced)         0.346     3.068    u_ftq/pre_paddr[11]_i_3_n_0
                         LUT3 (Prop_lut3_I1_O)        0.105     3.173 r  u_ftq/pre_paddr[11]_i_2/O
                         net (fo=66, unplaced)        0.436     3.609    u_ftq/ftq_ifu_valid
                         LUT3 (Prop_lut3_I1_O)        0.105     3.714 r  u_ftq/refill_q_key[4]_i_1/O
                         net (fo=44, unplaced)        0.661     4.375    u_ftq/ifu_mmu_vaddr[4]
                         LUT6 (Prop_lut6_I0_O)        0.105     4.480 r  u_ftq/imain_found_q_i_492/O
                         net (fo=1, unplaced)         0.000     4.480    u_ftq/imain_found_q_i_492_n_0
                         CARRY4 (Prop_carry4_S[1]_CO[3])
                                                      0.457     4.937 r  u_ftq/imain_found_q_reg_i_246/CO[3]
                         net (fo=1, unplaced)         0.008     4.945    u_ftq/imain_found_q_reg_i_246_n_0
                         CARRY4 (Prop_carry4_CI_CO[2])
                                                      0.209     5.154 f  u_ftq/imain_found_q_reg_i_72/CO[2]
                         net (fo=1, unplaced)         0.349     5.503    u_tlb_manager/u_tlb/refill_q_ps[5]_i_47_1[0]
                         LUT6 (Prop_lut6_I2_O)        0.252     5.755 f  u_tlb_manager/u_tlb/imain_found_q_i_17/O
                         net (fo=6, unplaced)         0.970     6.725    u_tlb_manager/u_tlb/match0_27
                         LUT6 (Prop_lut6_I1_O)        0.105     6.830 f  u_tlb_manager/u_tlb/refill_q_v_i_50/O
                         net (fo=3, unplaced)         0.365     7.195    u_tlb_manager/u_tlb/refill_q_v_i_50_n_0
                         LUT3 (Prop_lut3_I1_O)        0.108     7.303 r  u_tlb_manager/u_tlb/refill_q_v_i_24/O
                         net (fo=14, unplaced)        0.989     8.292    u_tlb_manager/u_tlb/s0_group_hit1329_out
                         LUT6 (Prop_lut6_I1_O)        0.105     8.397 r  u_tlb_manager/u_tlb/refill_q_v_i_9/O
                         net (fo=13, unplaced)        0.578     8.975    u_tlb_manager/u_tlb/s0_index_r1
                         LUT6 (Prop_lut6_I2_O)        0.105     9.080 r  u_tlb_manager/u_tlb/refill_q_v_i_74__0/O
                         net (fo=102, unplaced)       0.447     9.527    u_tlb_manager/u_tlb/refill_q_ps[5]_i_28_0
                         LUT6 (Prop_lut6_I4_O)        0.105     9.632 r  u_tlb_manager/u_tlb/refill_q_ppn[13]_i_23/O
                         net (fo=1, unplaced)         0.938    10.570    u_tlb_manager/u_tlb/refill_q_ppn[13]_i_23_n_0
                         LUT6 (Prop_lut6_I0_O)        0.105    10.675 r  u_tlb_manager/u_tlb/refill_q_ppn[13]_i_10/O
                         net (fo=1, unplaced)         0.000    10.675    u_tlb_manager/u_tlb/refill_q_ppn[13]_i_10_n_0
                         MUXF7 (Prop_muxf7_I1_O)      0.206    10.881 r  u_tlb_manager/u_tlb/refill_q_ppn_reg[13]_i_4/O
                         net (fo=1, unplaced)         0.349    11.230    u_tlb_manager/u_tlb/tlb_ppn1[13]
                         LUT6 (Prop_lut6_I5_O)        0.242    11.472 r  u_tlb_manager/u_tlb/refill_q_ppn[13]_i_1/O
                         net (fo=2, unplaced)         0.000    11.472    u_tlb_manager/u_l1_tlb_i/refill_q_ppn_reg[19]_0[13]
                         FDRE                                         r  u_tlb_manager/u_l1_tlb_i/refill_q_ppn_reg[13]/D
  -------------------------------------------------------------------    -------------------

                         (clock cpu_clk rise edge)   11.111    11.111 r  
                                                      0.000    11.111 r  aclk (IN)
                         net (fo=34009, unset)        0.748    11.859    u_tlb_manager/u_l1_tlb_i/aclk
                         FDRE                                         r  u_tlb_manager/u_l1_tlb_i/refill_q_ppn_reg[13]/C
                         clock pessimism              0.000    11.859    
                         clock uncertainty           -0.035    11.823    
                         FDRE (Setup_fdre_C_D)        0.029    11.852    u_tlb_manager/u_l1_tlb_i/refill_q_ppn_reg[13]
  -------------------------------------------------------------------
                         required time                         11.852    
                         arrival time                         -11.472    
  -------------------------------------------------------------------
                         slack                                  0.380    

Slack (MET) :             0.380ns  (required time - arrival time)
  Source:                 u_ftq/ifu_ptr_reg[0]/C
                            (rising edge-triggered cell FDRE clocked by cpu_clk  {rise@0.000ns fall@5.556ns period=11.111ns})
  Destination:            u_tlb_manager/u_l1_tlb_i/refill_q_ppn_reg[14]/D
                            (rising edge-triggered cell FDRE clocked by cpu_clk  {rise@0.000ns fall@5.556ns period=11.111ns})
  Path Group:             cpu_clk
  Path Type:              Setup (Max at Slow Process Corner)
  Requirement:            11.111ns  (cpu_clk rise@11.111ns - cpu_clk rise@0.000ns)
  Data Path Delay:        10.685ns  (logic 3.030ns (28.358%)  route 7.655ns (71.643%))
  Logic Levels:           16  (CARRY4=2 LUT3=3 LUT6=10 MUXF7=1)
  Clock Path Skew:        -0.039ns (DCD - SCD + CPR)
    Destination Clock Delay (DCD):    0.748ns = ( 11.859 - 11.111 ) 
    Source Clock Delay      (SCD):    0.787ns
    Clock Pessimism Removal (CPR):    0.000ns
  Clock Uncertainty:      0.035ns  ((TSJ^2 + TIJ^2)^1/2 + DJ) / 2 + PE
    Total System Jitter     (TSJ):    0.071ns
    Total Input Jitter      (TIJ):    0.000ns
    Discrete Jitter          (DJ):    0.000ns
    Phase Error              (PE):    0.000ns

    Location             Delay type                Incr(ns)  Path(ns)    Netlist Resource(s)
  -------------------------------------------------------------------    -------------------
                         (clock cpu_clk rise edge)    0.000     0.000 r  
                                                      0.000     0.000 r  aclk (IN)
                         net (fo=34009, unset)        0.787     0.787    u_ftq/aclk
                         FDRE                                         r  u_ftq/ifu_ptr_reg[0]/C
  -------------------------------------------------------------------    -------------------
                         FDRE (Prop_fdre_C_Q)         0.379     1.166 r  u_ftq/ifu_ptr_reg[0]/Q
                         net (fo=76, unplaced)        0.872     2.038    u_ftq/Q[0]
                         LUT6 (Prop_lut6_I0_O)        0.232     2.270 f  u_ftq/pre_paddr[11]_i_5/O
                         net (fo=1, unplaced)         0.347     2.617    u_ftq/pre_paddr[11]_i_5_n_0
                         LUT6 (Prop_lut6_I5_O)        0.105     2.722 r  u_ftq/pre_paddr[11]_i_3/O
                         net (fo=3, unplaced)         0.346     3.068    u_ftq/pre_paddr[11]_i_3_n_0
                         LUT3 (Prop_lut3_I1_O)        0.105     3.173 r  u_ftq/pre_paddr[11]_i_2/O
                         net (fo=66, unplaced)        0.436     3.609    u_ftq/ftq_ifu_valid
                         LUT3 (Prop_lut3_I1_O)        0.105     3.714 r  u_ftq/refill_q_key[4]_i_1/O
                         net (fo=44, unplaced)        0.661     4.375    u_ftq/ifu_mmu_vaddr[4]
                         LUT6 (Prop_lut6_I0_O)        0.105     4.480 r  u_ftq/imain_found_q_i_492/O
                         net (fo=1, unplaced)         0.000     4.480    u_ftq/imain_found_q_i_492_n_0
                         CARRY4 (Prop_carry4_S[1]_CO[3])
                                                      0.457     4.937 r  u_ftq/imain_found_q_reg_i_246/CO[3]
                         net (fo=1, unplaced)         0.008     4.945    u_ftq/imain_found_q_reg_i_246_n_0
                         CARRY4 (Prop_carry4_CI_CO[2])
                                                      0.209     5.154 f  u_ftq/imain_found_q_reg_i_72/CO[2]
                         net (fo=1, unplaced)         0.349     5.503    u_tlb_manager/u_tlb/refill_q_ps[5]_i_47_1[0]
                         LUT6 (Prop_lut6_I2_O)        0.252     5.755 f  u_tlb_manager/u_tlb/imain_found_q_i_17/O
                         net (fo=6, unplaced)         0.970     6.725    u_tlb_manager/u_tlb/match0_27
                         LUT6 (Prop_lut6_I1_O)        0.105     6.830 f  u_tlb_manager/u_tlb/refill_q_v_i_50/O
                         net (fo=3, unplaced)         0.365     7.195    u_tlb_manager/u_tlb/refill_q_v_i_50_n_0
                         LUT3 (Prop_lut3_I1_O)        0.108     7.303 r  u_tlb_manager/u_tlb/refill_q_v_i_24/O
                         net (fo=14, unplaced)        0.989     8.292    u_tlb_manager/u_tlb/s0_group_hit1329_out
                         LUT6 (Prop_lut6_I1_O)        0.105     8.397 r  u_tlb_manager/u_tlb/refill_q_v_i_9/O
                         net (fo=13, unplaced)        0.578     8.975    u_tlb_manager/u_tlb/s0_index_r1
                         LUT6 (Prop_lut6_I2_O)        0.105     9.080 r  u_tlb_manager/u_tlb/refill_q_v_i_74__0/O
                         net (fo=102, unplaced)       0.447     9.527    u_tlb_manager/u_tlb/refill_q_ps[5]_i_28_0
                         LUT6 (Prop_lut6_I4_O)        0.105     9.632 r  u_tlb_manager/u_tlb/refill_q_ppn[14]_i_23/O
                         net (fo=1, unplaced)         0.938    10.570    u_tlb_manager/u_tlb/refill_q_ppn[14]_i_23_n_0
                         LUT6 (Prop_lut6_I0_O)        0.105    10.675 r  u_tlb_manager/u_tlb/refill_q_ppn[14]_i_10/O
                         net (fo=1, unplaced)         0.000    10.675    u_tlb_manager/u_tlb/refill_q_ppn[14]_i_10_n_0
                         MUXF7 (Prop_muxf7_I1_O)      0.206    10.881 r  u_tlb_manager/u_tlb/refill_q_ppn_reg[14]_i_4/O
                         net (fo=1, unplaced)         0.349    11.230    u_tlb_manager/u_tlb/tlb_ppn1[14]
                         LUT6 (Prop_lut6_I5_O)        0.242    11.472 r  u_tlb_manager/u_tlb/refill_q_ppn[14]_i_1/O
                         net (fo=2, unplaced)         0.000    11.472    u_tlb_manager/u_l1_tlb_i/refill_q_ppn_reg[19]_0[14]
                         FDRE                                         r  u_tlb_manager/u_l1_tlb_i/refill_q_ppn_reg[14]/D
  -------------------------------------------------------------------    -------------------

                         (clock cpu_clk rise edge)   11.111    11.111 r  
                                                      0.000    11.111 r  aclk (IN)
                         net (fo=34009, unset)        0.748    11.859    u_tlb_manager/u_l1_tlb_i/aclk
                         FDRE                                         r  u_tlb_manager/u_l1_tlb_i/refill_q_ppn_reg[14]/C
                         clock pessimism              0.000    11.859    
                         clock uncertainty           -0.035    11.823    
                         FDRE (Setup_fdre_C_D)        0.029    11.852    u_tlb_manager/u_l1_tlb_i/refill_q_ppn_reg[14]
  -------------------------------------------------------------------
                         required time                         11.852    
                         arrival time                         -11.472    
  -------------------------------------------------------------------
                         slack                                  0.380    

Slack (MET) :             0.380ns  (required time - arrival time)
  Source:                 u_ftq/ifu_ptr_reg[0]/C
                            (rising edge-triggered cell FDRE clocked by cpu_clk  {rise@0.000ns fall@5.556ns period=11.111ns})
  Destination:            u_tlb_manager/u_l1_tlb_i/refill_q_ppn_reg[15]/D
                            (rising edge-triggered cell FDRE clocked by cpu_clk  {rise@0.000ns fall@5.556ns period=11.111ns})
  Path Group:             cpu_clk
  Path Type:              Setup (Max at Slow Process Corner)
  Requirement:            11.111ns  (cpu_clk rise@11.111ns - cpu_clk rise@0.000ns)
  Data Path Delay:        10.685ns  (logic 3.030ns (28.358%)  route 7.655ns (71.643%))
  Logic Levels:           16  (CARRY4=2 LUT3=3 LUT6=10 MUXF7=1)
  Clock Path Skew:        -0.039ns (DCD - SCD + CPR)
    Destination Clock Delay (DCD):    0.748ns = ( 11.859 - 11.111 ) 
    Source Clock Delay      (SCD):    0.787ns
    Clock Pessimism Removal (CPR):    0.000ns
  Clock Uncertainty:      0.035ns  ((TSJ^2 + TIJ^2)^1/2 + DJ) / 2 + PE
    Total System Jitter     (TSJ):    0.071ns
    Total Input Jitter      (TIJ):    0.000ns
    Discrete Jitter          (DJ):    0.000ns
    Phase Error              (PE):    0.000ns

    Location             Delay type                Incr(ns)  Path(ns)    Netlist Resource(s)
  -------------------------------------------------------------------    -------------------
                         (clock cpu_clk rise edge)    0.000     0.000 r  
                                                      0.000     0.000 r  aclk (IN)
                         net (fo=34009, unset)        0.787     0.787    u_ftq/aclk
                         FDRE                                         r  u_ftq/ifu_ptr_reg[0]/C
  -------------------------------------------------------------------    -------------------
                         FDRE (Prop_fdre_C_Q)         0.379     1.166 r  u_ftq/ifu_ptr_reg[0]/Q
                         net (fo=76, unplaced)        0.872     2.038    u_ftq/Q[0]
                         LUT6 (Prop_lut6_I0_O)        0.232     2.270 f  u_ftq/pre_paddr[11]_i_5/O
                         net (fo=1, unplaced)         0.347     2.617    u_ftq/pre_paddr[11]_i_5_n_0
                         LUT6 (Prop_lut6_I5_O)        0.105     2.722 r  u_ftq/pre_paddr[11]_i_3/O
                         net (fo=3, unplaced)         0.346     3.068    u_ftq/pre_paddr[11]_i_3_n_0
                         LUT3 (Prop_lut3_I1_O)        0.105     3.173 r  u_ftq/pre_paddr[11]_i_2/O
                         net (fo=66, unplaced)        0.436     3.609    u_ftq/ftq_ifu_valid
                         LUT3 (Prop_lut3_I1_O)        0.105     3.714 r  u_ftq/refill_q_key[4]_i_1/O
                         net (fo=44, unplaced)        0.661     4.375    u_ftq/ifu_mmu_vaddr[4]
                         LUT6 (Prop_lut6_I0_O)        0.105     4.480 r  u_ftq/imain_found_q_i_492/O
                         net (fo=1, unplaced)         0.000     4.480    u_ftq/imain_found_q_i_492_n_0
                         CARRY4 (Prop_carry4_S[1]_CO[3])
                                                      0.457     4.937 r  u_ftq/imain_found_q_reg_i_246/CO[3]
                         net (fo=1, unplaced)         0.008     4.945    u_ftq/imain_found_q_reg_i_246_n_0
                         CARRY4 (Prop_carry4_CI_CO[2])
                                                      0.209     5.154 f  u_ftq/imain_found_q_reg_i_72/CO[2]
                         net (fo=1, unplaced)         0.349     5.503    u_tlb_manager/u_tlb/refill_q_ps[5]_i_47_1[0]
                         LUT6 (Prop_lut6_I2_O)        0.252     5.755 f  u_tlb_manager/u_tlb/imain_found_q_i_17/O
                         net (fo=6, unplaced)         0.970     6.725    u_tlb_manager/u_tlb/match0_27
                         LUT6 (Prop_lut6_I1_O)        0.105     6.830 f  u_tlb_manager/u_tlb/refill_q_v_i_50/O
                         net (fo=3, unplaced)         0.365     7.195    u_tlb_manager/u_tlb/refill_q_v_i_50_n_0
                         LUT3 (Prop_lut3_I1_O)        0.108     7.303 r  u_tlb_manager/u_tlb/refill_q_v_i_24/O
                         net (fo=14, unplaced)        0.989     8.292    u_tlb_manager/u_tlb/s0_group_hit1329_out
                         LUT6 (Prop_lut6_I1_O)        0.105     8.397 r  u_tlb_manager/u_tlb/refill_q_v_i_9/O
                         net (fo=13, unplaced)        0.578     8.975    u_tlb_manager/u_tlb/s0_index_r1
                         LUT6 (Prop_lut6_I2_O)        0.105     9.080 r  u_tlb_manager/u_tlb/refill_q_v_i_74__0/O
                         net (fo=102, unplaced)       0.447     9.527    u_tlb_manager/u_tlb/refill_q_ps[5]_i_28_0
                         LUT6 (Prop_lut6_I4_O)        0.105     9.632 r  u_tlb_manager/u_tlb/refill_q_ppn[15]_i_23/O
                         net (fo=1, unplaced)         0.938    10.570    u_tlb_manager/u_tlb/refill_q_ppn[15]_i_23_n_0
                         LUT6 (Prop_lut6_I0_O)        0.105    10.675 r  u_tlb_manager/u_tlb/refill_q_ppn[15]_i_10/O
                         net (fo=1, unplaced)         0.000    10.675    u_tlb_manager/u_tlb/refill_q_ppn[15]_i_10_n_0
                         MUXF7 (Prop_muxf7_I1_O)      0.206    10.881 r  u_tlb_manager/u_tlb/refill_q_ppn_reg[15]_i_4/O
                         net (fo=1, unplaced)         0.349    11.230    u_tlb_manager/u_tlb/tlb_ppn1[15]
                         LUT6 (Prop_lut6_I5_O)        0.242    11.472 r  u_tlb_manager/u_tlb/refill_q_ppn[15]_i_1/O
                         net (fo=2, unplaced)         0.000    11.472    u_tlb_manager/u_l1_tlb_i/refill_q_ppn_reg[19]_0[15]
                         FDRE                                         r  u_tlb_manager/u_l1_tlb_i/refill_q_ppn_reg[15]/D
  -------------------------------------------------------------------    -------------------

                         (clock cpu_clk rise edge)   11.111    11.111 r  
                                                      0.000    11.111 r  aclk (IN)
                         net (fo=34009, unset)        0.748    11.859    u_tlb_manager/u_l1_tlb_i/aclk
                         FDRE                                         r  u_tlb_manager/u_l1_tlb_i/refill_q_ppn_reg[15]/C
                         clock pessimism              0.000    11.859    
                         clock uncertainty           -0.035    11.823    
                         FDRE (Setup_fdre_C_D)        0.029    11.852    u_tlb_manager/u_l1_tlb_i/refill_q_ppn_reg[15]
  -------------------------------------------------------------------
                         required time                         11.852    
                         arrival time                         -11.472    
  -------------------------------------------------------------------
                         slack                                  0.380    

Slack (MET) :             0.380ns  (required time - arrival time)
  Source:                 u_ftq/ifu_ptr_reg[0]/C
                            (rising edge-triggered cell FDRE clocked by cpu_clk  {rise@0.000ns fall@5.556ns period=11.111ns})
  Destination:            u_tlb_manager/u_l1_tlb_i/refill_q_ppn_reg[16]/D
                            (rising edge-triggered cell FDRE clocked by cpu_clk  {rise@0.000ns fall@5.556ns period=11.111ns})
  Path Group:             cpu_clk
  Path Type:              Setup (Max at Slow Process Corner)
  Requirement:            11.111ns  (cpu_clk rise@11.111ns - cpu_clk rise@0.000ns)
  Data Path Delay:        10.685ns  (logic 3.030ns (28.358%)  route 7.655ns (71.643%))
  Logic Levels:           16  (CARRY4=2 LUT3=3 LUT6=10 MUXF7=1)
  Clock Path Skew:        -0.039ns (DCD - SCD + CPR)
    Destination Clock Delay (DCD):    0.748ns = ( 11.859 - 11.111 ) 
    Source Clock Delay      (SCD):    0.787ns
    Clock Pessimism Removal (CPR):    0.000ns
  Clock Uncertainty:      0.035ns  ((TSJ^2 + TIJ^2)^1/2 + DJ) / 2 + PE
    Total System Jitter     (TSJ):    0.071ns
    Total Input Jitter      (TIJ):    0.000ns
    Discrete Jitter          (DJ):    0.000ns
    Phase Error              (PE):    0.000ns

    Location             Delay type                Incr(ns)  Path(ns)    Netlist Resource(s)
  -------------------------------------------------------------------    -------------------
                         (clock cpu_clk rise edge)    0.000     0.000 r  
                                                      0.000     0.000 r  aclk (IN)
                         net (fo=34009, unset)        0.787     0.787    u_ftq/aclk
                         FDRE                                         r  u_ftq/ifu_ptr_reg[0]/C
  -------------------------------------------------------------------    -------------------
                         FDRE (Prop_fdre_C_Q)         0.379     1.166 r  u_ftq/ifu_ptr_reg[0]/Q
                         net (fo=76, unplaced)        0.872     2.038    u_ftq/Q[0]
                         LUT6 (Prop_lut6_I0_O)        0.232     2.270 f  u_ftq/pre_paddr[11]_i_5/O
                         net (fo=1, unplaced)         0.347     2.617    u_ftq/pre_paddr[11]_i_5_n_0
                         LUT6 (Prop_lut6_I5_O)        0.105     2.722 r  u_ftq/pre_paddr[11]_i_3/O
                         net (fo=3, unplaced)         0.346     3.068    u_ftq/pre_paddr[11]_i_3_n_0
                         LUT3 (Prop_lut3_I1_O)        0.105     3.173 r  u_ftq/pre_paddr[11]_i_2/O
                         net (fo=66, unplaced)        0.436     3.609    u_ftq/ftq_ifu_valid
                         LUT3 (Prop_lut3_I1_O)        0.105     3.714 r  u_ftq/refill_q_key[4]_i_1/O
                         net (fo=44, unplaced)        0.661     4.375    u_ftq/ifu_mmu_vaddr[4]
                         LUT6 (Prop_lut6_I0_O)        0.105     4.480 r  u_ftq/imain_found_q_i_492/O
                         net (fo=1, unplaced)         0.000     4.480    u_ftq/imain_found_q_i_492_n_0
                         CARRY4 (Prop_carry4_S[1]_CO[3])
                                                      0.457     4.937 r  u_ftq/imain_found_q_reg_i_246/CO[3]
                         net (fo=1, unplaced)         0.008     4.945    u_ftq/imain_found_q_reg_i_246_n_0
                         CARRY4 (Prop_carry4_CI_CO[2])
                                                      0.209     5.154 f  u_ftq/imain_found_q_reg_i_72/CO[2]
                         net (fo=1, unplaced)         0.349     5.503    u_tlb_manager/u_tlb/refill_q_ps[5]_i_47_1[0]
                         LUT6 (Prop_lut6_I2_O)        0.252     5.755 f  u_tlb_manager/u_tlb/imain_found_q_i_17/O
                         net (fo=6, unplaced)         0.970     6.725    u_tlb_manager/u_tlb/match0_27
                         LUT6 (Prop_lut6_I1_O)        0.105     6.830 f  u_tlb_manager/u_tlb/refill_q_v_i_50/O
                         net (fo=3, unplaced)         0.365     7.195    u_tlb_manager/u_tlb/refill_q_v_i_50_n_0
                         LUT3 (Prop_lut3_I1_O)        0.108     7.303 r  u_tlb_manager/u_tlb/refill_q_v_i_24/O
                         net (fo=14, unplaced)        0.989     8.292    u_tlb_manager/u_tlb/s0_group_hit1329_out
                         LUT6 (Prop_lut6_I1_O)        0.105     8.397 r  u_tlb_manager/u_tlb/refill_q_v_i_9/O
                         net (fo=13, unplaced)        0.578     8.975    u_tlb_manager/u_tlb/s0_index_r1
                         LUT6 (Prop_lut6_I2_O)        0.105     9.080 r  u_tlb_manager/u_tlb/refill_q_v_i_74__0/O
                         net (fo=102, unplaced)       0.447     9.527    u_tlb_manager/u_tlb/refill_q_ps[5]_i_28_0
                         LUT6 (Prop_lut6_I4_O)        0.105     9.632 r  u_tlb_manager/u_tlb/refill_q_ppn[16]_i_23/O
                         net (fo=1, unplaced)         0.938    10.570    u_tlb_manager/u_tlb/refill_q_ppn[16]_i_23_n_0
                         LUT6 (Prop_lut6_I0_O)        0.105    10.675 r  u_tlb_manager/u_tlb/refill_q_ppn[16]_i_10/O
                         net (fo=1, unplaced)         0.000    10.675    u_tlb_manager/u_tlb/refill_q_ppn[16]_i_10_n_0
                         MUXF7 (Prop_muxf7_I1_O)      0.206    10.881 r  u_tlb_manager/u_tlb/refill_q_ppn_reg[16]_i_4/O
                         net (fo=1, unplaced)         0.349    11.230    u_tlb_manager/u_tlb/tlb_ppn1[16]
                         LUT6 (Prop_lut6_I5_O)        0.242    11.472 r  u_tlb_manager/u_tlb/refill_q_ppn[16]_i_1/O
                         net (fo=2, unplaced)         0.000    11.472    u_tlb_manager/u_l1_tlb_i/refill_q_ppn_reg[19]_0[16]
                         FDRE                                         r  u_tlb_manager/u_l1_tlb_i/refill_q_ppn_reg[16]/D
  -------------------------------------------------------------------    -------------------

                         (clock cpu_clk rise edge)   11.111    11.111 r  
                                                      0.000    11.111 r  aclk (IN)
                         net (fo=34009, unset)        0.748    11.859    u_tlb_manager/u_l1_tlb_i/aclk
                         FDRE                                         r  u_tlb_manager/u_l1_tlb_i/refill_q_ppn_reg[16]/C
                         clock pessimism              0.000    11.859    
                         clock uncertainty           -0.035    11.823    
                         FDRE (Setup_fdre_C_D)        0.029    11.852    u_tlb_manager/u_l1_tlb_i/refill_q_ppn_reg[16]
  -------------------------------------------------------------------
                         required time                         11.852    
                         arrival time                         -11.472    
  -------------------------------------------------------------------
                         slack                                  0.380    

Slack (MET) :             0.380ns  (required time - arrival time)
  Source:                 u_ftq/ifu_ptr_reg[0]/C
                            (rising edge-triggered cell FDRE clocked by cpu_clk  {rise@0.000ns fall@5.556ns period=11.111ns})
  Destination:            u_tlb_manager/u_l1_tlb_i/refill_q_ppn_reg[17]/D
                            (rising edge-triggered cell FDRE clocked by cpu_clk  {rise@0.000ns fall@5.556ns period=11.111ns})
  Path Group:             cpu_clk
  Path Type:              Setup (Max at Slow Process Corner)
  Requirement:            11.111ns  (cpu_clk rise@11.111ns - cpu_clk rise@0.000ns)
  Data Path Delay:        10.685ns  (logic 3.030ns (28.358%)  route 7.655ns (71.643%))
  Logic Levels:           16  (CARRY4=2 LUT3=3 LUT6=10 MUXF7=1)
  Clock Path Skew:        -0.039ns (DCD - SCD + CPR)
    Destination Clock Delay (DCD):    0.748ns = ( 11.859 - 11.111 ) 
    Source Clock Delay      (SCD):    0.787ns
    Clock Pessimism Removal (CPR):    0.000ns
  Clock Uncertainty:      0.035ns  ((TSJ^2 + TIJ^2)^1/2 + DJ) / 2 + PE
    Total System Jitter     (TSJ):    0.071ns
    Total Input Jitter      (TIJ):    0.000ns
    Discrete Jitter          (DJ):    0.000ns
    Phase Error              (PE):    0.000ns

    Location             Delay type                Incr(ns)  Path(ns)    Netlist Resource(s)
  -------------------------------------------------------------------    -------------------
                         (clock cpu_clk rise edge)    0.000     0.000 r  
                                                      0.000     0.000 r  aclk (IN)
                         net (fo=34009, unset)        0.787     0.787    u_ftq/aclk
                         FDRE                                         r  u_ftq/ifu_ptr_reg[0]/C
  -------------------------------------------------------------------    -------------------
                         FDRE (Prop_fdre_C_Q)         0.379     1.166 r  u_ftq/ifu_ptr_reg[0]/Q
                         net (fo=76, unplaced)        0.872     2.038    u_ftq/Q[0]
                         LUT6 (Prop_lut6_I0_O)        0.232     2.270 f  u_ftq/pre_paddr[11]_i_5/O
                         net (fo=1, unplaced)         0.347     2.617    u_ftq/pre_paddr[11]_i_5_n_0
                         LUT6 (Prop_lut6_I5_O)        0.105     2.722 r  u_ftq/pre_paddr[11]_i_3/O
                         net (fo=3, unplaced)         0.346     3.068    u_ftq/pre_paddr[11]_i_3_n_0
                         LUT3 (Prop_lut3_I1_O)        0.105     3.173 r  u_ftq/pre_paddr[11]_i_2/O
                         net (fo=66, unplaced)        0.436     3.609    u_ftq/ftq_ifu_valid
                         LUT3 (Prop_lut3_I1_O)        0.105     3.714 r  u_ftq/refill_q_key[4]_i_1/O
                         net (fo=44, unplaced)        0.661     4.375    u_ftq/ifu_mmu_vaddr[4]
                         LUT6 (Prop_lut6_I0_O)        0.105     4.480 r  u_ftq/imain_found_q_i_492/O
                         net (fo=1, unplaced)         0.000     4.480    u_ftq/imain_found_q_i_492_n_0
                         CARRY4 (Prop_carry4_S[1]_CO[3])
                                                      0.457     4.937 r  u_ftq/imain_found_q_reg_i_246/CO[3]
                         net (fo=1, unplaced)         0.008     4.945    u_ftq/imain_found_q_reg_i_246_n_0
                         CARRY4 (Prop_carry4_CI_CO[2])
                                                      0.209     5.154 f  u_ftq/imain_found_q_reg_i_72/CO[2]
                         net (fo=1, unplaced)         0.349     5.503    u_tlb_manager/u_tlb/refill_q_ps[5]_i_47_1[0]
                         LUT6 (Prop_lut6_I2_O)        0.252     5.755 f  u_tlb_manager/u_tlb/imain_found_q_i_17/O
                         net (fo=6, unplaced)         0.970     6.725    u_tlb_manager/u_tlb/match0_27
                         LUT6 (Prop_lut6_I1_O)        0.105     6.830 f  u_tlb_manager/u_tlb/refill_q_v_i_50/O
                         net (fo=3, unplaced)         0.365     7.195    u_tlb_manager/u_tlb/refill_q_v_i_50_n_0
                         LUT3 (Prop_lut3_I1_O)        0.108     7.303 r  u_tlb_manager/u_tlb/refill_q_v_i_24/O
                         net (fo=14, unplaced)        0.989     8.292    u_tlb_manager/u_tlb/s0_group_hit1329_out
                         LUT6 (Prop_lut6_I1_O)        0.105     8.397 r  u_tlb_manager/u_tlb/refill_q_v_i_9/O
                         net (fo=13, unplaced)        0.578     8.975    u_tlb_manager/u_tlb/s0_index_r1
                         LUT6 (Prop_lut6_I2_O)        0.105     9.080 r  u_tlb_manager/u_tlb/refill_q_v_i_74__0/O
                         net (fo=102, unplaced)       0.447     9.527    u_tlb_manager/u_tlb/refill_q_ps[5]_i_28_0
                         LUT6 (Prop_lut6_I4_O)        0.105     9.632 r  u_tlb_manager/u_tlb/refill_q_ppn[17]_i_23/O
                         net (fo=1, unplaced)         0.938    10.570    u_tlb_manager/u_tlb/refill_q_ppn[17]_i_23_n_0
                         LUT6 (Prop_lut6_I0_O)        0.105    10.675 r  u_tlb_manager/u_tlb/refill_q_ppn[17]_i_10/O
                         net (fo=1, unplaced)         0.000    10.675    u_tlb_manager/u_tlb/refill_q_ppn[17]_i_10_n_0
                         MUXF7 (Prop_muxf7_I1_O)      0.206    10.881 r  u_tlb_manager/u_tlb/refill_q_ppn_reg[17]_i_4/O
                         net (fo=1, unplaced)         0.349    11.230    u_tlb_manager/u_tlb/tlb_ppn1[17]
                         LUT6 (Prop_lut6_I5_O)        0.242    11.472 r  u_tlb_manager/u_tlb/refill_q_ppn[17]_i_1/O
                         net (fo=2, unplaced)         0.000    11.472    u_tlb_manager/u_l1_tlb_i/refill_q_ppn_reg[19]_0[17]
                         FDRE                                         r  u_tlb_manager/u_l1_tlb_i/refill_q_ppn_reg[17]/D
  -------------------------------------------------------------------    -------------------

                         (clock cpu_clk rise edge)   11.111    11.111 r  
                                                      0.000    11.111 r  aclk (IN)
                         net (fo=34009, unset)        0.748    11.859    u_tlb_manager/u_l1_tlb_i/aclk
                         FDRE                                         r  u_tlb_manager/u_l1_tlb_i/refill_q_ppn_reg[17]/C
                         clock pessimism              0.000    11.859    
                         clock uncertainty           -0.035    11.823    
                         FDRE (Setup_fdre_C_D)        0.029    11.852    u_tlb_manager/u_l1_tlb_i/refill_q_ppn_reg[17]
  -------------------------------------------------------------------
                         required time                         11.852    
                         arrival time                         -11.472    
  -------------------------------------------------------------------
                         slack                                  0.380    

Slack (MET) :             0.380ns  (required time - arrival time)
  Source:                 u_ftq/ifu_ptr_reg[0]/C
                            (rising edge-triggered cell FDRE clocked by cpu_clk  {rise@0.000ns fall@5.556ns period=11.111ns})
  Destination:            u_tlb_manager/u_l1_tlb_i/refill_q_ppn_reg[18]/D
                            (rising edge-triggered cell FDRE clocked by cpu_clk  {rise@0.000ns fall@5.556ns period=11.111ns})
  Path Group:             cpu_clk
  Path Type:              Setup (Max at Slow Process Corner)
  Requirement:            11.111ns  (cpu_clk rise@11.111ns - cpu_clk rise@0.000ns)
  Data Path Delay:        10.685ns  (logic 3.030ns (28.358%)  route 7.655ns (71.643%))
  Logic Levels:           16  (CARRY4=2 LUT3=3 LUT6=10 MUXF7=1)
  Clock Path Skew:        -0.039ns (DCD - SCD + CPR)
    Destination Clock Delay (DCD):    0.748ns = ( 11.859 - 11.111 ) 
    Source Clock Delay      (SCD):    0.787ns
    Clock Pessimism Removal (CPR):    0.000ns
  Clock Uncertainty:      0.035ns  ((TSJ^2 + TIJ^2)^1/2 + DJ) / 2 + PE
    Total System Jitter     (TSJ):    0.071ns
    Total Input Jitter      (TIJ):    0.000ns
    Discrete Jitter          (DJ):    0.000ns
    Phase Error              (PE):    0.000ns

    Location             Delay type                Incr(ns)  Path(ns)    Netlist Resource(s)
  -------------------------------------------------------------------    -------------------
                         (clock cpu_clk rise edge)    0.000     0.000 r  
                                                      0.000     0.000 r  aclk (IN)
                         net (fo=34009, unset)        0.787     0.787    u_ftq/aclk
                         FDRE                                         r  u_ftq/ifu_ptr_reg[0]/C
  -------------------------------------------------------------------    -------------------
                         FDRE (Prop_fdre_C_Q)         0.379     1.166 r  u_ftq/ifu_ptr_reg[0]/Q
                         net (fo=76, unplaced)        0.872     2.038    u_ftq/Q[0]
                         LUT6 (Prop_lut6_I0_O)        0.232     2.270 f  u_ftq/pre_paddr[11]_i_5/O
                         net (fo=1, unplaced)         0.347     2.617    u_ftq/pre_paddr[11]_i_5_n_0
                         LUT6 (Prop_lut6_I5_O)        0.105     2.722 r  u_ftq/pre_paddr[11]_i_3/O
                         net (fo=3, unplaced)         0.346     3.068    u_ftq/pre_paddr[11]_i_3_n_0
                         LUT3 (Prop_lut3_I1_O)        0.105     3.173 r  u_ftq/pre_paddr[11]_i_2/O
                         net (fo=66, unplaced)        0.436     3.609    u_ftq/ftq_ifu_valid
                         LUT3 (Prop_lut3_I1_O)        0.105     3.714 r  u_ftq/refill_q_key[4]_i_1/O
                         net (fo=44, unplaced)        0.661     4.375    u_ftq/ifu_mmu_vaddr[4]
                         LUT6 (Prop_lut6_I0_O)        0.105     4.480 r  u_ftq/imain_found_q_i_492/O
                         net (fo=1, unplaced)         0.000     4.480    u_ftq/imain_found_q_i_492_n_0
                         CARRY4 (Prop_carry4_S[1]_CO[3])
                                                      0.457     4.937 r  u_ftq/imain_found_q_reg_i_246/CO[3]
                         net (fo=1, unplaced)         0.008     4.945    u_ftq/imain_found_q_reg_i_246_n_0
                         CARRY4 (Prop_carry4_CI_CO[2])
                                                      0.209     5.154 f  u_ftq/imain_found_q_reg_i_72/CO[2]
                         net (fo=1, unplaced)         0.349     5.503    u_tlb_manager/u_tlb/refill_q_ps[5]_i_47_1[0]
                         LUT6 (Prop_lut6_I2_O)        0.252     5.755 f  u_tlb_manager/u_tlb/imain_found_q_i_17/O
                         net (fo=6, unplaced)         0.970     6.725    u_tlb_manager/u_tlb/match0_27
                         LUT6 (Prop_lut6_I1_O)        0.105     6.830 f  u_tlb_manager/u_tlb/refill_q_v_i_50/O
                         net (fo=3, unplaced)         0.365     7.195    u_tlb_manager/u_tlb/refill_q_v_i_50_n_0
                         LUT3 (Prop_lut3_I1_O)        0.108     7.303 r  u_tlb_manager/u_tlb/refill_q_v_i_24/O
                         net (fo=14, unplaced)        0.989     8.292    u_tlb_manager/u_tlb/s0_group_hit1329_out
                         LUT6 (Prop_lut6_I1_O)        0.105     8.397 r  u_tlb_manager/u_tlb/refill_q_v_i_9/O
                         net (fo=13, unplaced)        0.578     8.975    u_tlb_manager/u_tlb/s0_index_r1
                         LUT6 (Prop_lut6_I2_O)        0.105     9.080 r  u_tlb_manager/u_tlb/refill_q_v_i_74__0/O
                         net (fo=102, unplaced)       0.447     9.527    u_tlb_manager/u_tlb/refill_q_ps[5]_i_28_0
                         LUT6 (Prop_lut6_I4_O)        0.105     9.632 r  u_tlb_manager/u_tlb/refill_q_ppn[18]_i_23/O
                         net (fo=1, unplaced)         0.938    10.570    u_tlb_manager/u_tlb/refill_q_ppn[18]_i_23_n_0
                         LUT6 (Prop_lut6_I0_O)        0.105    10.675 r  u_tlb_manager/u_tlb/refill_q_ppn[18]_i_10/O
                         net (fo=1, unplaced)         0.000    10.675    u_tlb_manager/u_tlb/refill_q_ppn[18]_i_10_n_0
                         MUXF7 (Prop_muxf7_I1_O)      0.206    10.881 r  u_tlb_manager/u_tlb/refill_q_ppn_reg[18]_i_4/O
                         net (fo=1, unplaced)         0.349    11.230    u_tlb_manager/u_tlb/tlb_ppn1[18]
                         LUT6 (Prop_lut6_I5_O)        0.242    11.472 r  u_tlb_manager/u_tlb/refill_q_ppn[18]_i_1/O
                         net (fo=2, unplaced)         0.000    11.472    u_tlb_manager/u_l1_tlb_i/refill_q_ppn_reg[19]_0[18]
                         FDRE                                         r  u_tlb_manager/u_l1_tlb_i/refill_q_ppn_reg[18]/D
  -------------------------------------------------------------------    -------------------

                         (clock cpu_clk rise edge)   11.111    11.111 r  
                                                      0.000    11.111 r  aclk (IN)
                         net (fo=34009, unset)        0.748    11.859    u_tlb_manager/u_l1_tlb_i/aclk
                         FDRE                                         r  u_tlb_manager/u_l1_tlb_i/refill_q_ppn_reg[18]/C
                         clock pessimism              0.000    11.859    
                         clock uncertainty           -0.035    11.823    
                         FDRE (Setup_fdre_C_D)        0.029    11.852    u_tlb_manager/u_l1_tlb_i/refill_q_ppn_reg[18]
  -------------------------------------------------------------------
                         required time                         11.852    
                         arrival time                         -11.472    
  -------------------------------------------------------------------
                         slack                                  0.380    

Slack (MET) :             0.380ns  (required time - arrival time)
  Source:                 u_ftq/ifu_ptr_reg[0]/C
                            (rising edge-triggered cell FDRE clocked by cpu_clk  {rise@0.000ns fall@5.556ns period=11.111ns})
  Destination:            u_tlb_manager/u_l1_tlb_i/refill_q_ppn_reg[19]/D
                            (rising edge-triggered cell FDRE clocked by cpu_clk  {rise@0.000ns fall@5.556ns period=11.111ns})
  Path Group:             cpu_clk
  Path Type:              Setup (Max at Slow Process Corner)
  Requirement:            11.111ns  (cpu_clk rise@11.111ns - cpu_clk rise@0.000ns)
  Data Path Delay:        10.685ns  (logic 3.030ns (28.358%)  route 7.655ns (71.643%))
  Logic Levels:           16  (CARRY4=2 LUT3=3 LUT6=10 MUXF7=1)
  Clock Path Skew:        -0.039ns (DCD - SCD + CPR)
    Destination Clock Delay (DCD):    0.748ns = ( 11.859 - 11.111 ) 
    Source Clock Delay      (SCD):    0.787ns
    Clock Pessimism Removal (CPR):    0.000ns
  Clock Uncertainty:      0.035ns  ((TSJ^2 + TIJ^2)^1/2 + DJ) / 2 + PE
    Total System Jitter     (TSJ):    0.071ns
    Total Input Jitter      (TIJ):    0.000ns
    Discrete Jitter          (DJ):    0.000ns
    Phase Error              (PE):    0.000ns

    Location             Delay type                Incr(ns)  Path(ns)    Netlist Resource(s)
  -------------------------------------------------------------------    -------------------
                         (clock cpu_clk rise edge)    0.000     0.000 r  
                                                      0.000     0.000 r  aclk (IN)
                         net (fo=34009, unset)        0.787     0.787    u_ftq/aclk
                         FDRE                                         r  u_ftq/ifu_ptr_reg[0]/C
  -------------------------------------------------------------------    -------------------
                         FDRE (Prop_fdre_C_Q)         0.379     1.166 r  u_ftq/ifu_ptr_reg[0]/Q
                         net (fo=76, unplaced)        0.872     2.038    u_ftq/Q[0]
                         LUT6 (Prop_lut6_I0_O)        0.232     2.270 f  u_ftq/pre_paddr[11]_i_5/O
                         net (fo=1, unplaced)         0.347     2.617    u_ftq/pre_paddr[11]_i_5_n_0
                         LUT6 (Prop_lut6_I5_O)        0.105     2.722 r  u_ftq/pre_paddr[11]_i_3/O
                         net (fo=3, unplaced)         0.346     3.068    u_ftq/pre_paddr[11]_i_3_n_0
                         LUT3 (Prop_lut3_I1_O)        0.105     3.173 r  u_ftq/pre_paddr[11]_i_2/O
                         net (fo=66, unplaced)        0.436     3.609    u_ftq/ftq_ifu_valid
                         LUT3 (Prop_lut3_I1_O)        0.105     3.714 r  u_ftq/refill_q_key[4]_i_1/O
                         net (fo=44, unplaced)        0.661     4.375    u_ftq/ifu_mmu_vaddr[4]
                         LUT6 (Prop_lut6_I0_O)        0.105     4.480 r  u_ftq/imain_found_q_i_492/O
                         net (fo=1, unplaced)         0.000     4.480    u_ftq/imain_found_q_i_492_n_0
                         CARRY4 (Prop_carry4_S[1]_CO[3])
                                                      0.457     4.937 r  u_ftq/imain_found_q_reg_i_246/CO[3]
                         net (fo=1, unplaced)         0.008     4.945    u_ftq/imain_found_q_reg_i_246_n_0
                         CARRY4 (Prop_carry4_CI_CO[2])
                                                      0.209     5.154 f  u_ftq/imain_found_q_reg_i_72/CO[2]
                         net (fo=1, unplaced)         0.349     5.503    u_tlb_manager/u_tlb/refill_q_ps[5]_i_47_1[0]
                         LUT6 (Prop_lut6_I2_O)        0.252     5.755 f  u_tlb_manager/u_tlb/imain_found_q_i_17/O
                         net (fo=6, unplaced)         0.970     6.725    u_tlb_manager/u_tlb/match0_27
                         LUT6 (Prop_lut6_I1_O)        0.105     6.830 f  u_tlb_manager/u_tlb/refill_q_v_i_50/O
                         net (fo=3, unplaced)         0.365     7.195    u_tlb_manager/u_tlb/refill_q_v_i_50_n_0
                         LUT3 (Prop_lut3_I1_O)        0.108     7.303 r  u_tlb_manager/u_tlb/refill_q_v_i_24/O
                         net (fo=14, unplaced)        0.989     8.292    u_tlb_manager/u_tlb/s0_group_hit1329_out
                         LUT6 (Prop_lut6_I1_O)        0.105     8.397 r  u_tlb_manager/u_tlb/refill_q_v_i_9/O
                         net (fo=13, unplaced)        0.578     8.975    u_tlb_manager/u_tlb/s0_index_r1
                         LUT6 (Prop_lut6_I2_O)        0.105     9.080 r  u_tlb_manager/u_tlb/refill_q_v_i_74__0/O
                         net (fo=102, unplaced)       0.447     9.527    u_tlb_manager/u_tlb/refill_q_ps[5]_i_28_0
                         LUT6 (Prop_lut6_I4_O)        0.105     9.632 r  u_tlb_manager/u_tlb/refill_q_ppn[19]_i_23/O
                         net (fo=1, unplaced)         0.938    10.570    u_tlb_manager/u_tlb/refill_q_ppn[19]_i_23_n_0
                         LUT6 (Prop_lut6_I0_O)        0.105    10.675 r  u_tlb_manager/u_tlb/refill_q_ppn[19]_i_10/O
                         net (fo=1, unplaced)         0.000    10.675    u_tlb_manager/u_tlb/refill_q_ppn[19]_i_10_n_0
                         MUXF7 (Prop_muxf7_I1_O)      0.206    10.881 r  u_tlb_manager/u_tlb/refill_q_ppn_reg[19]_i_4/O
                         net (fo=1, unplaced)         0.349    11.230    u_tlb_manager/u_tlb/tlb_ppn1[19]
                         LUT6 (Prop_lut6_I5_O)        0.242    11.472 r  u_tlb_manager/u_tlb/refill_q_ppn[19]_i_1/O
                         net (fo=2, unplaced)         0.000    11.472    u_tlb_manager/u_l1_tlb_i/refill_q_ppn_reg[19]_0[19]
                         FDRE                                         r  u_tlb_manager/u_l1_tlb_i/refill_q_ppn_reg[19]/D
  -------------------------------------------------------------------    -------------------

                         (clock cpu_clk rise edge)   11.111    11.111 r  
                                                      0.000    11.111 r  aclk (IN)
                         net (fo=34009, unset)        0.748    11.859    u_tlb_manager/u_l1_tlb_i/aclk
                         FDRE                                         r  u_tlb_manager/u_l1_tlb_i/refill_q_ppn_reg[19]/C
                         clock pessimism              0.000    11.859    
                         clock uncertainty           -0.035    11.823    
                         FDRE (Setup_fdre_C_D)        0.029    11.852    u_tlb_manager/u_l1_tlb_i/refill_q_ppn_reg[19]
  -------------------------------------------------------------------
                         required time                         11.852    
                         arrival time                         -11.472    
  -------------------------------------------------------------------
                         slack                                  0.380    

Slack (MET) :             0.380ns  (required time - arrival time)
  Source:                 u_ftq/ifu_ptr_reg[0]/C
                            (rising edge-triggered cell FDRE clocked by cpu_clk  {rise@0.000ns fall@5.556ns period=11.111ns})
  Destination:            u_tlb_manager/u_l1_tlb_i/refill_q_ppn_reg[1]/D
                            (rising edge-triggered cell FDRE clocked by cpu_clk  {rise@0.000ns fall@5.556ns period=11.111ns})
  Path Group:             cpu_clk
  Path Type:              Setup (Max at Slow Process Corner)
  Requirement:            11.111ns  (cpu_clk rise@11.111ns - cpu_clk rise@0.000ns)
  Data Path Delay:        10.685ns  (logic 3.030ns (28.358%)  route 7.655ns (71.643%))
  Logic Levels:           16  (CARRY4=2 LUT3=3 LUT6=10 MUXF7=1)
  Clock Path Skew:        -0.039ns (DCD - SCD + CPR)
    Destination Clock Delay (DCD):    0.748ns = ( 11.859 - 11.111 ) 
    Source Clock Delay      (SCD):    0.787ns
    Clock Pessimism Removal (CPR):    0.000ns
  Clock Uncertainty:      0.035ns  ((TSJ^2 + TIJ^2)^1/2 + DJ) / 2 + PE
    Total System Jitter     (TSJ):    0.071ns
    Total Input Jitter      (TIJ):    0.000ns
    Discrete Jitter          (DJ):    0.000ns
    Phase Error              (PE):    0.000ns

    Location             Delay type                Incr(ns)  Path(ns)    Netlist Resource(s)
  -------------------------------------------------------------------    -------------------
                         (clock cpu_clk rise edge)    0.000     0.000 r  
                                                      0.000     0.000 r  aclk (IN)
                         net (fo=34009, unset)        0.787     0.787    u_ftq/aclk
                         FDRE                                         r  u_ftq/ifu_ptr_reg[0]/C
  -------------------------------------------------------------------    -------------------
                         FDRE (Prop_fdre_C_Q)         0.379     1.166 r  u_ftq/ifu_ptr_reg[0]/Q
                         net (fo=76, unplaced)        0.872     2.038    u_ftq/Q[0]
                         LUT6 (Prop_lut6_I0_O)        0.232     2.270 f  u_ftq/pre_paddr[11]_i_5/O
                         net (fo=1, unplaced)         0.347     2.617    u_ftq/pre_paddr[11]_i_5_n_0
                         LUT6 (Prop_lut6_I5_O)        0.105     2.722 r  u_ftq/pre_paddr[11]_i_3/O
                         net (fo=3, unplaced)         0.346     3.068    u_ftq/pre_paddr[11]_i_3_n_0
                         LUT3 (Prop_lut3_I1_O)        0.105     3.173 r  u_ftq/pre_paddr[11]_i_2/O
                         net (fo=66, unplaced)        0.436     3.609    u_ftq/ftq_ifu_valid
                         LUT3 (Prop_lut3_I1_O)        0.105     3.714 r  u_ftq/refill_q_key[4]_i_1/O
                         net (fo=44, unplaced)        0.661     4.375    u_ftq/ifu_mmu_vaddr[4]
                         LUT6 (Prop_lut6_I0_O)        0.105     4.480 r  u_ftq/imain_found_q_i_492/O
                         net (fo=1, unplaced)         0.000     4.480    u_ftq/imain_found_q_i_492_n_0
                         CARRY4 (Prop_carry4_S[1]_CO[3])
                                                      0.457     4.937 r  u_ftq/imain_found_q_reg_i_246/CO[3]
                         net (fo=1, unplaced)         0.008     4.945    u_ftq/imain_found_q_reg_i_246_n_0
                         CARRY4 (Prop_carry4_CI_CO[2])
                                                      0.209     5.154 f  u_ftq/imain_found_q_reg_i_72/CO[2]
                         net (fo=1, unplaced)         0.349     5.503    u_tlb_manager/u_tlb/refill_q_ps[5]_i_47_1[0]
                         LUT6 (Prop_lut6_I2_O)        0.252     5.755 f  u_tlb_manager/u_tlb/imain_found_q_i_17/O
                         net (fo=6, unplaced)         0.970     6.725    u_tlb_manager/u_tlb/match0_27
                         LUT6 (Prop_lut6_I1_O)        0.105     6.830 f  u_tlb_manager/u_tlb/refill_q_v_i_50/O
                         net (fo=3, unplaced)         0.365     7.195    u_tlb_manager/u_tlb/refill_q_v_i_50_n_0
                         LUT3 (Prop_lut3_I1_O)        0.108     7.303 r  u_tlb_manager/u_tlb/refill_q_v_i_24/O
                         net (fo=14, unplaced)        0.989     8.292    u_tlb_manager/u_tlb/s0_group_hit1329_out
                         LUT6 (Prop_lut6_I1_O)        0.105     8.397 r  u_tlb_manager/u_tlb/refill_q_v_i_9/O
                         net (fo=13, unplaced)        0.578     8.975    u_tlb_manager/u_tlb/s0_index_r1
                         LUT6 (Prop_lut6_I2_O)        0.105     9.080 r  u_tlb_manager/u_tlb/refill_q_v_i_89__0/O
                         net (fo=102, unplaced)       0.447     9.527    u_tlb_manager/u_tlb/refill_q_v_i_89__0_n_0
                         LUT6 (Prop_lut6_I4_O)        0.105     9.632 r  u_tlb_manager/u_tlb/refill_q_ppn[1]_i_23/O
                         net (fo=1, unplaced)         0.938    10.570    u_tlb_manager/u_tlb/refill_q_ppn[1]_i_23_n_0
                         LUT6 (Prop_lut6_I0_O)        0.105    10.675 r  u_tlb_manager/u_tlb/refill_q_ppn[1]_i_10/O
                         net (fo=1, unplaced)         0.000    10.675    u_tlb_manager/u_tlb/refill_q_ppn[1]_i_10_n_0
                         MUXF7 (Prop_muxf7_I1_O)      0.206    10.881 r  u_tlb_manager/u_tlb/refill_q_ppn_reg[1]_i_4/O
                         net (fo=1, unplaced)         0.349    11.230    u_tlb_manager/u_tlb/tlb_ppn1[1]
                         LUT6 (Prop_lut6_I5_O)        0.242    11.472 r  u_tlb_manager/u_tlb/refill_q_ppn[1]_i_1/O
                         net (fo=2, unplaced)         0.000    11.472    u_tlb_manager/u_l1_tlb_i/refill_q_ppn_reg[19]_0[1]
                         FDRE                                         r  u_tlb_manager/u_l1_tlb_i/refill_q_ppn_reg[1]/D
  -------------------------------------------------------------------    -------------------

                         (clock cpu_clk rise edge)   11.111    11.111 r  
                                                      0.000    11.111 r  aclk (IN)
                         net (fo=34009, unset)        0.748    11.859    u_tlb_manager/u_l1_tlb_i/aclk
                         FDRE                                         r  u_tlb_manager/u_l1_tlb_i/refill_q_ppn_reg[1]/C
                         clock pessimism              0.000    11.859    
                         clock uncertainty           -0.035    11.823    
                         FDRE (Setup_fdre_C_D)        0.029    11.852    u_tlb_manager/u_l1_tlb_i/refill_q_ppn_reg[1]
  -------------------------------------------------------------------
                         required time                         11.852    
                         arrival time                         -11.472    
  -------------------------------------------------------------------
                         slack                                  0.380    

Slack (MET) :             0.380ns  (required time - arrival time)
  Source:                 u_ftq/ifu_ptr_reg[0]/C
                            (rising edge-triggered cell FDRE clocked by cpu_clk  {rise@0.000ns fall@5.556ns period=11.111ns})
  Destination:            u_tlb_manager/u_l1_tlb_i/refill_q_ppn_reg[2]/D
                            (rising edge-triggered cell FDRE clocked by cpu_clk  {rise@0.000ns fall@5.556ns period=11.111ns})
  Path Group:             cpu_clk
  Path Type:              Setup (Max at Slow Process Corner)
  Requirement:            11.111ns  (cpu_clk rise@11.111ns - cpu_clk rise@0.000ns)
  Data Path Delay:        10.685ns  (logic 3.030ns (28.358%)  route 7.655ns (71.643%))
  Logic Levels:           16  (CARRY4=2 LUT3=3 LUT6=10 MUXF7=1)
  Clock Path Skew:        -0.039ns (DCD - SCD + CPR)
    Destination Clock Delay (DCD):    0.748ns = ( 11.859 - 11.111 ) 
    Source Clock Delay      (SCD):    0.787ns
    Clock Pessimism Removal (CPR):    0.000ns
  Clock Uncertainty:      0.035ns  ((TSJ^2 + TIJ^2)^1/2 + DJ) / 2 + PE
    Total System Jitter     (TSJ):    0.071ns
    Total Input Jitter      (TIJ):    0.000ns
    Discrete Jitter          (DJ):    0.000ns
    Phase Error              (PE):    0.000ns

    Location             Delay type                Incr(ns)  Path(ns)    Netlist Resource(s)
  -------------------------------------------------------------------    -------------------
                         (clock cpu_clk rise edge)    0.000     0.000 r  
                                                      0.000     0.000 r  aclk (IN)
                         net (fo=34009, unset)        0.787     0.787    u_ftq/aclk
                         FDRE                                         r  u_ftq/ifu_ptr_reg[0]/C
  -------------------------------------------------------------------    -------------------
                         FDRE (Prop_fdre_C_Q)         0.379     1.166 r  u_ftq/ifu_ptr_reg[0]/Q
                         net (fo=76, unplaced)        0.872     2.038    u_ftq/Q[0]
                         LUT6 (Prop_lut6_I0_O)        0.232     2.270 f  u_ftq/pre_paddr[11]_i_5/O
                         net (fo=1, unplaced)         0.347     2.617    u_ftq/pre_paddr[11]_i_5_n_0
                         LUT6 (Prop_lut6_I5_O)        0.105     2.722 r  u_ftq/pre_paddr[11]_i_3/O
                         net (fo=3, unplaced)         0.346     3.068    u_ftq/pre_paddr[11]_i_3_n_0
                         LUT3 (Prop_lut3_I1_O)        0.105     3.173 r  u_ftq/pre_paddr[11]_i_2/O
                         net (fo=66, unplaced)        0.436     3.609    u_ftq/ftq_ifu_valid
                         LUT3 (Prop_lut3_I1_O)        0.105     3.714 r  u_ftq/refill_q_key[4]_i_1/O
                         net (fo=44, unplaced)        0.661     4.375    u_ftq/ifu_mmu_vaddr[4]
                         LUT6 (Prop_lut6_I0_O)        0.105     4.480 r  u_ftq/imain_found_q_i_492/O
                         net (fo=1, unplaced)         0.000     4.480    u_ftq/imain_found_q_i_492_n_0
                         CARRY4 (Prop_carry4_S[1]_CO[3])
                                                      0.457     4.937 r  u_ftq/imain_found_q_reg_i_246/CO[3]
                         net (fo=1, unplaced)         0.008     4.945    u_ftq/imain_found_q_reg_i_246_n_0
                         CARRY4 (Prop_carry4_CI_CO[2])
                                                      0.209     5.154 f  u_ftq/imain_found_q_reg_i_72/CO[2]
                         net (fo=1, unplaced)         0.349     5.503    u_tlb_manager/u_tlb/refill_q_ps[5]_i_47_1[0]
                         LUT6 (Prop_lut6_I2_O)        0.252     5.755 f  u_tlb_manager/u_tlb/imain_found_q_i_17/O
                         net (fo=6, unplaced)         0.970     6.725    u_tlb_manager/u_tlb/match0_27
                         LUT6 (Prop_lut6_I1_O)        0.105     6.830 f  u_tlb_manager/u_tlb/refill_q_v_i_50/O
                         net (fo=3, unplaced)         0.365     7.195    u_tlb_manager/u_tlb/refill_q_v_i_50_n_0
                         LUT3 (Prop_lut3_I1_O)        0.108     7.303 r  u_tlb_manager/u_tlb/refill_q_v_i_24/O
                         net (fo=14, unplaced)        0.989     8.292    u_tlb_manager/u_tlb/s0_group_hit1329_out
                         LUT6 (Prop_lut6_I1_O)        0.105     8.397 r  u_tlb_manager/u_tlb/refill_q_v_i_9/O
                         net (fo=13, unplaced)        0.578     8.975    u_tlb_manager/u_tlb/s0_index_r1
                         LUT6 (Prop_lut6_I2_O)        0.105     9.080 r  u_tlb_manager/u_tlb/refill_q_v_i_89__0/O
                         net (fo=102, unplaced)       0.447     9.527    u_tlb_manager/u_tlb/refill_q_v_i_89__0_n_0
                         LUT6 (Prop_lut6_I4_O)        0.105     9.632 r  u_tlb_manager/u_tlb/refill_q_ppn[2]_i_23/O
                         net (fo=1, unplaced)         0.938    10.570    u_tlb_manager/u_tlb/refill_q_ppn[2]_i_23_n_0
                         LUT6 (Prop_lut6_I0_O)        0.105    10.675 r  u_tlb_manager/u_tlb/refill_q_ppn[2]_i_10/O
                         net (fo=1, unplaced)         0.000    10.675    u_tlb_manager/u_tlb/refill_q_ppn[2]_i_10_n_0
                         MUXF7 (Prop_muxf7_I1_O)      0.206    10.881 r  u_tlb_manager/u_tlb/refill_q_ppn_reg[2]_i_4/O
                         net (fo=1, unplaced)         0.349    11.230    u_tlb_manager/u_tlb/tlb_ppn1[2]
                         LUT6 (Prop_lut6_I5_O)        0.242    11.472 r  u_tlb_manager/u_tlb/refill_q_ppn[2]_i_1/O
                         net (fo=2, unplaced)         0.000    11.472    u_tlb_manager/u_l1_tlb_i/refill_q_ppn_reg[19]_0[2]
                         FDRE                                         r  u_tlb_manager/u_l1_tlb_i/refill_q_ppn_reg[2]/D
  -------------------------------------------------------------------    -------------------

                         (clock cpu_clk rise edge)   11.111    11.111 r  
                                                      0.000    11.111 r  aclk (IN)
                         net (fo=34009, unset)        0.748    11.859    u_tlb_manager/u_l1_tlb_i/aclk
                         FDRE                                         r  u_tlb_manager/u_l1_tlb_i/refill_q_ppn_reg[2]/C
                         clock pessimism              0.000    11.859    
                         clock uncertainty           -0.035    11.823    
                         FDRE (Setup_fdre_C_D)        0.029    11.852    u_tlb_manager/u_l1_tlb_i/refill_q_ppn_reg[2]
  -------------------------------------------------------------------
                         required time                         11.852    
                         arrival time                         -11.472    
  -------------------------------------------------------------------
                         slack                                  0.380    

Slack (MET) :             0.380ns  (required time - arrival time)
  Source:                 u_ftq/ifu_ptr_reg[0]/C
                            (rising edge-triggered cell FDRE clocked by cpu_clk  {rise@0.000ns fall@5.556ns period=11.111ns})
  Destination:            u_tlb_manager/u_l1_tlb_i/refill_q_ppn_reg[3]/D
                            (rising edge-triggered cell FDRE clocked by cpu_clk  {rise@0.000ns fall@5.556ns period=11.111ns})
  Path Group:             cpu_clk
  Path Type:              Setup (Max at Slow Process Corner)
  Requirement:            11.111ns  (cpu_clk rise@11.111ns - cpu_clk rise@0.000ns)
  Data Path Delay:        10.685ns  (logic 3.030ns (28.358%)  route 7.655ns (71.643%))
  Logic Levels:           16  (CARRY4=2 LUT3=3 LUT6=10 MUXF7=1)
  Clock Path Skew:        -0.039ns (DCD - SCD + CPR)
    Destination Clock Delay (DCD):    0.748ns = ( 11.859 - 11.111 ) 
    Source Clock Delay      (SCD):    0.787ns
    Clock Pessimism Removal (CPR):    0.000ns
  Clock Uncertainty:      0.035ns  ((TSJ^2 + TIJ^2)^1/2 + DJ) / 2 + PE
    Total System Jitter     (TSJ):    0.071ns
    Total Input Jitter      (TIJ):    0.000ns
    Discrete Jitter          (DJ):    0.000ns
    Phase Error              (PE):    0.000ns

    Location             Delay type                Incr(ns)  Path(ns)    Netlist Resource(s)
  -------------------------------------------------------------------    -------------------
                         (clock cpu_clk rise edge)    0.000     0.000 r  
                                                      0.000     0.000 r  aclk (IN)
                         net (fo=34009, unset)        0.787     0.787    u_ftq/aclk
                         FDRE                                         r  u_ftq/ifu_ptr_reg[0]/C
  -------------------------------------------------------------------    -------------------
                         FDRE (Prop_fdre_C_Q)         0.379     1.166 r  u_ftq/ifu_ptr_reg[0]/Q
                         net (fo=76, unplaced)        0.872     2.038    u_ftq/Q[0]
                         LUT6 (Prop_lut6_I0_O)        0.232     2.270 f  u_ftq/pre_paddr[11]_i_5/O
                         net (fo=1, unplaced)         0.347     2.617    u_ftq/pre_paddr[11]_i_5_n_0
                         LUT6 (Prop_lut6_I5_O)        0.105     2.722 r  u_ftq/pre_paddr[11]_i_3/O
                         net (fo=3, unplaced)         0.346     3.068    u_ftq/pre_paddr[11]_i_3_n_0
                         LUT3 (Prop_lut3_I1_O)        0.105     3.173 r  u_ftq/pre_paddr[11]_i_2/O
                         net (fo=66, unplaced)        0.436     3.609    u_ftq/ftq_ifu_valid
                         LUT3 (Prop_lut3_I1_O)        0.105     3.714 r  u_ftq/refill_q_key[4]_i_1/O
                         net (fo=44, unplaced)        0.661     4.375    u_ftq/ifu_mmu_vaddr[4]
                         LUT6 (Prop_lut6_I0_O)        0.105     4.480 r  u_ftq/imain_found_q_i_492/O
                         net (fo=1, unplaced)         0.000     4.480    u_ftq/imain_found_q_i_492_n_0
                         CARRY4 (Prop_carry4_S[1]_CO[3])
                                                      0.457     4.937 r  u_ftq/imain_found_q_reg_i_246/CO[3]
                         net (fo=1, unplaced)         0.008     4.945    u_ftq/imain_found_q_reg_i_246_n_0
                         CARRY4 (Prop_carry4_CI_CO[2])
                                                      0.209     5.154 f  u_ftq/imain_found_q_reg_i_72/CO[2]
                         net (fo=1, unplaced)         0.349     5.503    u_tlb_manager/u_tlb/refill_q_ps[5]_i_47_1[0]
                         LUT6 (Prop_lut6_I2_O)        0.252     5.755 f  u_tlb_manager/u_tlb/imain_found_q_i_17/O
                         net (fo=6, unplaced)         0.970     6.725    u_tlb_manager/u_tlb/match0_27
                         LUT6 (Prop_lut6_I1_O)        0.105     6.830 f  u_tlb_manager/u_tlb/refill_q_v_i_50/O
                         net (fo=3, unplaced)         0.365     7.195    u_tlb_manager/u_tlb/refill_q_v_i_50_n_0
                         LUT3 (Prop_lut3_I1_O)        0.108     7.303 r  u_tlb_manager/u_tlb/refill_q_v_i_24/O
                         net (fo=14, unplaced)        0.989     8.292    u_tlb_manager/u_tlb/s0_group_hit1329_out
                         LUT6 (Prop_lut6_I1_O)        0.105     8.397 r  u_tlb_manager/u_tlb/refill_q_v_i_9/O
                         net (fo=13, unplaced)        0.578     8.975    u_tlb_manager/u_tlb/s0_index_r1
                         LUT6 (Prop_lut6_I2_O)        0.105     9.080 r  u_tlb_manager/u_tlb/refill_q_v_i_89__0/O
                         net (fo=102, unplaced)       0.447     9.527    u_tlb_manager/u_tlb/refill_q_v_i_89__0_n_0
                         LUT6 (Prop_lut6_I4_O)        0.105     9.632 r  u_tlb_manager/u_tlb/refill_q_ppn[3]_i_23/O
                         net (fo=1, unplaced)         0.938    10.570    u_tlb_manager/u_tlb/refill_q_ppn[3]_i_23_n_0
                         LUT6 (Prop_lut6_I0_O)        0.105    10.675 r  u_tlb_manager/u_tlb/refill_q_ppn[3]_i_10/O
                         net (fo=1, unplaced)         0.000    10.675    u_tlb_manager/u_tlb/refill_q_ppn[3]_i_10_n_0
                         MUXF7 (Prop_muxf7_I1_O)      0.206    10.881 r  u_tlb_manager/u_tlb/refill_q_ppn_reg[3]_i_4/O
                         net (fo=1, unplaced)         0.349    11.230    u_tlb_manager/u_tlb/tlb_ppn1[3]
                         LUT6 (Prop_lut6_I5_O)        0.242    11.472 r  u_tlb_manager/u_tlb/refill_q_ppn[3]_i_1/O
                         net (fo=2, unplaced)         0.000    11.472    u_tlb_manager/u_l1_tlb_i/refill_q_ppn_reg[19]_0[3]
                         FDRE                                         r  u_tlb_manager/u_l1_tlb_i/refill_q_ppn_reg[3]/D
  -------------------------------------------------------------------    -------------------

                         (clock cpu_clk rise edge)   11.111    11.111 r  
                                                      0.000    11.111 r  aclk (IN)
                         net (fo=34009, unset)        0.748    11.859    u_tlb_manager/u_l1_tlb_i/aclk
                         FDRE                                         r  u_tlb_manager/u_l1_tlb_i/refill_q_ppn_reg[3]/C
                         clock pessimism              0.000    11.859    
                         clock uncertainty           -0.035    11.823    
                         FDRE (Setup_fdre_C_D)        0.029    11.852    u_tlb_manager/u_l1_tlb_i/refill_q_ppn_reg[3]
  -------------------------------------------------------------------
                         required time                         11.852    
                         arrival time                         -11.472    
  -------------------------------------------------------------------
                         slack                                  0.380    

Slack (MET) :             0.380ns  (required time - arrival time)
  Source:                 u_ftq/ifu_ptr_reg[0]/C
                            (rising edge-triggered cell FDRE clocked by cpu_clk  {rise@0.000ns fall@5.556ns period=11.111ns})
  Destination:            u_tlb_manager/u_l1_tlb_i/refill_q_ppn_reg[4]/D
                            (rising edge-triggered cell FDRE clocked by cpu_clk  {rise@0.000ns fall@5.556ns period=11.111ns})
  Path Group:             cpu_clk
  Path Type:              Setup (Max at Slow Process Corner)
  Requirement:            11.111ns  (cpu_clk rise@11.111ns - cpu_clk rise@0.000ns)
  Data Path Delay:        10.685ns  (logic 3.030ns (28.358%)  route 7.655ns (71.643%))
  Logic Levels:           16  (CARRY4=2 LUT3=3 LUT6=10 MUXF7=1)
  Clock Path Skew:        -0.039ns (DCD - SCD + CPR)
    Destination Clock Delay (DCD):    0.748ns = ( 11.859 - 11.111 ) 
    Source Clock Delay      (SCD):    0.787ns
    Clock Pessimism Removal (CPR):    0.000ns
  Clock Uncertainty:      0.035ns  ((TSJ^2 + TIJ^2)^1/2 + DJ) / 2 + PE
    Total System Jitter     (TSJ):    0.071ns
    Total Input Jitter      (TIJ):    0.000ns
    Discrete Jitter          (DJ):    0.000ns
    Phase Error              (PE):    0.000ns

    Location             Delay type                Incr(ns)  Path(ns)    Netlist Resource(s)
  -------------------------------------------------------------------    -------------------
                         (clock cpu_clk rise edge)    0.000     0.000 r  
                                                      0.000     0.000 r  aclk (IN)
                         net (fo=34009, unset)        0.787     0.787    u_ftq/aclk
                         FDRE                                         r  u_ftq/ifu_ptr_reg[0]/C
  -------------------------------------------------------------------    -------------------
                         FDRE (Prop_fdre_C_Q)         0.379     1.166 r  u_ftq/ifu_ptr_reg[0]/Q
                         net (fo=76, unplaced)        0.872     2.038    u_ftq/Q[0]
                         LUT6 (Prop_lut6_I0_O)        0.232     2.270 f  u_ftq/pre_paddr[11]_i_5/O
                         net (fo=1, unplaced)         0.347     2.617    u_ftq/pre_paddr[11]_i_5_n_0
                         LUT6 (Prop_lut6_I5_O)        0.105     2.722 r  u_ftq/pre_paddr[11]_i_3/O
                         net (fo=3, unplaced)         0.346     3.068    u_ftq/pre_paddr[11]_i_3_n_0
                         LUT3 (Prop_lut3_I1_O)        0.105     3.173 r  u_ftq/pre_paddr[11]_i_2/O
                         net (fo=66, unplaced)        0.436     3.609    u_ftq/ftq_ifu_valid
                         LUT3 (Prop_lut3_I1_O)        0.105     3.714 r  u_ftq/refill_q_key[4]_i_1/O
                         net (fo=44, unplaced)        0.661     4.375    u_ftq/ifu_mmu_vaddr[4]
                         LUT6 (Prop_lut6_I0_O)        0.105     4.480 r  u_ftq/imain_found_q_i_492/O
                         net (fo=1, unplaced)         0.000     4.480    u_ftq/imain_found_q_i_492_n_0
                         CARRY4 (Prop_carry4_S[1]_CO[3])
                                                      0.457     4.937 r  u_ftq/imain_found_q_reg_i_246/CO[3]
                         net (fo=1, unplaced)         0.008     4.945    u_ftq/imain_found_q_reg_i_246_n_0
                         CARRY4 (Prop_carry4_CI_CO[2])
                                                      0.209     5.154 f  u_ftq/imain_found_q_reg_i_72/CO[2]
                         net (fo=1, unplaced)         0.349     5.503    u_tlb_manager/u_tlb/refill_q_ps[5]_i_47_1[0]
                         LUT6 (Prop_lut6_I2_O)        0.252     5.755 f  u_tlb_manager/u_tlb/imain_found_q_i_17/O
                         net (fo=6, unplaced)         0.970     6.725    u_tlb_manager/u_tlb/match0_27
                         LUT6 (Prop_lut6_I1_O)        0.105     6.830 f  u_tlb_manager/u_tlb/refill_q_v_i_50/O
                         net (fo=3, unplaced)         0.365     7.195    u_tlb_manager/u_tlb/refill_q_v_i_50_n_0
                         LUT3 (Prop_lut3_I1_O)        0.108     7.303 r  u_tlb_manager/u_tlb/refill_q_v_i_24/O
                         net (fo=14, unplaced)        0.989     8.292    u_tlb_manager/u_tlb/s0_group_hit1329_out
                         LUT6 (Prop_lut6_I1_O)        0.105     8.397 r  u_tlb_manager/u_tlb/refill_q_v_i_9/O
                         net (fo=13, unplaced)        0.578     8.975    u_tlb_manager/u_tlb/s0_index_r1
                         LUT6 (Prop_lut6_I2_O)        0.105     9.080 r  u_tlb_manager/u_tlb/refill_q_v_i_89__0/O
                         net (fo=102, unplaced)       0.447     9.527    u_tlb_manager/u_tlb/refill_q_v_i_89__0_n_0
                         LUT6 (Prop_lut6_I4_O)        0.105     9.632 r  u_tlb_manager/u_tlb/refill_q_ppn[4]_i_23/O
                         net (fo=1, unplaced)         0.938    10.570    u_tlb_manager/u_tlb/refill_q_ppn[4]_i_23_n_0
                         LUT6 (Prop_lut6_I0_O)        0.105    10.675 r  u_tlb_manager/u_tlb/refill_q_ppn[4]_i_10/O
                         net (fo=1, unplaced)         0.000    10.675    u_tlb_manager/u_tlb/refill_q_ppn[4]_i_10_n_0
                         MUXF7 (Prop_muxf7_I1_O)      0.206    10.881 r  u_tlb_manager/u_tlb/refill_q_ppn_reg[4]_i_4/O
                         net (fo=1, unplaced)         0.349    11.230    u_tlb_manager/u_tlb/tlb_ppn1[4]
                         LUT6 (Prop_lut6_I5_O)        0.242    11.472 r  u_tlb_manager/u_tlb/refill_q_ppn[4]_i_1/O
                         net (fo=2, unplaced)         0.000    11.472    u_tlb_manager/u_l1_tlb_i/refill_q_ppn_reg[19]_0[4]
                         FDRE                                         r  u_tlb_manager/u_l1_tlb_i/refill_q_ppn_reg[4]/D
  -------------------------------------------------------------------    -------------------

                         (clock cpu_clk rise edge)   11.111    11.111 r  
                                                      0.000    11.111 r  aclk (IN)
                         net (fo=34009, unset)        0.748    11.859    u_tlb_manager/u_l1_tlb_i/aclk
                         FDRE                                         r  u_tlb_manager/u_l1_tlb_i/refill_q_ppn_reg[4]/C
                         clock pessimism              0.000    11.859    
                         clock uncertainty           -0.035    11.823    
                         FDRE (Setup_fdre_C_D)        0.029    11.852    u_tlb_manager/u_l1_tlb_i/refill_q_ppn_reg[4]
  -------------------------------------------------------------------
                         required time                         11.852    
                         arrival time                         -11.472    
  -------------------------------------------------------------------
                         slack                                  0.380    

Slack (MET) :             0.380ns  (required time - arrival time)
  Source:                 u_ftq/ifu_ptr_reg[0]/C
                            (rising edge-triggered cell FDRE clocked by cpu_clk  {rise@0.000ns fall@5.556ns period=11.111ns})
  Destination:            u_tlb_manager/u_l1_tlb_i/refill_q_ppn_reg[5]/D
                            (rising edge-triggered cell FDRE clocked by cpu_clk  {rise@0.000ns fall@5.556ns period=11.111ns})
  Path Group:             cpu_clk
  Path Type:              Setup (Max at Slow Process Corner)
  Requirement:            11.111ns  (cpu_clk rise@11.111ns - cpu_clk rise@0.000ns)
  Data Path Delay:        10.685ns  (logic 3.030ns (28.358%)  route 7.655ns (71.643%))
  Logic Levels:           16  (CARRY4=2 LUT3=3 LUT6=10 MUXF7=1)
  Clock Path Skew:        -0.039ns (DCD - SCD + CPR)
    Destination Clock Delay (DCD):    0.748ns = ( 11.859 - 11.111 ) 
    Source Clock Delay      (SCD):    0.787ns
    Clock Pessimism Removal (CPR):    0.000ns
  Clock Uncertainty:      0.035ns  ((TSJ^2 + TIJ^2)^1/2 + DJ) / 2 + PE
    Total System Jitter     (TSJ):    0.071ns
    Total Input Jitter      (TIJ):    0.000ns
    Discrete Jitter          (DJ):    0.000ns
    Phase Error              (PE):    0.000ns

    Location             Delay type                Incr(ns)  Path(ns)    Netlist Resource(s)
  -------------------------------------------------------------------    -------------------
                         (clock cpu_clk rise edge)    0.000     0.000 r  
                                                      0.000     0.000 r  aclk (IN)
                         net (fo=34009, unset)        0.787     0.787    u_ftq/aclk
                         FDRE                                         r  u_ftq/ifu_ptr_reg[0]/C
  -------------------------------------------------------------------    -------------------
                         FDRE (Prop_fdre_C_Q)         0.379     1.166 r  u_ftq/ifu_ptr_reg[0]/Q
                         net (fo=76, unplaced)        0.872     2.038    u_ftq/Q[0]
                         LUT6 (Prop_lut6_I0_O)        0.232     2.270 f  u_ftq/pre_paddr[11]_i_5/O
                         net (fo=1, unplaced)         0.347     2.617    u_ftq/pre_paddr[11]_i_5_n_0
                         LUT6 (Prop_lut6_I5_O)        0.105     2.722 r  u_ftq/pre_paddr[11]_i_3/O
                         net (fo=3, unplaced)         0.346     3.068    u_ftq/pre_paddr[11]_i_3_n_0
                         LUT3 (Prop_lut3_I1_O)        0.105     3.173 r  u_ftq/pre_paddr[11]_i_2/O
                         net (fo=66, unplaced)        0.436     3.609    u_ftq/ftq_ifu_valid
                         LUT3 (Prop_lut3_I1_O)        0.105     3.714 r  u_ftq/refill_q_key[4]_i_1/O
                         net (fo=44, unplaced)        0.661     4.375    u_ftq/ifu_mmu_vaddr[4]
                         LUT6 (Prop_lut6_I0_O)        0.105     4.480 r  u_ftq/imain_found_q_i_492/O
                         net (fo=1, unplaced)         0.000     4.480    u_ftq/imain_found_q_i_492_n_0
                         CARRY4 (Prop_carry4_S[1]_CO[3])
                                                      0.457     4.937 r  u_ftq/imain_found_q_reg_i_246/CO[3]
                         net (fo=1, unplaced)         0.008     4.945    u_ftq/imain_found_q_reg_i_246_n_0
                         CARRY4 (Prop_carry4_CI_CO[2])
                                                      0.209     5.154 f  u_ftq/imain_found_q_reg_i_72/CO[2]
                         net (fo=1, unplaced)         0.349     5.503    u_tlb_manager/u_tlb/refill_q_ps[5]_i_47_1[0]
                         LUT6 (Prop_lut6_I2_O)        0.252     5.755 f  u_tlb_manager/u_tlb/imain_found_q_i_17/O
                         net (fo=6, unplaced)         0.970     6.725    u_tlb_manager/u_tlb/match0_27
                         LUT6 (Prop_lut6_I1_O)        0.105     6.830 f  u_tlb_manager/u_tlb/refill_q_v_i_50/O
                         net (fo=3, unplaced)         0.365     7.195    u_tlb_manager/u_tlb/refill_q_v_i_50_n_0
                         LUT3 (Prop_lut3_I1_O)        0.108     7.303 r  u_tlb_manager/u_tlb/refill_q_v_i_24/O
                         net (fo=14, unplaced)        0.989     8.292    u_tlb_manager/u_tlb/s0_group_hit1329_out
                         LUT6 (Prop_lut6_I1_O)        0.105     8.397 r  u_tlb_manager/u_tlb/refill_q_v_i_9/O
                         net (fo=13, unplaced)        0.578     8.975    u_tlb_manager/u_tlb/s0_index_r1
                         LUT6 (Prop_lut6_I2_O)        0.105     9.080 r  u_tlb_manager/u_tlb/refill_q_v_i_89__0/O
                         net (fo=102, unplaced)       0.447     9.527    u_tlb_manager/u_tlb/refill_q_v_i_89__0_n_0
                         LUT6 (Prop_lut6_I4_O)        0.105     9.632 r  u_tlb_manager/u_tlb/refill_q_ppn[5]_i_23/O
                         net (fo=1, unplaced)         0.938    10.570    u_tlb_manager/u_tlb/refill_q_ppn[5]_i_23_n_0
                         LUT6 (Prop_lut6_I0_O)        0.105    10.675 r  u_tlb_manager/u_tlb/refill_q_ppn[5]_i_10/O
                         net (fo=1, unplaced)         0.000    10.675    u_tlb_manager/u_tlb/refill_q_ppn[5]_i_10_n_0
                         MUXF7 (Prop_muxf7_I1_O)      0.206    10.881 r  u_tlb_manager/u_tlb/refill_q_ppn_reg[5]_i_4/O
                         net (fo=1, unplaced)         0.349    11.230    u_tlb_manager/u_tlb/tlb_ppn1[5]
                         LUT6 (Prop_lut6_I5_O)        0.242    11.472 r  u_tlb_manager/u_tlb/refill_q_ppn[5]_i_1/O
                         net (fo=2, unplaced)         0.000    11.472    u_tlb_manager/u_l1_tlb_i/refill_q_ppn_reg[19]_0[5]
                         FDRE                                         r  u_tlb_manager/u_l1_tlb_i/refill_q_ppn_reg[5]/D
  -------------------------------------------------------------------    -------------------

                         (clock cpu_clk rise edge)   11.111    11.111 r  
                                                      0.000    11.111 r  aclk (IN)
                         net (fo=34009, unset)        0.748    11.859    u_tlb_manager/u_l1_tlb_i/aclk
                         FDRE                                         r  u_tlb_manager/u_l1_tlb_i/refill_q_ppn_reg[5]/C
                         clock pessimism              0.000    11.859    
                         clock uncertainty           -0.035    11.823    
                         FDRE (Setup_fdre_C_D)        0.029    11.852    u_tlb_manager/u_l1_tlb_i/refill_q_ppn_reg[5]
  -------------------------------------------------------------------
                         required time                         11.852    
                         arrival time                         -11.472    
  -------------------------------------------------------------------
                         slack                                  0.380    

Slack (MET) :             0.380ns  (required time - arrival time)
  Source:                 u_ftq/ifu_ptr_reg[0]/C
                            (rising edge-triggered cell FDRE clocked by cpu_clk  {rise@0.000ns fall@5.556ns period=11.111ns})
  Destination:            u_tlb_manager/u_l1_tlb_i/refill_q_ppn_reg[6]/D
                            (rising edge-triggered cell FDRE clocked by cpu_clk  {rise@0.000ns fall@5.556ns period=11.111ns})
  Path Group:             cpu_clk
  Path Type:              Setup (Max at Slow Process Corner)
  Requirement:            11.111ns  (cpu_clk rise@11.111ns - cpu_clk rise@0.000ns)
  Data Path Delay:        10.685ns  (logic 3.030ns (28.358%)  route 7.655ns (71.643%))
  Logic Levels:           16  (CARRY4=2 LUT3=3 LUT6=10 MUXF7=1)
  Clock Path Skew:        -0.039ns (DCD - SCD + CPR)
    Destination Clock Delay (DCD):    0.748ns = ( 11.859 - 11.111 ) 
    Source Clock Delay      (SCD):    0.787ns
    Clock Pessimism Removal (CPR):    0.000ns
  Clock Uncertainty:      0.035ns  ((TSJ^2 + TIJ^2)^1/2 + DJ) / 2 + PE
    Total System Jitter     (TSJ):    0.071ns
    Total Input Jitter      (TIJ):    0.000ns
    Discrete Jitter          (DJ):    0.000ns
    Phase Error              (PE):    0.000ns

    Location             Delay type                Incr(ns)  Path(ns)    Netlist Resource(s)
  -------------------------------------------------------------------    -------------------
                         (clock cpu_clk rise edge)    0.000     0.000 r  
                                                      0.000     0.000 r  aclk (IN)
                         net (fo=34009, unset)        0.787     0.787    u_ftq/aclk
                         FDRE                                         r  u_ftq/ifu_ptr_reg[0]/C
  -------------------------------------------------------------------    -------------------
                         FDRE (Prop_fdre_C_Q)         0.379     1.166 r  u_ftq/ifu_ptr_reg[0]/Q
                         net (fo=76, unplaced)        0.872     2.038    u_ftq/Q[0]
                         LUT6 (Prop_lut6_I0_O)        0.232     2.270 f  u_ftq/pre_paddr[11]_i_5/O
                         net (fo=1, unplaced)         0.347     2.617    u_ftq/pre_paddr[11]_i_5_n_0
                         LUT6 (Prop_lut6_I5_O)        0.105     2.722 r  u_ftq/pre_paddr[11]_i_3/O
                         net (fo=3, unplaced)         0.346     3.068    u_ftq/pre_paddr[11]_i_3_n_0
                         LUT3 (Prop_lut3_I1_O)        0.105     3.173 r  u_ftq/pre_paddr[11]_i_2/O
                         net (fo=66, unplaced)        0.436     3.609    u_ftq/ftq_ifu_valid
                         LUT3 (Prop_lut3_I1_O)        0.105     3.714 r  u_ftq/refill_q_key[4]_i_1/O
                         net (fo=44, unplaced)        0.661     4.375    u_ftq/ifu_mmu_vaddr[4]
                         LUT6 (Prop_lut6_I0_O)        0.105     4.480 r  u_ftq/imain_found_q_i_492/O
                         net (fo=1, unplaced)         0.000     4.480    u_ftq/imain_found_q_i_492_n_0
                         CARRY4 (Prop_carry4_S[1]_CO[3])
                                                      0.457     4.937 r  u_ftq/imain_found_q_reg_i_246/CO[3]
                         net (fo=1, unplaced)         0.008     4.945    u_ftq/imain_found_q_reg_i_246_n_0
                         CARRY4 (Prop_carry4_CI_CO[2])
                                                      0.209     5.154 f  u_ftq/imain_found_q_reg_i_72/CO[2]
                         net (fo=1, unplaced)         0.349     5.503    u_tlb_manager/u_tlb/refill_q_ps[5]_i_47_1[0]
                         LUT6 (Prop_lut6_I2_O)        0.252     5.755 f  u_tlb_manager/u_tlb/imain_found_q_i_17/O
                         net (fo=6, unplaced)         0.970     6.725    u_tlb_manager/u_tlb/match0_27
                         LUT6 (Prop_lut6_I1_O)        0.105     6.830 f  u_tlb_manager/u_tlb/refill_q_v_i_50/O
                         net (fo=3, unplaced)         0.365     7.195    u_tlb_manager/u_tlb/refill_q_v_i_50_n_0
                         LUT3 (Prop_lut3_I1_O)        0.108     7.303 r  u_tlb_manager/u_tlb/refill_q_v_i_24/O
                         net (fo=14, unplaced)        0.989     8.292    u_tlb_manager/u_tlb/s0_group_hit1329_out
                         LUT6 (Prop_lut6_I1_O)        0.105     8.397 r  u_tlb_manager/u_tlb/refill_q_v_i_9/O
                         net (fo=13, unplaced)        0.578     8.975    u_tlb_manager/u_tlb/s0_index_r1
                         LUT6 (Prop_lut6_I2_O)        0.105     9.080 r  u_tlb_manager/u_tlb/refill_q_v_i_89__0/O
                         net (fo=102, unplaced)       0.447     9.527    u_tlb_manager/u_tlb/refill_q_v_i_89__0_n_0
                         LUT6 (Prop_lut6_I4_O)        0.105     9.632 r  u_tlb_manager/u_tlb/refill_q_ppn[6]_i_23/O
                         net (fo=1, unplaced)         0.938    10.570    u_tlb_manager/u_tlb/refill_q_ppn[6]_i_23_n_0
                         LUT6 (Prop_lut6_I0_O)        0.105    10.675 r  u_tlb_manager/u_tlb/refill_q_ppn[6]_i_10/O
                         net (fo=1, unplaced)         0.000    10.675    u_tlb_manager/u_tlb/refill_q_ppn[6]_i_10_n_0
                         MUXF7 (Prop_muxf7_I1_O)      0.206    10.881 r  u_tlb_manager/u_tlb/refill_q_ppn_reg[6]_i_4/O
                         net (fo=1, unplaced)         0.349    11.230    u_tlb_manager/u_tlb/tlb_ppn1[6]
                         LUT6 (Prop_lut6_I5_O)        0.242    11.472 r  u_tlb_manager/u_tlb/refill_q_ppn[6]_i_1/O
                         net (fo=2, unplaced)         0.000    11.472    u_tlb_manager/u_l1_tlb_i/refill_q_ppn_reg[19]_0[6]
                         FDRE                                         r  u_tlb_manager/u_l1_tlb_i/refill_q_ppn_reg[6]/D
  -------------------------------------------------------------------    -------------------

                         (clock cpu_clk rise edge)   11.111    11.111 r  
                                                      0.000    11.111 r  aclk (IN)
                         net (fo=34009, unset)        0.748    11.859    u_tlb_manager/u_l1_tlb_i/aclk
                         FDRE                                         r  u_tlb_manager/u_l1_tlb_i/refill_q_ppn_reg[6]/C
                         clock pessimism              0.000    11.859    
                         clock uncertainty           -0.035    11.823    
                         FDRE (Setup_fdre_C_D)        0.029    11.852    u_tlb_manager/u_l1_tlb_i/refill_q_ppn_reg[6]
  -------------------------------------------------------------------
                         required time                         11.852    
                         arrival time                         -11.472    
  -------------------------------------------------------------------
                         slack                                  0.380    

Slack (MET) :             0.380ns  (required time - arrival time)
  Source:                 u_ftq/ifu_ptr_reg[0]/C
                            (rising edge-triggered cell FDRE clocked by cpu_clk  {rise@0.000ns fall@5.556ns period=11.111ns})
  Destination:            u_tlb_manager/u_l1_tlb_i/refill_q_ppn_reg[7]/D
                            (rising edge-triggered cell FDRE clocked by cpu_clk  {rise@0.000ns fall@5.556ns period=11.111ns})
  Path Group:             cpu_clk
  Path Type:              Setup (Max at Slow Process Corner)
  Requirement:            11.111ns  (cpu_clk rise@11.111ns - cpu_clk rise@0.000ns)
  Data Path Delay:        10.685ns  (logic 3.030ns (28.358%)  route 7.655ns (71.643%))
  Logic Levels:           16  (CARRY4=2 LUT3=3 LUT6=10 MUXF7=1)
  Clock Path Skew:        -0.039ns (DCD - SCD + CPR)
    Destination Clock Delay (DCD):    0.748ns = ( 11.859 - 11.111 ) 
    Source Clock Delay      (SCD):    0.787ns
    Clock Pessimism Removal (CPR):    0.000ns
  Clock Uncertainty:      0.035ns  ((TSJ^2 + TIJ^2)^1/2 + DJ) / 2 + PE
    Total System Jitter     (TSJ):    0.071ns
    Total Input Jitter      (TIJ):    0.000ns
    Discrete Jitter          (DJ):    0.000ns
    Phase Error              (PE):    0.000ns

    Location             Delay type                Incr(ns)  Path(ns)    Netlist Resource(s)
  -------------------------------------------------------------------    -------------------
                         (clock cpu_clk rise edge)    0.000     0.000 r  
                                                      0.000     0.000 r  aclk (IN)
                         net (fo=34009, unset)        0.787     0.787    u_ftq/aclk
                         FDRE                                         r  u_ftq/ifu_ptr_reg[0]/C
  -------------------------------------------------------------------    -------------------
                         FDRE (Prop_fdre_C_Q)         0.379     1.166 r  u_ftq/ifu_ptr_reg[0]/Q
                         net (fo=76, unplaced)        0.872     2.038    u_ftq/Q[0]
                         LUT6 (Prop_lut6_I0_O)        0.232     2.270 f  u_ftq/pre_paddr[11]_i_5/O
                         net (fo=1, unplaced)         0.347     2.617    u_ftq/pre_paddr[11]_i_5_n_0
                         LUT6 (Prop_lut6_I5_O)        0.105     2.722 r  u_ftq/pre_paddr[11]_i_3/O
                         net (fo=3, unplaced)         0.346     3.068    u_ftq/pre_paddr[11]_i_3_n_0
                         LUT3 (Prop_lut3_I1_O)        0.105     3.173 r  u_ftq/pre_paddr[11]_i_2/O
                         net (fo=66, unplaced)        0.436     3.609    u_ftq/ftq_ifu_valid
                         LUT3 (Prop_lut3_I1_O)        0.105     3.714 r  u_ftq/refill_q_key[4]_i_1/O
                         net (fo=44, unplaced)        0.661     4.375    u_ftq/ifu_mmu_vaddr[4]
                         LUT6 (Prop_lut6_I0_O)        0.105     4.480 r  u_ftq/imain_found_q_i_492/O
                         net (fo=1, unplaced)         0.000     4.480    u_ftq/imain_found_q_i_492_n_0
                         CARRY4 (Prop_carry4_S[1]_CO[3])
                                                      0.457     4.937 r  u_ftq/imain_found_q_reg_i_246/CO[3]
                         net (fo=1, unplaced)         0.008     4.945    u_ftq/imain_found_q_reg_i_246_n_0
                         CARRY4 (Prop_carry4_CI_CO[2])
                                                      0.209     5.154 f  u_ftq/imain_found_q_reg_i_72/CO[2]
                         net (fo=1, unplaced)         0.349     5.503    u_tlb_manager/u_tlb/refill_q_ps[5]_i_47_1[0]
                         LUT6 (Prop_lut6_I2_O)        0.252     5.755 f  u_tlb_manager/u_tlb/imain_found_q_i_17/O
                         net (fo=6, unplaced)         0.970     6.725    u_tlb_manager/u_tlb/match0_27
                         LUT6 (Prop_lut6_I1_O)        0.105     6.830 f  u_tlb_manager/u_tlb/refill_q_v_i_50/O
                         net (fo=3, unplaced)         0.365     7.195    u_tlb_manager/u_tlb/refill_q_v_i_50_n_0
                         LUT3 (Prop_lut3_I1_O)        0.108     7.303 r  u_tlb_manager/u_tlb/refill_q_v_i_24/O
                         net (fo=14, unplaced)        0.989     8.292    u_tlb_manager/u_tlb/s0_group_hit1329_out
                         LUT6 (Prop_lut6_I1_O)        0.105     8.397 r  u_tlb_manager/u_tlb/refill_q_v_i_9/O
                         net (fo=13, unplaced)        0.578     8.975    u_tlb_manager/u_tlb/s0_index_r1
                         LUT6 (Prop_lut6_I2_O)        0.105     9.080 r  u_tlb_manager/u_tlb/refill_q_v_i_74__0/O
                         net (fo=102, unplaced)       0.447     9.527    u_tlb_manager/u_tlb/refill_q_ps[5]_i_28_0
                         LUT6 (Prop_lut6_I4_O)        0.105     9.632 r  u_tlb_manager/u_tlb/refill_q_ppn[7]_i_23/O
                         net (fo=1, unplaced)         0.938    10.570    u_tlb_manager/u_tlb/refill_q_ppn[7]_i_23_n_0
                         LUT6 (Prop_lut6_I0_O)        0.105    10.675 r  u_tlb_manager/u_tlb/refill_q_ppn[7]_i_10/O
                         net (fo=1, unplaced)         0.000    10.675    u_tlb_manager/u_tlb/refill_q_ppn[7]_i_10_n_0
                         MUXF7 (Prop_muxf7_I1_O)      0.206    10.881 r  u_tlb_manager/u_tlb/refill_q_ppn_reg[7]_i_4/O
                         net (fo=1, unplaced)         0.349    11.230    u_tlb_manager/u_tlb/tlb_ppn1[7]
                         LUT6 (Prop_lut6_I5_O)        0.242    11.472 r  u_tlb_manager/u_tlb/refill_q_ppn[7]_i_1/O
                         net (fo=2, unplaced)         0.000    11.472    u_tlb_manager/u_l1_tlb_i/refill_q_ppn_reg[19]_0[7]
                         FDRE                                         r  u_tlb_manager/u_l1_tlb_i/refill_q_ppn_reg[7]/D
  -------------------------------------------------------------------    -------------------

                         (clock cpu_clk rise edge)   11.111    11.111 r  
                                                      0.000    11.111 r  aclk (IN)
                         net (fo=34009, unset)        0.748    11.859    u_tlb_manager/u_l1_tlb_i/aclk
                         FDRE                                         r  u_tlb_manager/u_l1_tlb_i/refill_q_ppn_reg[7]/C
                         clock pessimism              0.000    11.859    
                         clock uncertainty           -0.035    11.823    
                         FDRE (Setup_fdre_C_D)        0.029    11.852    u_tlb_manager/u_l1_tlb_i/refill_q_ppn_reg[7]
  -------------------------------------------------------------------
                         required time                         11.852    
                         arrival time                         -11.472    
  -------------------------------------------------------------------
                         slack                                  0.380    

Slack (MET) :             0.380ns  (required time - arrival time)
  Source:                 u_ftq/ifu_ptr_reg[0]/C
                            (rising edge-triggered cell FDRE clocked by cpu_clk  {rise@0.000ns fall@5.556ns period=11.111ns})
  Destination:            u_tlb_manager/u_l1_tlb_i/refill_q_ppn_reg[8]/D
                            (rising edge-triggered cell FDRE clocked by cpu_clk  {rise@0.000ns fall@5.556ns period=11.111ns})
  Path Group:             cpu_clk
  Path Type:              Setup (Max at Slow Process Corner)
  Requirement:            11.111ns  (cpu_clk rise@11.111ns - cpu_clk rise@0.000ns)
  Data Path Delay:        10.685ns  (logic 3.030ns (28.358%)  route 7.655ns (71.643%))
  Logic Levels:           16  (CARRY4=2 LUT3=3 LUT6=10 MUXF7=1)
  Clock Path Skew:        -0.039ns (DCD - SCD + CPR)
    Destination Clock Delay (DCD):    0.748ns = ( 11.859 - 11.111 ) 
    Source Clock Delay      (SCD):    0.787ns
    Clock Pessimism Removal (CPR):    0.000ns
  Clock Uncertainty:      0.035ns  ((TSJ^2 + TIJ^2)^1/2 + DJ) / 2 + PE
    Total System Jitter     (TSJ):    0.071ns
    Total Input Jitter      (TIJ):    0.000ns
    Discrete Jitter          (DJ):    0.000ns
    Phase Error              (PE):    0.000ns

    Location             Delay type                Incr(ns)  Path(ns)    Netlist Resource(s)
  -------------------------------------------------------------------    -------------------
                         (clock cpu_clk rise edge)    0.000     0.000 r  
                                                      0.000     0.000 r  aclk (IN)
                         net (fo=34009, unset)        0.787     0.787    u_ftq/aclk
                         FDRE                                         r  u_ftq/ifu_ptr_reg[0]/C
  -------------------------------------------------------------------    -------------------
                         FDRE (Prop_fdre_C_Q)         0.379     1.166 r  u_ftq/ifu_ptr_reg[0]/Q
                         net (fo=76, unplaced)        0.872     2.038    u_ftq/Q[0]
                         LUT6 (Prop_lut6_I0_O)        0.232     2.270 f  u_ftq/pre_paddr[11]_i_5/O
                         net (fo=1, unplaced)         0.347     2.617    u_ftq/pre_paddr[11]_i_5_n_0
                         LUT6 (Prop_lut6_I5_O)        0.105     2.722 r  u_ftq/pre_paddr[11]_i_3/O
                         net (fo=3, unplaced)         0.346     3.068    u_ftq/pre_paddr[11]_i_3_n_0
                         LUT3 (Prop_lut3_I1_O)        0.105     3.173 r  u_ftq/pre_paddr[11]_i_2/O
                         net (fo=66, unplaced)        0.436     3.609    u_ftq/ftq_ifu_valid
                         LUT3 (Prop_lut3_I1_O)        0.105     3.714 r  u_ftq/refill_q_key[4]_i_1/O
                         net (fo=44, unplaced)        0.661     4.375    u_ftq/ifu_mmu_vaddr[4]
                         LUT6 (Prop_lut6_I0_O)        0.105     4.480 r  u_ftq/imain_found_q_i_492/O
                         net (fo=1, unplaced)         0.000     4.480    u_ftq/imain_found_q_i_492_n_0
                         CARRY4 (Prop_carry4_S[1]_CO[3])
                                                      0.457     4.937 r  u_ftq/imain_found_q_reg_i_246/CO[3]
                         net (fo=1, unplaced)         0.008     4.945    u_ftq/imain_found_q_reg_i_246_n_0
                         CARRY4 (Prop_carry4_CI_CO[2])
                                                      0.209     5.154 f  u_ftq/imain_found_q_reg_i_72/CO[2]
                         net (fo=1, unplaced)         0.349     5.503    u_tlb_manager/u_tlb/refill_q_ps[5]_i_47_1[0]
                         LUT6 (Prop_lut6_I2_O)        0.252     5.755 f  u_tlb_manager/u_tlb/imain_found_q_i_17/O
                         net (fo=6, unplaced)         0.970     6.725    u_tlb_manager/u_tlb/match0_27
                         LUT6 (Prop_lut6_I1_O)        0.105     6.830 f  u_tlb_manager/u_tlb/refill_q_v_i_50/O
                         net (fo=3, unplaced)         0.365     7.195    u_tlb_manager/u_tlb/refill_q_v_i_50_n_0
                         LUT3 (Prop_lut3_I1_O)        0.108     7.303 r  u_tlb_manager/u_tlb/refill_q_v_i_24/O
                         net (fo=14, unplaced)        0.989     8.292    u_tlb_manager/u_tlb/s0_group_hit1329_out
                         LUT6 (Prop_lut6_I1_O)        0.105     8.397 r  u_tlb_manager/u_tlb/refill_q_v_i_9/O
                         net (fo=13, unplaced)        0.578     8.975    u_tlb_manager/u_tlb/s0_index_r1
                         LUT6 (Prop_lut6_I2_O)        0.105     9.080 r  u_tlb_manager/u_tlb/refill_q_v_i_74__0/O
                         net (fo=102, unplaced)       0.447     9.527    u_tlb_manager/u_tlb/refill_q_ps[5]_i_28_0
                         LUT6 (Prop_lut6_I4_O)        0.105     9.632 r  u_tlb_manager/u_tlb/refill_q_ppn[8]_i_23/O
                         net (fo=1, unplaced)         0.938    10.570    u_tlb_manager/u_tlb/refill_q_ppn[8]_i_23_n_0
                         LUT6 (Prop_lut6_I0_O)        0.105    10.675 r  u_tlb_manager/u_tlb/refill_q_ppn[8]_i_10/O
                         net (fo=1, unplaced)         0.000    10.675    u_tlb_manager/u_tlb/refill_q_ppn[8]_i_10_n_0
                         MUXF7 (Prop_muxf7_I1_O)      0.206    10.881 r  u_tlb_manager/u_tlb/refill_q_ppn_reg[8]_i_4/O
                         net (fo=1, unplaced)         0.349    11.230    u_tlb_manager/u_tlb/tlb_ppn1[8]
                         LUT6 (Prop_lut6_I5_O)        0.242    11.472 r  u_tlb_manager/u_tlb/refill_q_ppn[8]_i_1/O
                         net (fo=2, unplaced)         0.000    11.472    u_tlb_manager/u_l1_tlb_i/refill_q_ppn_reg[19]_0[8]
                         FDRE                                         r  u_tlb_manager/u_l1_tlb_i/refill_q_ppn_reg[8]/D
  -------------------------------------------------------------------    -------------------

                         (clock cpu_clk rise edge)   11.111    11.111 r  
                                                      0.000    11.111 r  aclk (IN)
                         net (fo=34009, unset)        0.748    11.859    u_tlb_manager/u_l1_tlb_i/aclk
                         FDRE                                         r  u_tlb_manager/u_l1_tlb_i/refill_q_ppn_reg[8]/C
                         clock pessimism              0.000    11.859    
                         clock uncertainty           -0.035    11.823    
                         FDRE (Setup_fdre_C_D)        0.029    11.852    u_tlb_manager/u_l1_tlb_i/refill_q_ppn_reg[8]
  -------------------------------------------------------------------
                         required time                         11.852    
                         arrival time                         -11.472    
  -------------------------------------------------------------------
                         slack                                  0.380    

Slack (MET) :             0.380ns  (required time - arrival time)
  Source:                 u_ftq/ifu_ptr_reg[0]/C
                            (rising edge-triggered cell FDRE clocked by cpu_clk  {rise@0.000ns fall@5.556ns period=11.111ns})
  Destination:            u_tlb_manager/u_l1_tlb_i/refill_q_ppn_reg[9]/D
                            (rising edge-triggered cell FDRE clocked by cpu_clk  {rise@0.000ns fall@5.556ns period=11.111ns})
  Path Group:             cpu_clk
  Path Type:              Setup (Max at Slow Process Corner)
  Requirement:            11.111ns  (cpu_clk rise@11.111ns - cpu_clk rise@0.000ns)
  Data Path Delay:        10.685ns  (logic 3.030ns (28.358%)  route 7.655ns (71.643%))
  Logic Levels:           16  (CARRY4=2 LUT3=3 LUT6=10 MUXF7=1)
  Clock Path Skew:        -0.039ns (DCD - SCD + CPR)
    Destination Clock Delay (DCD):    0.748ns = ( 11.859 - 11.111 ) 
    Source Clock Delay      (SCD):    0.787ns
    Clock Pessimism Removal (CPR):    0.000ns
  Clock Uncertainty:      0.035ns  ((TSJ^2 + TIJ^2)^1/2 + DJ) / 2 + PE
    Total System Jitter     (TSJ):    0.071ns
    Total Input Jitter      (TIJ):    0.000ns
    Discrete Jitter          (DJ):    0.000ns
    Phase Error              (PE):    0.000ns

    Location             Delay type                Incr(ns)  Path(ns)    Netlist Resource(s)
  -------------------------------------------------------------------    -------------------
                         (clock cpu_clk rise edge)    0.000     0.000 r  
                                                      0.000     0.000 r  aclk (IN)
                         net (fo=34009, unset)        0.787     0.787    u_ftq/aclk
                         FDRE                                         r  u_ftq/ifu_ptr_reg[0]/C
  -------------------------------------------------------------------    -------------------
                         FDRE (Prop_fdre_C_Q)         0.379     1.166 r  u_ftq/ifu_ptr_reg[0]/Q
                         net (fo=76, unplaced)        0.872     2.038    u_ftq/Q[0]
                         LUT6 (Prop_lut6_I0_O)        0.232     2.270 f  u_ftq/pre_paddr[11]_i_5/O
                         net (fo=1, unplaced)         0.347     2.617    u_ftq/pre_paddr[11]_i_5_n_0
                         LUT6 (Prop_lut6_I5_O)        0.105     2.722 r  u_ftq/pre_paddr[11]_i_3/O
                         net (fo=3, unplaced)         0.346     3.068    u_ftq/pre_paddr[11]_i_3_n_0
                         LUT3 (Prop_lut3_I1_O)        0.105     3.173 r  u_ftq/pre_paddr[11]_i_2/O
                         net (fo=66, unplaced)        0.436     3.609    u_ftq/ftq_ifu_valid
                         LUT3 (Prop_lut3_I1_O)        0.105     3.714 r  u_ftq/refill_q_key[4]_i_1/O
                         net (fo=44, unplaced)        0.661     4.375    u_ftq/ifu_mmu_vaddr[4]
                         LUT6 (Prop_lut6_I0_O)        0.105     4.480 r  u_ftq/imain_found_q_i_492/O
                         net (fo=1, unplaced)         0.000     4.480    u_ftq/imain_found_q_i_492_n_0
                         CARRY4 (Prop_carry4_S[1]_CO[3])
                                                      0.457     4.937 r  u_ftq/imain_found_q_reg_i_246/CO[3]
                         net (fo=1, unplaced)         0.008     4.945    u_ftq/imain_found_q_reg_i_246_n_0
                         CARRY4 (Prop_carry4_CI_CO[2])
                                                      0.209     5.154 f  u_ftq/imain_found_q_reg_i_72/CO[2]
                         net (fo=1, unplaced)         0.349     5.503    u_tlb_manager/u_tlb/refill_q_ps[5]_i_47_1[0]
                         LUT6 (Prop_lut6_I2_O)        0.252     5.755 f  u_tlb_manager/u_tlb/imain_found_q_i_17/O
                         net (fo=6, unplaced)         0.970     6.725    u_tlb_manager/u_tlb/match0_27
                         LUT6 (Prop_lut6_I1_O)        0.105     6.830 f  u_tlb_manager/u_tlb/refill_q_v_i_50/O
                         net (fo=3, unplaced)         0.365     7.195    u_tlb_manager/u_tlb/refill_q_v_i_50_n_0
                         LUT3 (Prop_lut3_I1_O)        0.108     7.303 r  u_tlb_manager/u_tlb/refill_q_v_i_24/O
                         net (fo=14, unplaced)        0.989     8.292    u_tlb_manager/u_tlb/s0_group_hit1329_out
                         LUT6 (Prop_lut6_I1_O)        0.105     8.397 r  u_tlb_manager/u_tlb/refill_q_v_i_9/O
                         net (fo=13, unplaced)        0.578     8.975    u_tlb_manager/u_tlb/s0_index_r1
                         LUT6 (Prop_lut6_I2_O)        0.105     9.080 r  u_tlb_manager/u_tlb/refill_q_v_i_74__0/O
                         net (fo=102, unplaced)       0.447     9.527    u_tlb_manager/u_tlb/refill_q_ps[5]_i_28_0
                         LUT6 (Prop_lut6_I4_O)        0.105     9.632 r  u_tlb_manager/u_tlb/refill_q_ppn[9]_i_23/O
                         net (fo=1, unplaced)         0.938    10.570    u_tlb_manager/u_tlb/refill_q_ppn[9]_i_23_n_0
                         LUT6 (Prop_lut6_I0_O)        0.105    10.675 r  u_tlb_manager/u_tlb/refill_q_ppn[9]_i_10/O
                         net (fo=1, unplaced)         0.000    10.675    u_tlb_manager/u_tlb/refill_q_ppn[9]_i_10_n_0
                         MUXF7 (Prop_muxf7_I1_O)      0.206    10.881 r  u_tlb_manager/u_tlb/refill_q_ppn_reg[9]_i_4/O
                         net (fo=1, unplaced)         0.349    11.230    u_tlb_manager/u_tlb/tlb_ppn1[9]
                         LUT6 (Prop_lut6_I5_O)        0.242    11.472 r  u_tlb_manager/u_tlb/refill_q_ppn[9]_i_1/O
                         net (fo=2, unplaced)         0.000    11.472    u_tlb_manager/u_l1_tlb_i/refill_q_ppn_reg[19]_0[9]
                         FDRE                                         r  u_tlb_manager/u_l1_tlb_i/refill_q_ppn_reg[9]/D
  -------------------------------------------------------------------    -------------------

                         (clock cpu_clk rise edge)   11.111    11.111 r  
                                                      0.000    11.111 r  aclk (IN)
                         net (fo=34009, unset)        0.748    11.859    u_tlb_manager/u_l1_tlb_i/aclk
                         FDRE                                         r  u_tlb_manager/u_l1_tlb_i/refill_q_ppn_reg[9]/C
                         clock pessimism              0.000    11.859    
                         clock uncertainty           -0.035    11.823    
                         FDRE (Setup_fdre_C_D)        0.029    11.852    u_tlb_manager/u_l1_tlb_i/refill_q_ppn_reg[9]
  -------------------------------------------------------------------
                         required time                         11.852    
                         arrival time                         -11.472    
  -------------------------------------------------------------------
                         slack                                  0.380    

Slack (MET) :             0.380ns  (required time - arrival time)
  Source:                 u_ftq/ifu_ptr_reg[0]/C
                            (rising edge-triggered cell FDRE clocked by cpu_clk  {rise@0.000ns fall@5.556ns period=11.111ns})
  Destination:            u_tlb_manager/u_l1_tlb_i/refill_q_v_reg/D
                            (rising edge-triggered cell FDRE clocked by cpu_clk  {rise@0.000ns fall@5.556ns period=11.111ns})
  Path Group:             cpu_clk
  Path Type:              Setup (Max at Slow Process Corner)
  Requirement:            11.111ns  (cpu_clk rise@11.111ns - cpu_clk rise@0.000ns)
  Data Path Delay:        10.685ns  (logic 3.030ns (28.358%)  route 7.655ns (71.643%))
  Logic Levels:           16  (CARRY4=2 LUT3=3 LUT6=10 MUXF7=1)
  Clock Path Skew:        -0.039ns (DCD - SCD + CPR)
    Destination Clock Delay (DCD):    0.748ns = ( 11.859 - 11.111 ) 
    Source Clock Delay      (SCD):    0.787ns
    Clock Pessimism Removal (CPR):    0.000ns
  Clock Uncertainty:      0.035ns  ((TSJ^2 + TIJ^2)^1/2 + DJ) / 2 + PE
    Total System Jitter     (TSJ):    0.071ns
    Total Input Jitter      (TIJ):    0.000ns
    Discrete Jitter          (DJ):    0.000ns
    Phase Error              (PE):    0.000ns

    Location             Delay type                Incr(ns)  Path(ns)    Netlist Resource(s)
  -------------------------------------------------------------------    -------------------
                         (clock cpu_clk rise edge)    0.000     0.000 r  
                                                      0.000     0.000 r  aclk (IN)
                         net (fo=34009, unset)        0.787     0.787    u_ftq/aclk
                         FDRE                                         r  u_ftq/ifu_ptr_reg[0]/C
  -------------------------------------------------------------------    -------------------
                         FDRE (Prop_fdre_C_Q)         0.379     1.166 r  u_ftq/ifu_ptr_reg[0]/Q
                         net (fo=76, unplaced)        0.872     2.038    u_ftq/Q[0]
                         LUT6 (Prop_lut6_I0_O)        0.232     2.270 f  u_ftq/pre_paddr[11]_i_5/O
                         net (fo=1, unplaced)         0.347     2.617    u_ftq/pre_paddr[11]_i_5_n_0
                         LUT6 (Prop_lut6_I5_O)        0.105     2.722 r  u_ftq/pre_paddr[11]_i_3/O
                         net (fo=3, unplaced)         0.346     3.068    u_ftq/pre_paddr[11]_i_3_n_0
                         LUT3 (Prop_lut3_I1_O)        0.105     3.173 r  u_ftq/pre_paddr[11]_i_2/O
                         net (fo=66, unplaced)        0.436     3.609    u_ftq/ftq_ifu_valid
                         LUT3 (Prop_lut3_I1_O)        0.105     3.714 r  u_ftq/refill_q_key[4]_i_1/O
                         net (fo=44, unplaced)        0.661     4.375    u_ftq/ifu_mmu_vaddr[4]
                         LUT6 (Prop_lut6_I0_O)        0.105     4.480 r  u_ftq/imain_found_q_i_492/O
                         net (fo=1, unplaced)         0.000     4.480    u_ftq/imain_found_q_i_492_n_0
                         CARRY4 (Prop_carry4_S[1]_CO[3])
                                                      0.457     4.937 r  u_ftq/imain_found_q_reg_i_246/CO[3]
                         net (fo=1, unplaced)         0.008     4.945    u_ftq/imain_found_q_reg_i_246_n_0
                         CARRY4 (Prop_carry4_CI_CO[2])
                                                      0.209     5.154 f  u_ftq/imain_found_q_reg_i_72/CO[2]
                         net (fo=1, unplaced)         0.349     5.503    u_tlb_manager/u_tlb/refill_q_ps[5]_i_47_1[0]
                         LUT6 (Prop_lut6_I2_O)        0.252     5.755 f  u_tlb_manager/u_tlb/imain_found_q_i_17/O
                         net (fo=6, unplaced)         0.970     6.725    u_tlb_manager/u_tlb/match0_27
                         LUT6 (Prop_lut6_I1_O)        0.105     6.830 f  u_tlb_manager/u_tlb/refill_q_v_i_50/O
                         net (fo=3, unplaced)         0.365     7.195    u_tlb_manager/u_tlb/refill_q_v_i_50_n_0
                         LUT3 (Prop_lut3_I1_O)        0.108     7.303 r  u_tlb_manager/u_tlb/refill_q_v_i_24/O
                         net (fo=14, unplaced)        0.989     8.292    u_tlb_manager/u_tlb/s0_group_hit1329_out
                         LUT6 (Prop_lut6_I1_O)        0.105     8.397 r  u_tlb_manager/u_tlb/refill_q_v_i_9/O
                         net (fo=13, unplaced)        0.578     8.975    u_tlb_manager/u_tlb/s0_index_r1
                         LUT6 (Prop_lut6_I2_O)        0.105     9.080 r  u_tlb_manager/u_tlb/refill_q_v_i_89__0/O
                         net (fo=102, unplaced)       0.447     9.527    u_tlb_manager/u_tlb/refill_q_v_i_89__0_n_0
                         LUT6 (Prop_lut6_I4_O)        0.105     9.632 r  u_tlb_manager/u_tlb/refill_q_v_i_44/O
                         net (fo=1, unplaced)         0.938    10.570    u_tlb_manager/u_tlb/refill_q_v_i_44_n_0
                         LUT6 (Prop_lut6_I0_O)        0.105    10.675 r  u_tlb_manager/u_tlb/refill_q_v_i_18/O
                         net (fo=1, unplaced)         0.000    10.675    u_tlb_manager/u_tlb/refill_q_v_i_18_n_0
                         MUXF7 (Prop_muxf7_I1_O)      0.206    10.881 r  u_tlb_manager/u_tlb/refill_q_v_reg_i_6/O
                         net (fo=1, unplaced)         0.349    11.230    u_tlb_manager/u_tlb/tlb_v1
                         LUT6 (Prop_lut6_I5_O)        0.242    11.472 r  u_tlb_manager/u_tlb/refill_q_v_i_1/O
                         net (fo=2, unplaced)         0.000    11.472    u_tlb_manager/u_l1_tlb_i/s0_v
                         FDRE                                         r  u_tlb_manager/u_l1_tlb_i/refill_q_v_reg/D
  -------------------------------------------------------------------    -------------------

                         (clock cpu_clk rise edge)   11.111    11.111 r  
                                                      0.000    11.111 r  aclk (IN)
                         net (fo=34009, unset)        0.748    11.859    u_tlb_manager/u_l1_tlb_i/aclk
                         FDRE                                         r  u_tlb_manager/u_l1_tlb_i/refill_q_v_reg/C
                         clock pessimism              0.000    11.859    
                         clock uncertainty           -0.035    11.823    
                         FDRE (Setup_fdre_C_D)        0.029    11.852    u_tlb_manager/u_l1_tlb_i/refill_q_v_reg
  -------------------------------------------------------------------
                         required time                         11.852    
                         arrival time                         -11.472    
  -------------------------------------------------------------------
                         slack                                  0.380    

Slack (MET) :             0.509ns  (required time - arrival time)
  Source:                 u_ftq/ifu_ptr_reg[0]/C
                            (rising edge-triggered cell FDRE clocked by cpu_clk  {rise@0.000ns fall@5.556ns period=11.111ns})
  Destination:            u_tlb_manager/imain_ps_q_reg[0]/D
                            (rising edge-triggered cell FDRE clocked by cpu_clk  {rise@0.000ns fall@5.556ns period=11.111ns})
  Path Group:             cpu_clk
  Path Type:              Setup (Max at Slow Process Corner)
  Requirement:            11.111ns  (cpu_clk rise@11.111ns - cpu_clk rise@0.000ns)
  Data Path Delay:        10.556ns  (logic 2.687ns (25.455%)  route 7.869ns (74.545%))
  Logic Levels:           15  (CARRY4=2 LUT3=3 LUT6=10)
  Clock Path Skew:        -0.039ns (DCD - SCD + CPR)
    Destination Clock Delay (DCD):    0.748ns = ( 11.859 - 11.111 ) 
    Source Clock Delay      (SCD):    0.787ns
    Clock Pessimism Removal (CPR):    0.000ns
  Clock Uncertainty:      0.035ns  ((TSJ^2 + TIJ^2)^1/2 + DJ) / 2 + PE
    Total System Jitter     (TSJ):    0.071ns
    Total Input Jitter      (TIJ):    0.000ns
    Discrete Jitter          (DJ):    0.000ns
    Phase Error              (PE):    0.000ns

    Location             Delay type                Incr(ns)  Path(ns)    Netlist Resource(s)
  -------------------------------------------------------------------    -------------------
                         (clock cpu_clk rise edge)    0.000     0.000 r  
                                                      0.000     0.000 r  aclk (IN)
                         net (fo=34009, unset)        0.787     0.787    u_ftq/aclk
                         FDRE                                         r  u_ftq/ifu_ptr_reg[0]/C
  -------------------------------------------------------------------    -------------------
                         FDRE (Prop_fdre_C_Q)         0.379     1.166 r  u_ftq/ifu_ptr_reg[0]/Q
                         net (fo=76, unplaced)        0.872     2.038    u_ftq/Q[0]
                         LUT6 (Prop_lut6_I0_O)        0.232     2.270 f  u_ftq/pre_paddr[11]_i_5/O
                         net (fo=1, unplaced)         0.347     2.617    u_ftq/pre_paddr[11]_i_5_n_0
                         LUT6 (Prop_lut6_I5_O)        0.105     2.722 r  u_ftq/pre_paddr[11]_i_3/O
                         net (fo=3, unplaced)         0.346     3.068    u_ftq/pre_paddr[11]_i_3_n_0
                         LUT3 (Prop_lut3_I1_O)        0.105     3.173 r  u_ftq/pre_paddr[11]_i_2/O
                         net (fo=66, unplaced)        0.436     3.609    u_ftq/ftq_ifu_valid
                         LUT3 (Prop_lut3_I1_O)        0.105     3.714 r  u_ftq/refill_q_key[4]_i_1/O
                         net (fo=44, unplaced)        0.661     4.375    u_ftq/ifu_mmu_vaddr[4]
                         LUT6 (Prop_lut6_I0_O)        0.105     4.480 r  u_ftq/imain_found_q_i_492/O
                         net (fo=1, unplaced)         0.000     4.480    u_ftq/imain_found_q_i_492_n_0
                         CARRY4 (Prop_carry4_S[1]_CO[3])
                                                      0.457     4.937 r  u_ftq/imain_found_q_reg_i_246/CO[3]
                         net (fo=1, unplaced)         0.008     4.945    u_ftq/imain_found_q_reg_i_246_n_0
                         CARRY4 (Prop_carry4_CI_CO[2])
                                                      0.209     5.154 f  u_ftq/imain_found_q_reg_i_72/CO[2]
                         net (fo=1, unplaced)         0.349     5.503    u_tlb_manager/u_tlb/refill_q_ps[5]_i_47_1[0]
                         LUT6 (Prop_lut6_I2_O)        0.252     5.755 f  u_tlb_manager/u_tlb/imain_found_q_i_17/O
                         net (fo=6, unplaced)         0.970     6.725    u_tlb_manager/u_tlb/match0_27
                         LUT6 (Prop_lut6_I1_O)        0.105     6.830 f  u_tlb_manager/u_tlb/refill_q_v_i_50/O
                         net (fo=3, unplaced)         0.365     7.195    u_tlb_manager/u_tlb/refill_q_v_i_50_n_0
                         LUT3 (Prop_lut3_I1_O)        0.108     7.303 r  u_tlb_manager/u_tlb/refill_q_v_i_24/O
                         net (fo=14, unplaced)        0.989     8.292    u_tlb_manager/u_tlb/s0_group_hit1329_out
                         LUT6 (Prop_lut6_I1_O)        0.105     8.397 r  u_tlb_manager/u_tlb/refill_q_v_i_9/O
                         net (fo=13, unplaced)        0.578     8.975    u_tlb_manager/u_tlb/s0_index_r1
                         LUT6 (Prop_lut6_I2_O)        0.105     9.080 r  u_tlb_manager/u_tlb/refill_q_ps[5]_i_17/O
                         net (fo=48, unplaced)        0.428     9.508    u_tlb_manager/u_tlb/s0_index_r[0]
                         LUT6 (Prop_lut6_I4_O)        0.105     9.613 r  u_tlb_manager/u_tlb/refill_q_ps[0]_i_5/O
                         net (fo=1, unplaced)         0.938    10.551    u_tlb_manager/u_tlb/refill_q_ps[0]_i_5_n_0
                         LUT6 (Prop_lut6_I0_O)        0.105    10.656 r  u_tlb_manager/u_tlb/refill_q_ps[0]_i_2/O
                         net (fo=1, unplaced)         0.582    11.238    u_tlb_manager/u_tlb/refill_q_ps[0]_i_2_n_0
                         LUT6 (Prop_lut6_I1_O)        0.105    11.343 r  u_tlb_manager/u_tlb/refill_q_ps[0]_i_1/O
                         net (fo=2, unplaced)         0.000    11.343    u_tlb_manager/s0_ps[0]
                         FDRE                                         r  u_tlb_manager/imain_ps_q_reg[0]/D
  -------------------------------------------------------------------    -------------------

                         (clock cpu_clk rise edge)   11.111    11.111 r  
                                                      0.000    11.111 r  aclk (IN)
                         net (fo=34009, unset)        0.748    11.859    u_tlb_manager/aclk
                         FDRE                                         r  u_tlb_manager/imain_ps_q_reg[0]/C
                         clock pessimism              0.000    11.859    
                         clock uncertainty           -0.035    11.823    
                         FDRE (Setup_fdre_C_D)        0.029    11.852    u_tlb_manager/imain_ps_q_reg[0]
  -------------------------------------------------------------------
                         required time                         11.852    
                         arrival time                         -11.343    
  -------------------------------------------------------------------
                         slack                                  0.509    

Slack (MET) :             0.509ns  (required time - arrival time)
  Source:                 u_ftq/ifu_ptr_reg[0]/C
                            (rising edge-triggered cell FDRE clocked by cpu_clk  {rise@0.000ns fall@5.556ns period=11.111ns})
  Destination:            u_tlb_manager/imain_ps_q_reg[1]/D
                            (rising edge-triggered cell FDRE clocked by cpu_clk  {rise@0.000ns fall@5.556ns period=11.111ns})
  Path Group:             cpu_clk
  Path Type:              Setup (Max at Slow Process Corner)
  Requirement:            11.111ns  (cpu_clk rise@11.111ns - cpu_clk rise@0.000ns)
  Data Path Delay:        10.556ns  (logic 2.687ns (25.455%)  route 7.869ns (74.545%))
  Logic Levels:           15  (CARRY4=2 LUT3=3 LUT6=10)
  Clock Path Skew:        -0.039ns (DCD - SCD + CPR)
    Destination Clock Delay (DCD):    0.748ns = ( 11.859 - 11.111 ) 
    Source Clock Delay      (SCD):    0.787ns
    Clock Pessimism Removal (CPR):    0.000ns
  Clock Uncertainty:      0.035ns  ((TSJ^2 + TIJ^2)^1/2 + DJ) / 2 + PE
    Total System Jitter     (TSJ):    0.071ns
    Total Input Jitter      (TIJ):    0.000ns
    Discrete Jitter          (DJ):    0.000ns
    Phase Error              (PE):    0.000ns

    Location             Delay type                Incr(ns)  Path(ns)    Netlist Resource(s)
  -------------------------------------------------------------------    -------------------
                         (clock cpu_clk rise edge)    0.000     0.000 r  
                                                      0.000     0.000 r  aclk (IN)
                         net (fo=34009, unset)        0.787     0.787    u_ftq/aclk
                         FDRE                                         r  u_ftq/ifu_ptr_reg[0]/C
  -------------------------------------------------------------------    -------------------
                         FDRE (Prop_fdre_C_Q)         0.379     1.166 r  u_ftq/ifu_ptr_reg[0]/Q
                         net (fo=76, unplaced)        0.872     2.038    u_ftq/Q[0]
                         LUT6 (Prop_lut6_I0_O)        0.232     2.270 f  u_ftq/pre_paddr[11]_i_5/O
                         net (fo=1, unplaced)         0.347     2.617    u_ftq/pre_paddr[11]_i_5_n_0
                         LUT6 (Prop_lut6_I5_O)        0.105     2.722 r  u_ftq/pre_paddr[11]_i_3/O
                         net (fo=3, unplaced)         0.346     3.068    u_ftq/pre_paddr[11]_i_3_n_0
                         LUT3 (Prop_lut3_I1_O)        0.105     3.173 r  u_ftq/pre_paddr[11]_i_2/O
                         net (fo=66, unplaced)        0.436     3.609    u_ftq/ftq_ifu_valid
                         LUT3 (Prop_lut3_I1_O)        0.105     3.714 r  u_ftq/refill_q_key[4]_i_1/O
                         net (fo=44, unplaced)        0.661     4.375    u_ftq/ifu_mmu_vaddr[4]
                         LUT6 (Prop_lut6_I0_O)        0.105     4.480 r  u_ftq/imain_found_q_i_492/O
                         net (fo=1, unplaced)         0.000     4.480    u_ftq/imain_found_q_i_492_n_0
                         CARRY4 (Prop_carry4_S[1]_CO[3])
                                                      0.457     4.937 r  u_ftq/imain_found_q_reg_i_246/CO[3]
                         net (fo=1, unplaced)         0.008     4.945    u_ftq/imain_found_q_reg_i_246_n_0
                         CARRY4 (Prop_carry4_CI_CO[2])
                                                      0.209     5.154 f  u_ftq/imain_found_q_reg_i_72/CO[2]
                         net (fo=1, unplaced)         0.349     5.503    u_tlb_manager/u_tlb/refill_q_ps[5]_i_47_1[0]
                         LUT6 (Prop_lut6_I2_O)        0.252     5.755 f  u_tlb_manager/u_tlb/imain_found_q_i_17/O
                         net (fo=6, unplaced)         0.970     6.725    u_tlb_manager/u_tlb/match0_27
                         LUT6 (Prop_lut6_I1_O)        0.105     6.830 f  u_tlb_manager/u_tlb/refill_q_v_i_50/O
                         net (fo=3, unplaced)         0.365     7.195    u_tlb_manager/u_tlb/refill_q_v_i_50_n_0
                         LUT3 (Prop_lut3_I1_O)        0.108     7.303 r  u_tlb_manager/u_tlb/refill_q_v_i_24/O
                         net (fo=14, unplaced)        0.989     8.292    u_tlb_manager/u_tlb/s0_group_hit1329_out
                         LUT6 (Prop_lut6_I1_O)        0.105     8.397 r  u_tlb_manager/u_tlb/refill_q_v_i_9/O
                         net (fo=13, unplaced)        0.578     8.975    u_tlb_manager/u_tlb/s0_index_r1
                         LUT6 (Prop_lut6_I2_O)        0.105     9.080 r  u_tlb_manager/u_tlb/refill_q_ps[5]_i_17/O
                         net (fo=48, unplaced)        0.428     9.508    u_tlb_manager/u_tlb/s0_index_r[0]
                         LUT6 (Prop_lut6_I4_O)        0.105     9.613 r  u_tlb_manager/u_tlb/refill_q_ps[1]_i_5/O
                         net (fo=1, unplaced)         0.938    10.551    u_tlb_manager/u_tlb/refill_q_ps[1]_i_5_n_0
                         LUT6 (Prop_lut6_I0_O)        0.105    10.656 r  u_tlb_manager/u_tlb/refill_q_ps[1]_i_2/O
                         net (fo=1, unplaced)         0.582    11.238    u_tlb_manager/u_tlb/refill_q_ps[1]_i_2_n_0
                         LUT6 (Prop_lut6_I1_O)        0.105    11.343 r  u_tlb_manager/u_tlb/refill_q_ps[1]_i_1/O
                         net (fo=2, unplaced)         0.000    11.343    u_tlb_manager/s0_ps[1]
                         FDRE                                         r  u_tlb_manager/imain_ps_q_reg[1]/D
  -------------------------------------------------------------------    -------------------

                         (clock cpu_clk rise edge)   11.111    11.111 r  
                                                      0.000    11.111 r  aclk (IN)
                         net (fo=34009, unset)        0.748    11.859    u_tlb_manager/aclk
                         FDRE                                         r  u_tlb_manager/imain_ps_q_reg[1]/C
                         clock pessimism              0.000    11.859    
                         clock uncertainty           -0.035    11.823    
                         FDRE (Setup_fdre_C_D)        0.029    11.852    u_tlb_manager/imain_ps_q_reg[1]
  -------------------------------------------------------------------
                         required time                         11.852    
                         arrival time                         -11.343    
  -------------------------------------------------------------------
                         slack                                  0.509    

Slack (MET) :             0.509ns  (required time - arrival time)
  Source:                 u_ftq/ifu_ptr_reg[0]/C
                            (rising edge-triggered cell FDRE clocked by cpu_clk  {rise@0.000ns fall@5.556ns period=11.111ns})
  Destination:            u_tlb_manager/imain_ps_q_reg[2]/D
                            (rising edge-triggered cell FDSE clocked by cpu_clk  {rise@0.000ns fall@5.556ns period=11.111ns})
  Path Group:             cpu_clk
  Path Type:              Setup (Max at Slow Process Corner)
  Requirement:            11.111ns  (cpu_clk rise@11.111ns - cpu_clk rise@0.000ns)
  Data Path Delay:        10.556ns  (logic 2.687ns (25.455%)  route 7.869ns (74.545%))
  Logic Levels:           15  (CARRY4=2 LUT3=3 LUT6=10)
  Clock Path Skew:        -0.039ns (DCD - SCD + CPR)
    Destination Clock Delay (DCD):    0.748ns = ( 11.859 - 11.111 ) 
    Source Clock Delay      (SCD):    0.787ns
    Clock Pessimism Removal (CPR):    0.000ns
  Clock Uncertainty:      0.035ns  ((TSJ^2 + TIJ^2)^1/2 + DJ) / 2 + PE
    Total System Jitter     (TSJ):    0.071ns
    Total Input Jitter      (TIJ):    0.000ns
    Discrete Jitter          (DJ):    0.000ns
    Phase Error              (PE):    0.000ns

    Location             Delay type                Incr(ns)  Path(ns)    Netlist Resource(s)
  -------------------------------------------------------------------    -------------------
                         (clock cpu_clk rise edge)    0.000     0.000 r  
                                                      0.000     0.000 r  aclk (IN)
                         net (fo=34009, unset)        0.787     0.787    u_ftq/aclk
                         FDRE                                         r  u_ftq/ifu_ptr_reg[0]/C
  -------------------------------------------------------------------    -------------------
                         FDRE (Prop_fdre_C_Q)         0.379     1.166 r  u_ftq/ifu_ptr_reg[0]/Q
                         net (fo=76, unplaced)        0.872     2.038    u_ftq/Q[0]
                         LUT6 (Prop_lut6_I0_O)        0.232     2.270 f  u_ftq/pre_paddr[11]_i_5/O
                         net (fo=1, unplaced)         0.347     2.617    u_ftq/pre_paddr[11]_i_5_n_0
                         LUT6 (Prop_lut6_I5_O)        0.105     2.722 r  u_ftq/pre_paddr[11]_i_3/O
                         net (fo=3, unplaced)         0.346     3.068    u_ftq/pre_paddr[11]_i_3_n_0
                         LUT3 (Prop_lut3_I1_O)        0.105     3.173 r  u_ftq/pre_paddr[11]_i_2/O
                         net (fo=66, unplaced)        0.436     3.609    u_ftq/ftq_ifu_valid
                         LUT3 (Prop_lut3_I1_O)        0.105     3.714 r  u_ftq/refill_q_key[4]_i_1/O
                         net (fo=44, unplaced)        0.661     4.375    u_ftq/ifu_mmu_vaddr[4]
                         LUT6 (Prop_lut6_I0_O)        0.105     4.480 r  u_ftq/imain_found_q_i_492/O
                         net (fo=1, unplaced)         0.000     4.480    u_ftq/imain_found_q_i_492_n_0
                         CARRY4 (Prop_carry4_S[1]_CO[3])
                                                      0.457     4.937 r  u_ftq/imain_found_q_reg_i_246/CO[3]
                         net (fo=1, unplaced)         0.008     4.945    u_ftq/imain_found_q_reg_i_246_n_0
                         CARRY4 (Prop_carry4_CI_CO[2])
                                                      0.209     5.154 f  u_ftq/imain_found_q_reg_i_72/CO[2]
                         net (fo=1, unplaced)         0.349     5.503    u_tlb_manager/u_tlb/refill_q_ps[5]_i_47_1[0]
                         LUT6 (Prop_lut6_I2_O)        0.252     5.755 f  u_tlb_manager/u_tlb/imain_found_q_i_17/O
                         net (fo=6, unplaced)         0.970     6.725    u_tlb_manager/u_tlb/match0_27
                         LUT6 (Prop_lut6_I1_O)        0.105     6.830 f  u_tlb_manager/u_tlb/refill_q_v_i_50/O
                         net (fo=3, unplaced)         0.365     7.195    u_tlb_manager/u_tlb/refill_q_v_i_50_n_0
                         LUT3 (Prop_lut3_I1_O)        0.108     7.303 r  u_tlb_manager/u_tlb/refill_q_v_i_24/O
                         net (fo=14, unplaced)        0.989     8.292    u_tlb_manager/u_tlb/s0_group_hit1329_out
                         LUT6 (Prop_lut6_I1_O)        0.105     8.397 r  u_tlb_manager/u_tlb/refill_q_v_i_9/O
                         net (fo=13, unplaced)        0.578     8.975    u_tlb_manager/u_tlb/s0_index_r1
                         LUT6 (Prop_lut6_I2_O)        0.105     9.080 r  u_tlb_manager/u_tlb/refill_q_ps[5]_i_17/O
                         net (fo=48, unplaced)        0.428     9.508    u_tlb_manager/u_tlb/s0_index_r[0]
                         LUT6 (Prop_lut6_I4_O)        0.105     9.613 r  u_tlb_manager/u_tlb/refill_q_ps[2]_i_5/O
                         net (fo=1, unplaced)         0.938    10.551    u_tlb_manager/u_tlb/refill_q_ps[2]_i_5_n_0
                         LUT6 (Prop_lut6_I0_O)        0.105    10.656 r  u_tlb_manager/u_tlb/refill_q_ps[2]_i_2/O
                         net (fo=1, unplaced)         0.582    11.238    u_tlb_manager/u_tlb/refill_q_ps[2]_i_2_n_0
                         LUT6 (Prop_lut6_I1_O)        0.105    11.343 r  u_tlb_manager/u_tlb/refill_q_ps[2]_i_1/O
                         net (fo=2, unplaced)         0.000    11.343    u_tlb_manager/s0_ps[2]
                         FDSE                                         r  u_tlb_manager/imain_ps_q_reg[2]/D
  -------------------------------------------------------------------    -------------------

                         (clock cpu_clk rise edge)   11.111    11.111 r  
                                                      0.000    11.111 r  aclk (IN)
                         net (fo=34009, unset)        0.748    11.859    u_tlb_manager/aclk
                         FDSE                                         r  u_tlb_manager/imain_ps_q_reg[2]/C
                         clock pessimism              0.000    11.859    
                         clock uncertainty           -0.035    11.823    
                         FDSE (Setup_fdse_C_D)        0.029    11.852    u_tlb_manager/imain_ps_q_reg[2]
  -------------------------------------------------------------------
                         required time                         11.852    
                         arrival time                         -11.343    
  -------------------------------------------------------------------
                         slack                                  0.509    

Slack (MET) :             0.509ns  (required time - arrival time)
  Source:                 u_ftq/ifu_ptr_reg[0]/C
                            (rising edge-triggered cell FDRE clocked by cpu_clk  {rise@0.000ns fall@5.556ns period=11.111ns})
  Destination:            u_tlb_manager/imain_ps_q_reg[3]/D
                            (rising edge-triggered cell FDSE clocked by cpu_clk  {rise@0.000ns fall@5.556ns period=11.111ns})
  Path Group:             cpu_clk
  Path Type:              Setup (Max at Slow Process Corner)
  Requirement:            11.111ns  (cpu_clk rise@11.111ns - cpu_clk rise@0.000ns)
  Data Path Delay:        10.556ns  (logic 2.687ns (25.455%)  route 7.869ns (74.545%))
  Logic Levels:           15  (CARRY4=2 LUT3=3 LUT6=10)
  Clock Path Skew:        -0.039ns (DCD - SCD + CPR)
    Destination Clock Delay (DCD):    0.748ns = ( 11.859 - 11.111 ) 
    Source Clock Delay      (SCD):    0.787ns
    Clock Pessimism Removal (CPR):    0.000ns
  Clock Uncertainty:      0.035ns  ((TSJ^2 + TIJ^2)^1/2 + DJ) / 2 + PE
    Total System Jitter     (TSJ):    0.071ns
    Total Input Jitter      (TIJ):    0.000ns
    Discrete Jitter          (DJ):    0.000ns
    Phase Error              (PE):    0.000ns

    Location             Delay type                Incr(ns)  Path(ns)    Netlist Resource(s)
  -------------------------------------------------------------------    -------------------
                         (clock cpu_clk rise edge)    0.000     0.000 r  
                                                      0.000     0.000 r  aclk (IN)
                         net (fo=34009, unset)        0.787     0.787    u_ftq/aclk
                         FDRE                                         r  u_ftq/ifu_ptr_reg[0]/C
  -------------------------------------------------------------------    -------------------
                         FDRE (Prop_fdre_C_Q)         0.379     1.166 r  u_ftq/ifu_ptr_reg[0]/Q
                         net (fo=76, unplaced)        0.872     2.038    u_ftq/Q[0]
                         LUT6 (Prop_lut6_I0_O)        0.232     2.270 f  u_ftq/pre_paddr[11]_i_5/O
                         net (fo=1, unplaced)         0.347     2.617    u_ftq/pre_paddr[11]_i_5_n_0
                         LUT6 (Prop_lut6_I5_O)        0.105     2.722 r  u_ftq/pre_paddr[11]_i_3/O
                         net (fo=3, unplaced)         0.346     3.068    u_ftq/pre_paddr[11]_i_3_n_0
                         LUT3 (Prop_lut3_I1_O)        0.105     3.173 r  u_ftq/pre_paddr[11]_i_2/O
                         net (fo=66, unplaced)        0.436     3.609    u_ftq/ftq_ifu_valid
                         LUT3 (Prop_lut3_I1_O)        0.105     3.714 r  u_ftq/refill_q_key[4]_i_1/O
                         net (fo=44, unplaced)        0.661     4.375    u_ftq/ifu_mmu_vaddr[4]
                         LUT6 (Prop_lut6_I0_O)        0.105     4.480 r  u_ftq/imain_found_q_i_492/O
                         net (fo=1, unplaced)         0.000     4.480    u_ftq/imain_found_q_i_492_n_0
                         CARRY4 (Prop_carry4_S[1]_CO[3])
                                                      0.457     4.937 r  u_ftq/imain_found_q_reg_i_246/CO[3]
                         net (fo=1, unplaced)         0.008     4.945    u_ftq/imain_found_q_reg_i_246_n_0
                         CARRY4 (Prop_carry4_CI_CO[2])
                                                      0.209     5.154 f  u_ftq/imain_found_q_reg_i_72/CO[2]
                         net (fo=1, unplaced)         0.349     5.503    u_tlb_manager/u_tlb/refill_q_ps[5]_i_47_1[0]
                         LUT6 (Prop_lut6_I2_O)        0.252     5.755 f  u_tlb_manager/u_tlb/imain_found_q_i_17/O
                         net (fo=6, unplaced)         0.970     6.725    u_tlb_manager/u_tlb/match0_27
                         LUT6 (Prop_lut6_I1_O)        0.105     6.830 f  u_tlb_manager/u_tlb/refill_q_v_i_50/O
                         net (fo=3, unplaced)         0.365     7.195    u_tlb_manager/u_tlb/refill_q_v_i_50_n_0
                         LUT3 (Prop_lut3_I1_O)        0.108     7.303 r  u_tlb_manager/u_tlb/refill_q_v_i_24/O
                         net (fo=14, unplaced)        0.989     8.292    u_tlb_manager/u_tlb/s0_group_hit1329_out
                         LUT6 (Prop_lut6_I1_O)        0.105     8.397 r  u_tlb_manager/u_tlb/refill_q_v_i_9/O
                         net (fo=13, unplaced)        0.578     8.975    u_tlb_manager/u_tlb/s0_index_r1
                         LUT6 (Prop_lut6_I2_O)        0.105     9.080 r  u_tlb_manager/u_tlb/refill_q_ps[5]_i_17/O
                         net (fo=48, unplaced)        0.428     9.508    u_tlb_manager/u_tlb/s0_index_r[0]
                         LUT6 (Prop_lut6_I4_O)        0.105     9.613 r  u_tlb_manager/u_tlb/refill_q_ps[3]_i_5/O
                         net (fo=1, unplaced)         0.938    10.551    u_tlb_manager/u_tlb/refill_q_ps[3]_i_5_n_0
                         LUT6 (Prop_lut6_I0_O)        0.105    10.656 r  u_tlb_manager/u_tlb/refill_q_ps[3]_i_2/O
                         net (fo=1, unplaced)         0.582    11.238    u_tlb_manager/u_tlb/refill_q_ps[3]_i_2_n_0
                         LUT6 (Prop_lut6_I1_O)        0.105    11.343 r  u_tlb_manager/u_tlb/refill_q_ps[3]_i_1/O
                         net (fo=2, unplaced)         0.000    11.343    u_tlb_manager/s0_ps[3]
                         FDSE                                         r  u_tlb_manager/imain_ps_q_reg[3]/D
  -------------------------------------------------------------------    -------------------

                         (clock cpu_clk rise edge)   11.111    11.111 r  
                                                      0.000    11.111 r  aclk (IN)
                         net (fo=34009, unset)        0.748    11.859    u_tlb_manager/aclk
                         FDSE                                         r  u_tlb_manager/imain_ps_q_reg[3]/C
                         clock pessimism              0.000    11.859    
                         clock uncertainty           -0.035    11.823    
                         FDSE (Setup_fdse_C_D)        0.029    11.852    u_tlb_manager/imain_ps_q_reg[3]
  -------------------------------------------------------------------
                         required time                         11.852    
                         arrival time                         -11.343    
  -------------------------------------------------------------------
                         slack                                  0.509    

Slack (MET) :             0.509ns  (required time - arrival time)
  Source:                 u_ftq/ifu_ptr_reg[0]/C
                            (rising edge-triggered cell FDRE clocked by cpu_clk  {rise@0.000ns fall@5.556ns period=11.111ns})
  Destination:            u_tlb_manager/imain_ps_q_reg[4]/D
                            (rising edge-triggered cell FDRE clocked by cpu_clk  {rise@0.000ns fall@5.556ns period=11.111ns})
  Path Group:             cpu_clk
  Path Type:              Setup (Max at Slow Process Corner)
  Requirement:            11.111ns  (cpu_clk rise@11.111ns - cpu_clk rise@0.000ns)
  Data Path Delay:        10.556ns  (logic 2.687ns (25.455%)  route 7.869ns (74.545%))
  Logic Levels:           15  (CARRY4=2 LUT3=3 LUT6=10)
  Clock Path Skew:        -0.039ns (DCD - SCD + CPR)
    Destination Clock Delay (DCD):    0.748ns = ( 11.859 - 11.111 ) 
    Source Clock Delay      (SCD):    0.787ns
    Clock Pessimism Removal (CPR):    0.000ns
  Clock Uncertainty:      0.035ns  ((TSJ^2 + TIJ^2)^1/2 + DJ) / 2 + PE
    Total System Jitter     (TSJ):    0.071ns
    Total Input Jitter      (TIJ):    0.000ns
    Discrete Jitter          (DJ):    0.000ns
    Phase Error              (PE):    0.000ns

    Location             Delay type                Incr(ns)  Path(ns)    Netlist Resource(s)
  -------------------------------------------------------------------    -------------------
                         (clock cpu_clk rise edge)    0.000     0.000 r  
                                                      0.000     0.000 r  aclk (IN)
                         net (fo=34009, unset)        0.787     0.787    u_ftq/aclk
                         FDRE                                         r  u_ftq/ifu_ptr_reg[0]/C
  -------------------------------------------------------------------    -------------------
                         FDRE (Prop_fdre_C_Q)         0.379     1.166 r  u_ftq/ifu_ptr_reg[0]/Q
                         net (fo=76, unplaced)        0.872     2.038    u_ftq/Q[0]
                         LUT6 (Prop_lut6_I0_O)        0.232     2.270 f  u_ftq/pre_paddr[11]_i_5/O
                         net (fo=1, unplaced)         0.347     2.617    u_ftq/pre_paddr[11]_i_5_n_0
                         LUT6 (Prop_lut6_I5_O)        0.105     2.722 r  u_ftq/pre_paddr[11]_i_3/O
                         net (fo=3, unplaced)         0.346     3.068    u_ftq/pre_paddr[11]_i_3_n_0
                         LUT3 (Prop_lut3_I1_O)        0.105     3.173 r  u_ftq/pre_paddr[11]_i_2/O
                         net (fo=66, unplaced)        0.436     3.609    u_ftq/ftq_ifu_valid
                         LUT3 (Prop_lut3_I1_O)        0.105     3.714 r  u_ftq/refill_q_key[4]_i_1/O
                         net (fo=44, unplaced)        0.661     4.375    u_ftq/ifu_mmu_vaddr[4]
                         LUT6 (Prop_lut6_I0_O)        0.105     4.480 r  u_ftq/imain_found_q_i_492/O
                         net (fo=1, unplaced)         0.000     4.480    u_ftq/imain_found_q_i_492_n_0
                         CARRY4 (Prop_carry4_S[1]_CO[3])
                                                      0.457     4.937 r  u_ftq/imain_found_q_reg_i_246/CO[3]
                         net (fo=1, unplaced)         0.008     4.945    u_ftq/imain_found_q_reg_i_246_n_0
                         CARRY4 (Prop_carry4_CI_CO[2])
                                                      0.209     5.154 f  u_ftq/imain_found_q_reg_i_72/CO[2]
                         net (fo=1, unplaced)         0.349     5.503    u_tlb_manager/u_tlb/refill_q_ps[5]_i_47_1[0]
                         LUT6 (Prop_lut6_I2_O)        0.252     5.755 f  u_tlb_manager/u_tlb/imain_found_q_i_17/O
                         net (fo=6, unplaced)         0.970     6.725    u_tlb_manager/u_tlb/match0_27
                         LUT6 (Prop_lut6_I1_O)        0.105     6.830 f  u_tlb_manager/u_tlb/refill_q_v_i_50/O
                         net (fo=3, unplaced)         0.365     7.195    u_tlb_manager/u_tlb/refill_q_v_i_50_n_0
                         LUT3 (Prop_lut3_I1_O)        0.108     7.303 r  u_tlb_manager/u_tlb/refill_q_v_i_24/O
                         net (fo=14, unplaced)        0.989     8.292    u_tlb_manager/u_tlb/s0_group_hit1329_out
                         LUT6 (Prop_lut6_I1_O)        0.105     8.397 r  u_tlb_manager/u_tlb/refill_q_v_i_9/O
                         net (fo=13, unplaced)        0.578     8.975    u_tlb_manager/u_tlb/s0_index_r1
                         LUT6 (Prop_lut6_I2_O)        0.105     9.080 r  u_tlb_manager/u_tlb/refill_q_ps[5]_i_17/O
                         net (fo=48, unplaced)        0.428     9.508    u_tlb_manager/u_tlb/s0_index_r[0]
                         LUT6 (Prop_lut6_I4_O)        0.105     9.613 r  u_tlb_manager/u_tlb/refill_q_ps[4]_i_5/O
                         net (fo=1, unplaced)         0.938    10.551    u_tlb_manager/u_tlb/refill_q_ps[4]_i_5_n_0
                         LUT6 (Prop_lut6_I0_O)        0.105    10.656 r  u_tlb_manager/u_tlb/refill_q_ps[4]_i_2/O
                         net (fo=1, unplaced)         0.582    11.238    u_tlb_manager/u_tlb/refill_q_ps[4]_i_2_n_0
                         LUT6 (Prop_lut6_I1_O)        0.105    11.343 r  u_tlb_manager/u_tlb/refill_q_ps[4]_i_1/O
                         net (fo=2, unplaced)         0.000    11.343    u_tlb_manager/s0_ps[4]
                         FDRE                                         r  u_tlb_manager/imain_ps_q_reg[4]/D
  -------------------------------------------------------------------    -------------------

                         (clock cpu_clk rise edge)   11.111    11.111 r  
                                                      0.000    11.111 r  aclk (IN)
                         net (fo=34009, unset)        0.748    11.859    u_tlb_manager/aclk
                         FDRE                                         r  u_tlb_manager/imain_ps_q_reg[4]/C
                         clock pessimism              0.000    11.859    
                         clock uncertainty           -0.035    11.823    
                         FDRE (Setup_fdre_C_D)        0.029    11.852    u_tlb_manager/imain_ps_q_reg[4]
  -------------------------------------------------------------------
                         required time                         11.852    
                         arrival time                         -11.343    
  -------------------------------------------------------------------
                         slack                                  0.509    

Slack (MET) :             0.509ns  (required time - arrival time)
  Source:                 u_ftq/ifu_ptr_reg[0]/C
                            (rising edge-triggered cell FDRE clocked by cpu_clk  {rise@0.000ns fall@5.556ns period=11.111ns})
  Destination:            u_tlb_manager/imain_ps_q_reg[5]/D
                            (rising edge-triggered cell FDRE clocked by cpu_clk  {rise@0.000ns fall@5.556ns period=11.111ns})
  Path Group:             cpu_clk
  Path Type:              Setup (Max at Slow Process Corner)
  Requirement:            11.111ns  (cpu_clk rise@11.111ns - cpu_clk rise@0.000ns)
  Data Path Delay:        10.556ns  (logic 2.687ns (25.455%)  route 7.869ns (74.545%))
  Logic Levels:           15  (CARRY4=2 LUT3=3 LUT6=10)
  Clock Path Skew:        -0.039ns (DCD - SCD + CPR)
    Destination Clock Delay (DCD):    0.748ns = ( 11.859 - 11.111 ) 
    Source Clock Delay      (SCD):    0.787ns
    Clock Pessimism Removal (CPR):    0.000ns
  Clock Uncertainty:      0.035ns  ((TSJ^2 + TIJ^2)^1/2 + DJ) / 2 + PE
    Total System Jitter     (TSJ):    0.071ns
    Total Input Jitter      (TIJ):    0.000ns
    Discrete Jitter          (DJ):    0.000ns
    Phase Error              (PE):    0.000ns

    Location             Delay type                Incr(ns)  Path(ns)    Netlist Resource(s)
  -------------------------------------------------------------------    -------------------
                         (clock cpu_clk rise edge)    0.000     0.000 r  
                                                      0.000     0.000 r  aclk (IN)
                         net (fo=34009, unset)        0.787     0.787    u_ftq/aclk
                         FDRE                                         r  u_ftq/ifu_ptr_reg[0]/C
  -------------------------------------------------------------------    -------------------
                         FDRE (Prop_fdre_C_Q)         0.379     1.166 r  u_ftq/ifu_ptr_reg[0]/Q
                         net (fo=76, unplaced)        0.872     2.038    u_ftq/Q[0]
                         LUT6 (Prop_lut6_I0_O)        0.232     2.270 f  u_ftq/pre_paddr[11]_i_5/O
                         net (fo=1, unplaced)         0.347     2.617    u_ftq/pre_paddr[11]_i_5_n_0
                         LUT6 (Prop_lut6_I5_O)        0.105     2.722 r  u_ftq/pre_paddr[11]_i_3/O
                         net (fo=3, unplaced)         0.346     3.068    u_ftq/pre_paddr[11]_i_3_n_0
                         LUT3 (Prop_lut3_I1_O)        0.105     3.173 r  u_ftq/pre_paddr[11]_i_2/O
                         net (fo=66, unplaced)        0.436     3.609    u_ftq/ftq_ifu_valid
                         LUT3 (Prop_lut3_I1_O)        0.105     3.714 r  u_ftq/refill_q_key[4]_i_1/O
                         net (fo=44, unplaced)        0.661     4.375    u_ftq/ifu_mmu_vaddr[4]
                         LUT6 (Prop_lut6_I0_O)        0.105     4.480 r  u_ftq/imain_found_q_i_492/O
                         net (fo=1, unplaced)         0.000     4.480    u_ftq/imain_found_q_i_492_n_0
                         CARRY4 (Prop_carry4_S[1]_CO[3])
                                                      0.457     4.937 r  u_ftq/imain_found_q_reg_i_246/CO[3]
                         net (fo=1, unplaced)         0.008     4.945    u_ftq/imain_found_q_reg_i_246_n_0
                         CARRY4 (Prop_carry4_CI_CO[2])
                                                      0.209     5.154 f  u_ftq/imain_found_q_reg_i_72/CO[2]
                         net (fo=1, unplaced)         0.349     5.503    u_tlb_manager/u_tlb/refill_q_ps[5]_i_47_1[0]
                         LUT6 (Prop_lut6_I2_O)        0.252     5.755 f  u_tlb_manager/u_tlb/imain_found_q_i_17/O
                         net (fo=6, unplaced)         0.970     6.725    u_tlb_manager/u_tlb/match0_27
                         LUT6 (Prop_lut6_I1_O)        0.105     6.830 f  u_tlb_manager/u_tlb/refill_q_v_i_50/O
                         net (fo=3, unplaced)         0.365     7.195    u_tlb_manager/u_tlb/refill_q_v_i_50_n_0
                         LUT3 (Prop_lut3_I1_O)        0.108     7.303 r  u_tlb_manager/u_tlb/refill_q_v_i_24/O
                         net (fo=14, unplaced)        0.989     8.292    u_tlb_manager/u_tlb/s0_group_hit1329_out
                         LUT6 (Prop_lut6_I1_O)        0.105     8.397 r  u_tlb_manager/u_tlb/refill_q_v_i_9/O
                         net (fo=13, unplaced)        0.578     8.975    u_tlb_manager/u_tlb/s0_index_r1
                         LUT6 (Prop_lut6_I2_O)        0.105     9.080 r  u_tlb_manager/u_tlb/refill_q_ps[5]_i_17/O
                         net (fo=48, unplaced)        0.428     9.508    u_tlb_manager/u_tlb/s0_index_r[0]
                         LUT6 (Prop_lut6_I4_O)        0.105     9.613 r  u_tlb_manager/u_tlb/refill_q_ps[5]_i_6/O
                         net (fo=1, unplaced)         0.938    10.551    u_tlb_manager/u_tlb/refill_q_ps[5]_i_6_n_0
                         LUT6 (Prop_lut6_I0_O)        0.105    10.656 r  u_tlb_manager/u_tlb/refill_q_ps[5]_i_2/O
                         net (fo=1, unplaced)         0.582    11.238    u_tlb_manager/u_tlb/refill_q_ps[5]_i_2_n_0
                         LUT6 (Prop_lut6_I1_O)        0.105    11.343 r  u_tlb_manager/u_tlb/refill_q_ps[5]_i_1/O
                         net (fo=2, unplaced)         0.000    11.343    u_tlb_manager/s0_ps[5]
                         FDRE                                         r  u_tlb_manager/imain_ps_q_reg[5]/D
  -------------------------------------------------------------------    -------------------

                         (clock cpu_clk rise edge)   11.111    11.111 r  
                                                      0.000    11.111 r  aclk (IN)
                         net (fo=34009, unset)        0.748    11.859    u_tlb_manager/aclk
                         FDRE                                         r  u_tlb_manager/imain_ps_q_reg[5]/C
                         clock pessimism              0.000    11.859    
                         clock uncertainty           -0.035    11.823    
                         FDRE (Setup_fdre_C_D)        0.029    11.852    u_tlb_manager/imain_ps_q_reg[5]
  -------------------------------------------------------------------
                         required time                         11.852    
                         arrival time                         -11.343    
  -------------------------------------------------------------------
                         slack                                  0.509    

Slack (MET) :             0.509ns  (required time - arrival time)
  Source:                 u_ftq/ifu_ptr_reg[0]/C
                            (rising edge-triggered cell FDRE clocked by cpu_clk  {rise@0.000ns fall@5.556ns period=11.111ns})
  Destination:            u_tlb_manager/u_l1_tlb_i/refill_q_ps_reg[0]/D
                            (rising edge-triggered cell FDRE clocked by cpu_clk  {rise@0.000ns fall@5.556ns period=11.111ns})
  Path Group:             cpu_clk
  Path Type:              Setup (Max at Slow Process Corner)
  Requirement:            11.111ns  (cpu_clk rise@11.111ns - cpu_clk rise@0.000ns)
  Data Path Delay:        10.556ns  (logic 2.687ns (25.455%)  route 7.869ns (74.545%))
  Logic Levels:           15  (CARRY4=2 LUT3=3 LUT6=10)
  Clock Path Skew:        -0.039ns (DCD - SCD + CPR)
    Destination Clock Delay (DCD):    0.748ns = ( 11.859 - 11.111 ) 
    Source Clock Delay      (SCD):    0.787ns
    Clock Pessimism Removal (CPR):    0.000ns
  Clock Uncertainty:      0.035ns  ((TSJ^2 + TIJ^2)^1/2 + DJ) / 2 + PE
    Total System Jitter     (TSJ):    0.071ns
    Total Input Jitter      (TIJ):    0.000ns
    Discrete Jitter          (DJ):    0.000ns
    Phase Error              (PE):    0.000ns

    Location             Delay type                Incr(ns)  Path(ns)    Netlist Resource(s)
  -------------------------------------------------------------------    -------------------
                         (clock cpu_clk rise edge)    0.000     0.000 r  
                                                      0.000     0.000 r  aclk (IN)
                         net (fo=34009, unset)        0.787     0.787    u_ftq/aclk
                         FDRE                                         r  u_ftq/ifu_ptr_reg[0]/C
  -------------------------------------------------------------------    -------------------
                         FDRE (Prop_fdre_C_Q)         0.379     1.166 r  u_ftq/ifu_ptr_reg[0]/Q
                         net (fo=76, unplaced)        0.872     2.038    u_ftq/Q[0]
                         LUT6 (Prop_lut6_I0_O)        0.232     2.270 f  u_ftq/pre_paddr[11]_i_5/O
                         net (fo=1, unplaced)         0.347     2.617    u_ftq/pre_paddr[11]_i_5_n_0
                         LUT6 (Prop_lut6_I5_O)        0.105     2.722 r  u_ftq/pre_paddr[11]_i_3/O
                         net (fo=3, unplaced)         0.346     3.068    u_ftq/pre_paddr[11]_i_3_n_0
                         LUT3 (Prop_lut3_I1_O)        0.105     3.173 r  u_ftq/pre_paddr[11]_i_2/O
                         net (fo=66, unplaced)        0.436     3.609    u_ftq/ftq_ifu_valid
                         LUT3 (Prop_lut3_I1_O)        0.105     3.714 r  u_ftq/refill_q_key[4]_i_1/O
                         net (fo=44, unplaced)        0.661     4.375    u_ftq/ifu_mmu_vaddr[4]
                         LUT6 (Prop_lut6_I0_O)        0.105     4.480 r  u_ftq/imain_found_q_i_492/O
                         net (fo=1, unplaced)         0.000     4.480    u_ftq/imain_found_q_i_492_n_0
                         CARRY4 (Prop_carry4_S[1]_CO[3])
                                                      0.457     4.937 r  u_ftq/imain_found_q_reg_i_246/CO[3]
                         net (fo=1, unplaced)         0.008     4.945    u_ftq/imain_found_q_reg_i_246_n_0
                         CARRY4 (Prop_carry4_CI_CO[2])
                                                      0.209     5.154 f  u_ftq/imain_found_q_reg_i_72/CO[2]
                         net (fo=1, unplaced)         0.349     5.503    u_tlb_manager/u_tlb/refill_q_ps[5]_i_47_1[0]
                         LUT6 (Prop_lut6_I2_O)        0.252     5.755 f  u_tlb_manager/u_tlb/imain_found_q_i_17/O
                         net (fo=6, unplaced)         0.970     6.725    u_tlb_manager/u_tlb/match0_27
                         LUT6 (Prop_lut6_I1_O)        0.105     6.830 f  u_tlb_manager/u_tlb/refill_q_v_i_50/O
                         net (fo=3, unplaced)         0.365     7.195    u_tlb_manager/u_tlb/refill_q_v_i_50_n_0
                         LUT3 (Prop_lut3_I1_O)        0.108     7.303 r  u_tlb_manager/u_tlb/refill_q_v_i_24/O
                         net (fo=14, unplaced)        0.989     8.292    u_tlb_manager/u_tlb/s0_group_hit1329_out
                         LUT6 (Prop_lut6_I1_O)        0.105     8.397 r  u_tlb_manager/u_tlb/refill_q_v_i_9/O
                         net (fo=13, unplaced)        0.578     8.975    u_tlb_manager/u_tlb/s0_index_r1
                         LUT6 (Prop_lut6_I2_O)        0.105     9.080 r  u_tlb_manager/u_tlb/refill_q_ps[5]_i_17/O
                         net (fo=48, unplaced)        0.428     9.508    u_tlb_manager/u_tlb/s0_index_r[0]
                         LUT6 (Prop_lut6_I4_O)        0.105     9.613 r  u_tlb_manager/u_tlb/refill_q_ps[0]_i_5/O
                         net (fo=1, unplaced)         0.938    10.551    u_tlb_manager/u_tlb/refill_q_ps[0]_i_5_n_0
                         LUT6 (Prop_lut6_I0_O)        0.105    10.656 r  u_tlb_manager/u_tlb/refill_q_ps[0]_i_2/O
                         net (fo=1, unplaced)         0.582    11.238    u_tlb_manager/u_tlb/refill_q_ps[0]_i_2_n_0
                         LUT6 (Prop_lut6_I1_O)        0.105    11.343 r  u_tlb_manager/u_tlb/refill_q_ps[0]_i_1/O
                         net (fo=2, unplaced)         0.000    11.343    u_tlb_manager/u_l1_tlb_i/refill_q_ps_reg[5]_0[0]
                         FDRE                                         r  u_tlb_manager/u_l1_tlb_i/refill_q_ps_reg[0]/D
  -------------------------------------------------------------------    -------------------

                         (clock cpu_clk rise edge)   11.111    11.111 r  
                                                      0.000    11.111 r  aclk (IN)
                         net (fo=34009, unset)        0.748    11.859    u_tlb_manager/u_l1_tlb_i/aclk
                         FDRE                                         r  u_tlb_manager/u_l1_tlb_i/refill_q_ps_reg[0]/C
                         clock pessimism              0.000    11.859    
                         clock uncertainty           -0.035    11.823    
                         FDRE (Setup_fdre_C_D)        0.029    11.852    u_tlb_manager/u_l1_tlb_i/refill_q_ps_reg[0]
  -------------------------------------------------------------------
                         required time                         11.852    
                         arrival time                         -11.343    
  -------------------------------------------------------------------
                         slack                                  0.509    

Slack (MET) :             0.509ns  (required time - arrival time)
  Source:                 u_ftq/ifu_ptr_reg[0]/C
                            (rising edge-triggered cell FDRE clocked by cpu_clk  {rise@0.000ns fall@5.556ns period=11.111ns})
  Destination:            u_tlb_manager/u_l1_tlb_i/refill_q_ps_reg[1]/D
                            (rising edge-triggered cell FDRE clocked by cpu_clk  {rise@0.000ns fall@5.556ns period=11.111ns})
  Path Group:             cpu_clk
  Path Type:              Setup (Max at Slow Process Corner)
  Requirement:            11.111ns  (cpu_clk rise@11.111ns - cpu_clk rise@0.000ns)
  Data Path Delay:        10.556ns  (logic 2.687ns (25.455%)  route 7.869ns (74.545%))
  Logic Levels:           15  (CARRY4=2 LUT3=3 LUT6=10)
  Clock Path Skew:        -0.039ns (DCD - SCD + CPR)
    Destination Clock Delay (DCD):    0.748ns = ( 11.859 - 11.111 ) 
    Source Clock Delay      (SCD):    0.787ns
    Clock Pessimism Removal (CPR):    0.000ns
  Clock Uncertainty:      0.035ns  ((TSJ^2 + TIJ^2)^1/2 + DJ) / 2 + PE
    Total System Jitter     (TSJ):    0.071ns
    Total Input Jitter      (TIJ):    0.000ns
    Discrete Jitter          (DJ):    0.000ns
    Phase Error              (PE):    0.000ns

    Location             Delay type                Incr(ns)  Path(ns)    Netlist Resource(s)
  -------------------------------------------------------------------    -------------------
                         (clock cpu_clk rise edge)    0.000     0.000 r  
                                                      0.000     0.000 r  aclk (IN)
                         net (fo=34009, unset)        0.787     0.787    u_ftq/aclk
                         FDRE                                         r  u_ftq/ifu_ptr_reg[0]/C
  -------------------------------------------------------------------    -------------------
                         FDRE (Prop_fdre_C_Q)         0.379     1.166 r  u_ftq/ifu_ptr_reg[0]/Q
                         net (fo=76, unplaced)        0.872     2.038    u_ftq/Q[0]
                         LUT6 (Prop_lut6_I0_O)        0.232     2.270 f  u_ftq/pre_paddr[11]_i_5/O
                         net (fo=1, unplaced)         0.347     2.617    u_ftq/pre_paddr[11]_i_5_n_0
                         LUT6 (Prop_lut6_I5_O)        0.105     2.722 r  u_ftq/pre_paddr[11]_i_3/O
                         net (fo=3, unplaced)         0.346     3.068    u_ftq/pre_paddr[11]_i_3_n_0
                         LUT3 (Prop_lut3_I1_O)        0.105     3.173 r  u_ftq/pre_paddr[11]_i_2/O
                         net (fo=66, unplaced)        0.436     3.609    u_ftq/ftq_ifu_valid
                         LUT3 (Prop_lut3_I1_O)        0.105     3.714 r  u_ftq/refill_q_key[4]_i_1/O
                         net (fo=44, unplaced)        0.661     4.375    u_ftq/ifu_mmu_vaddr[4]
                         LUT6 (Prop_lut6_I0_O)        0.105     4.480 r  u_ftq/imain_found_q_i_492/O
                         net (fo=1, unplaced)         0.000     4.480    u_ftq/imain_found_q_i_492_n_0
                         CARRY4 (Prop_carry4_S[1]_CO[3])
                                                      0.457     4.937 r  u_ftq/imain_found_q_reg_i_246/CO[3]
                         net (fo=1, unplaced)         0.008     4.945    u_ftq/imain_found_q_reg_i_246_n_0
                         CARRY4 (Prop_carry4_CI_CO[2])
                                                      0.209     5.154 f  u_ftq/imain_found_q_reg_i_72/CO[2]
                         net (fo=1, unplaced)         0.349     5.503    u_tlb_manager/u_tlb/refill_q_ps[5]_i_47_1[0]
                         LUT6 (Prop_lut6_I2_O)        0.252     5.755 f  u_tlb_manager/u_tlb/imain_found_q_i_17/O
                         net (fo=6, unplaced)         0.970     6.725    u_tlb_manager/u_tlb/match0_27
                         LUT6 (Prop_lut6_I1_O)        0.105     6.830 f  u_tlb_manager/u_tlb/refill_q_v_i_50/O
                         net (fo=3, unplaced)         0.365     7.195    u_tlb_manager/u_tlb/refill_q_v_i_50_n_0
                         LUT3 (Prop_lut3_I1_O)        0.108     7.303 r  u_tlb_manager/u_tlb/refill_q_v_i_24/O
                         net (fo=14, unplaced)        0.989     8.292    u_tlb_manager/u_tlb/s0_group_hit1329_out
                         LUT6 (Prop_lut6_I1_O)        0.105     8.397 r  u_tlb_manager/u_tlb/refill_q_v_i_9/O
                         net (fo=13, unplaced)        0.578     8.975    u_tlb_manager/u_tlb/s0_index_r1
                         LUT6 (Prop_lut6_I2_O)        0.105     9.080 r  u_tlb_manager/u_tlb/refill_q_ps[5]_i_17/O
                         net (fo=48, unplaced)        0.428     9.508    u_tlb_manager/u_tlb/s0_index_r[0]
                         LUT6 (Prop_lut6_I4_O)        0.105     9.613 r  u_tlb_manager/u_tlb/refill_q_ps[1]_i_5/O
                         net (fo=1, unplaced)         0.938    10.551    u_tlb_manager/u_tlb/refill_q_ps[1]_i_5_n_0
                         LUT6 (Prop_lut6_I0_O)        0.105    10.656 r  u_tlb_manager/u_tlb/refill_q_ps[1]_i_2/O
                         net (fo=1, unplaced)         0.582    11.238    u_tlb_manager/u_tlb/refill_q_ps[1]_i_2_n_0
                         LUT6 (Prop_lut6_I1_O)        0.105    11.343 r  u_tlb_manager/u_tlb/refill_q_ps[1]_i_1/O
                         net (fo=2, unplaced)         0.000    11.343    u_tlb_manager/u_l1_tlb_i/refill_q_ps_reg[5]_0[1]
                         FDRE                                         r  u_tlb_manager/u_l1_tlb_i/refill_q_ps_reg[1]/D
  -------------------------------------------------------------------    -------------------

                         (clock cpu_clk rise edge)   11.111    11.111 r  
                                                      0.000    11.111 r  aclk (IN)
                         net (fo=34009, unset)        0.748    11.859    u_tlb_manager/u_l1_tlb_i/aclk
                         FDRE                                         r  u_tlb_manager/u_l1_tlb_i/refill_q_ps_reg[1]/C
                         clock pessimism              0.000    11.859    
                         clock uncertainty           -0.035    11.823    
                         FDRE (Setup_fdre_C_D)        0.029    11.852    u_tlb_manager/u_l1_tlb_i/refill_q_ps_reg[1]
  -------------------------------------------------------------------
                         required time                         11.852    
                         arrival time                         -11.343    
  -------------------------------------------------------------------
                         slack                                  0.509    

Slack (MET) :             0.509ns  (required time - arrival time)
  Source:                 u_ftq/ifu_ptr_reg[0]/C
                            (rising edge-triggered cell FDRE clocked by cpu_clk  {rise@0.000ns fall@5.556ns period=11.111ns})
  Destination:            u_tlb_manager/u_l1_tlb_i/refill_q_ps_reg[2]/D
                            (rising edge-triggered cell FDRE clocked by cpu_clk  {rise@0.000ns fall@5.556ns period=11.111ns})
  Path Group:             cpu_clk
  Path Type:              Setup (Max at Slow Process Corner)
  Requirement:            11.111ns  (cpu_clk rise@11.111ns - cpu_clk rise@0.000ns)
  Data Path Delay:        10.556ns  (logic 2.687ns (25.455%)  route 7.869ns (74.545%))
  Logic Levels:           15  (CARRY4=2 LUT3=3 LUT6=10)
  Clock Path Skew:        -0.039ns (DCD - SCD + CPR)
    Destination Clock Delay (DCD):    0.748ns = ( 11.859 - 11.111 ) 
    Source Clock Delay      (SCD):    0.787ns
    Clock Pessimism Removal (CPR):    0.000ns
  Clock Uncertainty:      0.035ns  ((TSJ^2 + TIJ^2)^1/2 + DJ) / 2 + PE
    Total System Jitter     (TSJ):    0.071ns
    Total Input Jitter      (TIJ):    0.000ns
    Discrete Jitter          (DJ):    0.000ns
    Phase Error              (PE):    0.000ns

    Location             Delay type                Incr(ns)  Path(ns)    Netlist Resource(s)
  -------------------------------------------------------------------    -------------------
                         (clock cpu_clk rise edge)    0.000     0.000 r  
                                                      0.000     0.000 r  aclk (IN)
                         net (fo=34009, unset)        0.787     0.787    u_ftq/aclk
                         FDRE                                         r  u_ftq/ifu_ptr_reg[0]/C
  -------------------------------------------------------------------    -------------------
                         FDRE (Prop_fdre_C_Q)         0.379     1.166 r  u_ftq/ifu_ptr_reg[0]/Q
                         net (fo=76, unplaced)        0.872     2.038    u_ftq/Q[0]
                         LUT6 (Prop_lut6_I0_O)        0.232     2.270 f  u_ftq/pre_paddr[11]_i_5/O
                         net (fo=1, unplaced)         0.347     2.617    u_ftq/pre_paddr[11]_i_5_n_0
                         LUT6 (Prop_lut6_I5_O)        0.105     2.722 r  u_ftq/pre_paddr[11]_i_3/O
                         net (fo=3, unplaced)         0.346     3.068    u_ftq/pre_paddr[11]_i_3_n_0
                         LUT3 (Prop_lut3_I1_O)        0.105     3.173 r  u_ftq/pre_paddr[11]_i_2/O
                         net (fo=66, unplaced)        0.436     3.609    u_ftq/ftq_ifu_valid
                         LUT3 (Prop_lut3_I1_O)        0.105     3.714 r  u_ftq/refill_q_key[4]_i_1/O
                         net (fo=44, unplaced)        0.661     4.375    u_ftq/ifu_mmu_vaddr[4]
                         LUT6 (Prop_lut6_I0_O)        0.105     4.480 r  u_ftq/imain_found_q_i_492/O
                         net (fo=1, unplaced)         0.000     4.480    u_ftq/imain_found_q_i_492_n_0
                         CARRY4 (Prop_carry4_S[1]_CO[3])
                                                      0.457     4.937 r  u_ftq/imain_found_q_reg_i_246/CO[3]
                         net (fo=1, unplaced)         0.008     4.945    u_ftq/imain_found_q_reg_i_246_n_0
                         CARRY4 (Prop_carry4_CI_CO[2])
                                                      0.209     5.154 f  u_ftq/imain_found_q_reg_i_72/CO[2]
                         net (fo=1, unplaced)         0.349     5.503    u_tlb_manager/u_tlb/refill_q_ps[5]_i_47_1[0]
                         LUT6 (Prop_lut6_I2_O)        0.252     5.755 f  u_tlb_manager/u_tlb/imain_found_q_i_17/O
                         net (fo=6, unplaced)         0.970     6.725    u_tlb_manager/u_tlb/match0_27
                         LUT6 (Prop_lut6_I1_O)        0.105     6.830 f  u_tlb_manager/u_tlb/refill_q_v_i_50/O
                         net (fo=3, unplaced)         0.365     7.195    u_tlb_manager/u_tlb/refill_q_v_i_50_n_0
                         LUT3 (Prop_lut3_I1_O)        0.108     7.303 r  u_tlb_manager/u_tlb/refill_q_v_i_24/O
                         net (fo=14, unplaced)        0.989     8.292    u_tlb_manager/u_tlb/s0_group_hit1329_out
                         LUT6 (Prop_lut6_I1_O)        0.105     8.397 r  u_tlb_manager/u_tlb/refill_q_v_i_9/O
                         net (fo=13, unplaced)        0.578     8.975    u_tlb_manager/u_tlb/s0_index_r1
                         LUT6 (Prop_lut6_I2_O)        0.105     9.080 r  u_tlb_manager/u_tlb/refill_q_ps[5]_i_17/O
                         net (fo=48, unplaced)        0.428     9.508    u_tlb_manager/u_tlb/s0_index_r[0]
                         LUT6 (Prop_lut6_I4_O)        0.105     9.613 r  u_tlb_manager/u_tlb/refill_q_ps[2]_i_5/O
                         net (fo=1, unplaced)         0.938    10.551    u_tlb_manager/u_tlb/refill_q_ps[2]_i_5_n_0
                         LUT6 (Prop_lut6_I0_O)        0.105    10.656 r  u_tlb_manager/u_tlb/refill_q_ps[2]_i_2/O
                         net (fo=1, unplaced)         0.582    11.238    u_tlb_manager/u_tlb/refill_q_ps[2]_i_2_n_0
                         LUT6 (Prop_lut6_I1_O)        0.105    11.343 r  u_tlb_manager/u_tlb/refill_q_ps[2]_i_1/O
                         net (fo=2, unplaced)         0.000    11.343    u_tlb_manager/u_l1_tlb_i/refill_q_ps_reg[5]_0[2]
                         FDRE                                         r  u_tlb_manager/u_l1_tlb_i/refill_q_ps_reg[2]/D
  -------------------------------------------------------------------    -------------------

                         (clock cpu_clk rise edge)   11.111    11.111 r  
                                                      0.000    11.111 r  aclk (IN)
                         net (fo=34009, unset)        0.748    11.859    u_tlb_manager/u_l1_tlb_i/aclk
                         FDRE                                         r  u_tlb_manager/u_l1_tlb_i/refill_q_ps_reg[2]/C
                         clock pessimism              0.000    11.859    
                         clock uncertainty           -0.035    11.823    
                         FDRE (Setup_fdre_C_D)        0.029    11.852    u_tlb_manager/u_l1_tlb_i/refill_q_ps_reg[2]
  -------------------------------------------------------------------
                         required time                         11.852    
                         arrival time                         -11.343    
  -------------------------------------------------------------------
                         slack                                  0.509    

Slack (MET) :             0.509ns  (required time - arrival time)
  Source:                 u_ftq/ifu_ptr_reg[0]/C
                            (rising edge-triggered cell FDRE clocked by cpu_clk  {rise@0.000ns fall@5.556ns period=11.111ns})
  Destination:            u_tlb_manager/u_l1_tlb_i/refill_q_ps_reg[3]/D
                            (rising edge-triggered cell FDRE clocked by cpu_clk  {rise@0.000ns fall@5.556ns period=11.111ns})
  Path Group:             cpu_clk
  Path Type:              Setup (Max at Slow Process Corner)
  Requirement:            11.111ns  (cpu_clk rise@11.111ns - cpu_clk rise@0.000ns)
  Data Path Delay:        10.556ns  (logic 2.687ns (25.455%)  route 7.869ns (74.545%))
  Logic Levels:           15  (CARRY4=2 LUT3=3 LUT6=10)
  Clock Path Skew:        -0.039ns (DCD - SCD + CPR)
    Destination Clock Delay (DCD):    0.748ns = ( 11.859 - 11.111 ) 
    Source Clock Delay      (SCD):    0.787ns
    Clock Pessimism Removal (CPR):    0.000ns
  Clock Uncertainty:      0.035ns  ((TSJ^2 + TIJ^2)^1/2 + DJ) / 2 + PE
    Total System Jitter     (TSJ):    0.071ns
    Total Input Jitter      (TIJ):    0.000ns
    Discrete Jitter          (DJ):    0.000ns
    Phase Error              (PE):    0.000ns

    Location             Delay type                Incr(ns)  Path(ns)    Netlist Resource(s)
  -------------------------------------------------------------------    -------------------
                         (clock cpu_clk rise edge)    0.000     0.000 r  
                                                      0.000     0.000 r  aclk (IN)
                         net (fo=34009, unset)        0.787     0.787    u_ftq/aclk
                         FDRE                                         r  u_ftq/ifu_ptr_reg[0]/C
  -------------------------------------------------------------------    -------------------
                         FDRE (Prop_fdre_C_Q)         0.379     1.166 r  u_ftq/ifu_ptr_reg[0]/Q
                         net (fo=76, unplaced)        0.872     2.038    u_ftq/Q[0]
                         LUT6 (Prop_lut6_I0_O)        0.232     2.270 f  u_ftq/pre_paddr[11]_i_5/O
                         net (fo=1, unplaced)         0.347     2.617    u_ftq/pre_paddr[11]_i_5_n_0
                         LUT6 (Prop_lut6_I5_O)        0.105     2.722 r  u_ftq/pre_paddr[11]_i_3/O
                         net (fo=3, unplaced)         0.346     3.068    u_ftq/pre_paddr[11]_i_3_n_0
                         LUT3 (Prop_lut3_I1_O)        0.105     3.173 r  u_ftq/pre_paddr[11]_i_2/O
                         net (fo=66, unplaced)        0.436     3.609    u_ftq/ftq_ifu_valid
                         LUT3 (Prop_lut3_I1_O)        0.105     3.714 r  u_ftq/refill_q_key[4]_i_1/O
                         net (fo=44, unplaced)        0.661     4.375    u_ftq/ifu_mmu_vaddr[4]
                         LUT6 (Prop_lut6_I0_O)        0.105     4.480 r  u_ftq/imain_found_q_i_492/O
                         net (fo=1, unplaced)         0.000     4.480    u_ftq/imain_found_q_i_492_n_0
                         CARRY4 (Prop_carry4_S[1]_CO[3])
                                                      0.457     4.937 r  u_ftq/imain_found_q_reg_i_246/CO[3]
                         net (fo=1, unplaced)         0.008     4.945    u_ftq/imain_found_q_reg_i_246_n_0
                         CARRY4 (Prop_carry4_CI_CO[2])
                                                      0.209     5.154 f  u_ftq/imain_found_q_reg_i_72/CO[2]
                         net (fo=1, unplaced)         0.349     5.503    u_tlb_manager/u_tlb/refill_q_ps[5]_i_47_1[0]
                         LUT6 (Prop_lut6_I2_O)        0.252     5.755 f  u_tlb_manager/u_tlb/imain_found_q_i_17/O
                         net (fo=6, unplaced)         0.970     6.725    u_tlb_manager/u_tlb/match0_27
                         LUT6 (Prop_lut6_I1_O)        0.105     6.830 f  u_tlb_manager/u_tlb/refill_q_v_i_50/O
                         net (fo=3, unplaced)         0.365     7.195    u_tlb_manager/u_tlb/refill_q_v_i_50_n_0
                         LUT3 (Prop_lut3_I1_O)        0.108     7.303 r  u_tlb_manager/u_tlb/refill_q_v_i_24/O
                         net (fo=14, unplaced)        0.989     8.292    u_tlb_manager/u_tlb/s0_group_hit1329_out
                         LUT6 (Prop_lut6_I1_O)        0.105     8.397 r  u_tlb_manager/u_tlb/refill_q_v_i_9/O
                         net (fo=13, unplaced)        0.578     8.975    u_tlb_manager/u_tlb/s0_index_r1
                         LUT6 (Prop_lut6_I2_O)        0.105     9.080 r  u_tlb_manager/u_tlb/refill_q_ps[5]_i_17/O
                         net (fo=48, unplaced)        0.428     9.508    u_tlb_manager/u_tlb/s0_index_r[0]
                         LUT6 (Prop_lut6_I4_O)        0.105     9.613 r  u_tlb_manager/u_tlb/refill_q_ps[3]_i_5/O
                         net (fo=1, unplaced)         0.938    10.551    u_tlb_manager/u_tlb/refill_q_ps[3]_i_5_n_0
                         LUT6 (Prop_lut6_I0_O)        0.105    10.656 r  u_tlb_manager/u_tlb/refill_q_ps[3]_i_2/O
                         net (fo=1, unplaced)         0.582    11.238    u_tlb_manager/u_tlb/refill_q_ps[3]_i_2_n_0
                         LUT6 (Prop_lut6_I1_O)        0.105    11.343 r  u_tlb_manager/u_tlb/refill_q_ps[3]_i_1/O
                         net (fo=2, unplaced)         0.000    11.343    u_tlb_manager/u_l1_tlb_i/refill_q_ps_reg[5]_0[3]
                         FDRE                                         r  u_tlb_manager/u_l1_tlb_i/refill_q_ps_reg[3]/D
  -------------------------------------------------------------------    -------------------

                         (clock cpu_clk rise edge)   11.111    11.111 r  
                                                      0.000    11.111 r  aclk (IN)
                         net (fo=34009, unset)        0.748    11.859    u_tlb_manager/u_l1_tlb_i/aclk
                         FDRE                                         r  u_tlb_manager/u_l1_tlb_i/refill_q_ps_reg[3]/C
                         clock pessimism              0.000    11.859    
                         clock uncertainty           -0.035    11.823    
                         FDRE (Setup_fdre_C_D)        0.029    11.852    u_tlb_manager/u_l1_tlb_i/refill_q_ps_reg[3]
  -------------------------------------------------------------------
                         required time                         11.852    
                         arrival time                         -11.343    
  -------------------------------------------------------------------
                         slack                                  0.509    

Slack (MET) :             0.509ns  (required time - arrival time)
  Source:                 u_ftq/ifu_ptr_reg[0]/C
                            (rising edge-triggered cell FDRE clocked by cpu_clk  {rise@0.000ns fall@5.556ns period=11.111ns})
  Destination:            u_tlb_manager/u_l1_tlb_i/refill_q_ps_reg[4]/D
                            (rising edge-triggered cell FDRE clocked by cpu_clk  {rise@0.000ns fall@5.556ns period=11.111ns})
  Path Group:             cpu_clk
  Path Type:              Setup (Max at Slow Process Corner)
  Requirement:            11.111ns  (cpu_clk rise@11.111ns - cpu_clk rise@0.000ns)
  Data Path Delay:        10.556ns  (logic 2.687ns (25.455%)  route 7.869ns (74.545%))
  Logic Levels:           15  (CARRY4=2 LUT3=3 LUT6=10)
  Clock Path Skew:        -0.039ns (DCD - SCD + CPR)
    Destination Clock Delay (DCD):    0.748ns = ( 11.859 - 11.111 ) 
    Source Clock Delay      (SCD):    0.787ns
    Clock Pessimism Removal (CPR):    0.000ns
  Clock Uncertainty:      0.035ns  ((TSJ^2 + TIJ^2)^1/2 + DJ) / 2 + PE
    Total System Jitter     (TSJ):    0.071ns
    Total Input Jitter      (TIJ):    0.000ns
    Discrete Jitter          (DJ):    0.000ns
    Phase Error              (PE):    0.000ns

    Location             Delay type                Incr(ns)  Path(ns)    Netlist Resource(s)
  -------------------------------------------------------------------    -------------------
                         (clock cpu_clk rise edge)    0.000     0.000 r  
                                                      0.000     0.000 r  aclk (IN)
                         net (fo=34009, unset)        0.787     0.787    u_ftq/aclk
                         FDRE                                         r  u_ftq/ifu_ptr_reg[0]/C
  -------------------------------------------------------------------    -------------------
                         FDRE (Prop_fdre_C_Q)         0.379     1.166 r  u_ftq/ifu_ptr_reg[0]/Q
                         net (fo=76, unplaced)        0.872     2.038    u_ftq/Q[0]
                         LUT6 (Prop_lut6_I0_O)        0.232     2.270 f  u_ftq/pre_paddr[11]_i_5/O
                         net (fo=1, unplaced)         0.347     2.617    u_ftq/pre_paddr[11]_i_5_n_0
                         LUT6 (Prop_lut6_I5_O)        0.105     2.722 r  u_ftq/pre_paddr[11]_i_3/O
                         net (fo=3, unplaced)         0.346     3.068    u_ftq/pre_paddr[11]_i_3_n_0
                         LUT3 (Prop_lut3_I1_O)        0.105     3.173 r  u_ftq/pre_paddr[11]_i_2/O
                         net (fo=66, unplaced)        0.436     3.609    u_ftq/ftq_ifu_valid
                         LUT3 (Prop_lut3_I1_O)        0.105     3.714 r  u_ftq/refill_q_key[4]_i_1/O
                         net (fo=44, unplaced)        0.661     4.375    u_ftq/ifu_mmu_vaddr[4]
                         LUT6 (Prop_lut6_I0_O)        0.105     4.480 r  u_ftq/imain_found_q_i_492/O
                         net (fo=1, unplaced)         0.000     4.480    u_ftq/imain_found_q_i_492_n_0
                         CARRY4 (Prop_carry4_S[1]_CO[3])
                                                      0.457     4.937 r  u_ftq/imain_found_q_reg_i_246/CO[3]
                         net (fo=1, unplaced)         0.008     4.945    u_ftq/imain_found_q_reg_i_246_n_0
                         CARRY4 (Prop_carry4_CI_CO[2])
                                                      0.209     5.154 f  u_ftq/imain_found_q_reg_i_72/CO[2]
                         net (fo=1, unplaced)         0.349     5.503    u_tlb_manager/u_tlb/refill_q_ps[5]_i_47_1[0]
                         LUT6 (Prop_lut6_I2_O)        0.252     5.755 f  u_tlb_manager/u_tlb/imain_found_q_i_17/O
                         net (fo=6, unplaced)         0.970     6.725    u_tlb_manager/u_tlb/match0_27
                         LUT6 (Prop_lut6_I1_O)        0.105     6.830 f  u_tlb_manager/u_tlb/refill_q_v_i_50/O
                         net (fo=3, unplaced)         0.365     7.195    u_tlb_manager/u_tlb/refill_q_v_i_50_n_0
                         LUT3 (Prop_lut3_I1_O)        0.108     7.303 r  u_tlb_manager/u_tlb/refill_q_v_i_24/O
                         net (fo=14, unplaced)        0.989     8.292    u_tlb_manager/u_tlb/s0_group_hit1329_out
                         LUT6 (Prop_lut6_I1_O)        0.105     8.397 r  u_tlb_manager/u_tlb/refill_q_v_i_9/O
                         net (fo=13, unplaced)        0.578     8.975    u_tlb_manager/u_tlb/s0_index_r1
                         LUT6 (Prop_lut6_I2_O)        0.105     9.080 r  u_tlb_manager/u_tlb/refill_q_ps[5]_i_17/O
                         net (fo=48, unplaced)        0.428     9.508    u_tlb_manager/u_tlb/s0_index_r[0]
                         LUT6 (Prop_lut6_I4_O)        0.105     9.613 r  u_tlb_manager/u_tlb/refill_q_ps[4]_i_5/O
                         net (fo=1, unplaced)         0.938    10.551    u_tlb_manager/u_tlb/refill_q_ps[4]_i_5_n_0
                         LUT6 (Prop_lut6_I0_O)        0.105    10.656 r  u_tlb_manager/u_tlb/refill_q_ps[4]_i_2/O
                         net (fo=1, unplaced)         0.582    11.238    u_tlb_manager/u_tlb/refill_q_ps[4]_i_2_n_0
                         LUT6 (Prop_lut6_I1_O)        0.105    11.343 r  u_tlb_manager/u_tlb/refill_q_ps[4]_i_1/O
                         net (fo=2, unplaced)         0.000    11.343    u_tlb_manager/u_l1_tlb_i/refill_q_ps_reg[5]_0[4]
                         FDRE                                         r  u_tlb_manager/u_l1_tlb_i/refill_q_ps_reg[4]/D
  -------------------------------------------------------------------    -------------------

                         (clock cpu_clk rise edge)   11.111    11.111 r  
                                                      0.000    11.111 r  aclk (IN)
                         net (fo=34009, unset)        0.748    11.859    u_tlb_manager/u_l1_tlb_i/aclk
                         FDRE                                         r  u_tlb_manager/u_l1_tlb_i/refill_q_ps_reg[4]/C
                         clock pessimism              0.000    11.859    
                         clock uncertainty           -0.035    11.823    
                         FDRE (Setup_fdre_C_D)        0.029    11.852    u_tlb_manager/u_l1_tlb_i/refill_q_ps_reg[4]
  -------------------------------------------------------------------
                         required time                         11.852    
                         arrival time                         -11.343    
  -------------------------------------------------------------------
                         slack                                  0.509    

Slack (MET) :             0.509ns  (required time - arrival time)
  Source:                 u_ftq/ifu_ptr_reg[0]/C
                            (rising edge-triggered cell FDRE clocked by cpu_clk  {rise@0.000ns fall@5.556ns period=11.111ns})
  Destination:            u_tlb_manager/u_l1_tlb_i/refill_q_ps_reg[5]/D
                            (rising edge-triggered cell FDRE clocked by cpu_clk  {rise@0.000ns fall@5.556ns period=11.111ns})
  Path Group:             cpu_clk
  Path Type:              Setup (Max at Slow Process Corner)
  Requirement:            11.111ns  (cpu_clk rise@11.111ns - cpu_clk rise@0.000ns)
  Data Path Delay:        10.556ns  (logic 2.687ns (25.455%)  route 7.869ns (74.545%))
  Logic Levels:           15  (CARRY4=2 LUT3=3 LUT6=10)
  Clock Path Skew:        -0.039ns (DCD - SCD + CPR)
    Destination Clock Delay (DCD):    0.748ns = ( 11.859 - 11.111 ) 
    Source Clock Delay      (SCD):    0.787ns
    Clock Pessimism Removal (CPR):    0.000ns
  Clock Uncertainty:      0.035ns  ((TSJ^2 + TIJ^2)^1/2 + DJ) / 2 + PE
    Total System Jitter     (TSJ):    0.071ns
    Total Input Jitter      (TIJ):    0.000ns
    Discrete Jitter          (DJ):    0.000ns
    Phase Error              (PE):    0.000ns

    Location             Delay type                Incr(ns)  Path(ns)    Netlist Resource(s)
  -------------------------------------------------------------------    -------------------
                         (clock cpu_clk rise edge)    0.000     0.000 r  
                                                      0.000     0.000 r  aclk (IN)
                         net (fo=34009, unset)        0.787     0.787    u_ftq/aclk
                         FDRE                                         r  u_ftq/ifu_ptr_reg[0]/C
  -------------------------------------------------------------------    -------------------
                         FDRE (Prop_fdre_C_Q)         0.379     1.166 r  u_ftq/ifu_ptr_reg[0]/Q
                         net (fo=76, unplaced)        0.872     2.038    u_ftq/Q[0]
                         LUT6 (Prop_lut6_I0_O)        0.232     2.270 f  u_ftq/pre_paddr[11]_i_5/O
                         net (fo=1, unplaced)         0.347     2.617    u_ftq/pre_paddr[11]_i_5_n_0
                         LUT6 (Prop_lut6_I5_O)        0.105     2.722 r  u_ftq/pre_paddr[11]_i_3/O
                         net (fo=3, unplaced)         0.346     3.068    u_ftq/pre_paddr[11]_i_3_n_0
                         LUT3 (Prop_lut3_I1_O)        0.105     3.173 r  u_ftq/pre_paddr[11]_i_2/O
                         net (fo=66, unplaced)        0.436     3.609    u_ftq/ftq_ifu_valid
                         LUT3 (Prop_lut3_I1_O)        0.105     3.714 r  u_ftq/refill_q_key[4]_i_1/O
                         net (fo=44, unplaced)        0.661     4.375    u_ftq/ifu_mmu_vaddr[4]
                         LUT6 (Prop_lut6_I0_O)        0.105     4.480 r  u_ftq/imain_found_q_i_492/O
                         net (fo=1, unplaced)         0.000     4.480    u_ftq/imain_found_q_i_492_n_0
                         CARRY4 (Prop_carry4_S[1]_CO[3])
                                                      0.457     4.937 r  u_ftq/imain_found_q_reg_i_246/CO[3]
                         net (fo=1, unplaced)         0.008     4.945    u_ftq/imain_found_q_reg_i_246_n_0
                         CARRY4 (Prop_carry4_CI_CO[2])
                                                      0.209     5.154 f  u_ftq/imain_found_q_reg_i_72/CO[2]
                         net (fo=1, unplaced)         0.349     5.503    u_tlb_manager/u_tlb/refill_q_ps[5]_i_47_1[0]
                         LUT6 (Prop_lut6_I2_O)        0.252     5.755 f  u_tlb_manager/u_tlb/imain_found_q_i_17/O
                         net (fo=6, unplaced)         0.970     6.725    u_tlb_manager/u_tlb/match0_27
                         LUT6 (Prop_lut6_I1_O)        0.105     6.830 f  u_tlb_manager/u_tlb/refill_q_v_i_50/O
                         net (fo=3, unplaced)         0.365     7.195    u_tlb_manager/u_tlb/refill_q_v_i_50_n_0
                         LUT3 (Prop_lut3_I1_O)        0.108     7.303 r  u_tlb_manager/u_tlb/refill_q_v_i_24/O
                         net (fo=14, unplaced)        0.989     8.292    u_tlb_manager/u_tlb/s0_group_hit1329_out
                         LUT6 (Prop_lut6_I1_O)        0.105     8.397 r  u_tlb_manager/u_tlb/refill_q_v_i_9/O
                         net (fo=13, unplaced)        0.578     8.975    u_tlb_manager/u_tlb/s0_index_r1
                         LUT6 (Prop_lut6_I2_O)        0.105     9.080 r  u_tlb_manager/u_tlb/refill_q_ps[5]_i_17/O
                         net (fo=48, unplaced)        0.428     9.508    u_tlb_manager/u_tlb/s0_index_r[0]
                         LUT6 (Prop_lut6_I4_O)        0.105     9.613 r  u_tlb_manager/u_tlb/refill_q_ps[5]_i_6/O
                         net (fo=1, unplaced)         0.938    10.551    u_tlb_manager/u_tlb/refill_q_ps[5]_i_6_n_0
                         LUT6 (Prop_lut6_I0_O)        0.105    10.656 r  u_tlb_manager/u_tlb/refill_q_ps[5]_i_2/O
                         net (fo=1, unplaced)         0.582    11.238    u_tlb_manager/u_tlb/refill_q_ps[5]_i_2_n_0
                         LUT6 (Prop_lut6_I1_O)        0.105    11.343 r  u_tlb_manager/u_tlb/refill_q_ps[5]_i_1/O
                         net (fo=2, unplaced)         0.000    11.343    u_tlb_manager/u_l1_tlb_i/refill_q_ps_reg[5]_0[5]
                         FDRE                                         r  u_tlb_manager/u_l1_tlb_i/refill_q_ps_reg[5]/D
  -------------------------------------------------------------------    -------------------

                         (clock cpu_clk rise edge)   11.111    11.111 r  
                                                      0.000    11.111 r  aclk (IN)
                         net (fo=34009, unset)        0.748    11.859    u_tlb_manager/u_l1_tlb_i/aclk
                         FDRE                                         r  u_tlb_manager/u_l1_tlb_i/refill_q_ps_reg[5]/C
                         clock pessimism              0.000    11.859    
                         clock uncertainty           -0.035    11.823    
                         FDRE (Setup_fdre_C_D)        0.029    11.852    u_tlb_manager/u_l1_tlb_i/refill_q_ps_reg[5]
  -------------------------------------------------------------------
                         required time                         11.852    
                         arrival time                         -11.343    
  -------------------------------------------------------------------
                         slack                                  0.509    

Slack (MET) :             0.662ns  (required time - arrival time)
  Source:                 u_bpu/btb_update_pc_reg[10]/C
                            (rising edge-triggered cell FDRE clocked by cpu_clk  {rise@0.000ns fall@5.556ns period=11.111ns})
  Destination:            u_bpu/u_ubtb/bank1_ctr_reg_0_15_0_0/DP/WE
                            (rising edge-triggered cell RAMD32 clocked by cpu_clk  {rise@0.000ns fall@5.556ns period=11.111ns})
  Path Group:             cpu_clk
  Path Type:              Setup (Max at Slow Process Corner)
  Requirement:            11.111ns  (cpu_clk rise@11.111ns - cpu_clk rise@0.000ns)
  Data Path Delay:        9.839ns  (logic 2.789ns (28.346%)  route 7.050ns (71.654%))
  Logic Levels:           16  (CARRY4=2 LUT3=1 LUT4=1 LUT6=11 RAMD32=1)
  Clock Path Skew:        -0.039ns (DCD - SCD + CPR)
    Destination Clock Delay (DCD):    0.748ns = ( 11.859 - 11.111 ) 
    Source Clock Delay      (SCD):    0.787ns
    Clock Pessimism Removal (CPR):    0.000ns
  Clock Uncertainty:      0.035ns  ((TSJ^2 + TIJ^2)^1/2 + DJ) / 2 + PE
    Total System Jitter     (TSJ):    0.071ns
    Total Input Jitter      (TIJ):    0.000ns
    Discrete Jitter          (DJ):    0.000ns
    Phase Error              (PE):    0.000ns

    Location             Delay type                Incr(ns)  Path(ns)    Netlist Resource(s)
  -------------------------------------------------------------------    -------------------
                         (clock cpu_clk rise edge)    0.000     0.000 r  
                                                      0.000     0.000 r  aclk (IN)
                         net (fo=34009, unset)        0.787     0.787    u_bpu/aclk
                         FDRE                                         r  u_bpu/btb_update_pc_reg[10]/C
  -------------------------------------------------------------------    -------------------
                         FDRE (Prop_fdre_C_Q)         0.379     1.166 r  u_bpu/btb_update_pc_reg[10]/Q
                         net (fo=59, unplaced)        0.865     2.031    u_bpu/u_ubtb/bank0_tag_reg[15][19]_i_4_0[10]
                         LUT6 (Prop_lut6_I0_O)        0.232     2.263 r  u_bpu/u_ubtb/bank0_btype_reg_0_15_0_0_i_11/O
                         net (fo=385, unplaced)       0.480     2.743    u_bpu/u_ubtb/bank0_btype_reg_0_15_0_0_i_11_n_0
                         LUT4 (Prop_lut4_I2_O)        0.105     2.848 f  u_bpu/u_ubtb/bank0_btype_reg_0_15_0_0_i_613/O
                         net (fo=1, unplaced)         0.347     3.195    u_bpu/u_ubtb/bank0_btype_reg_0_15_0_0_i_613_n_0
                         LUT6 (Prop_lut6_I5_O)        0.105     3.300 r  u_bpu/u_ubtb/bank0_btype_reg_0_15_0_0_i_372/O
                         net (fo=1, unplaced)         0.000     3.300    u_bpu/u_ubtb/bank0_btype_reg_0_15_0_0_i_372_n_0
                         CARRY4 (Prop_carry4_S[1]_CO[3])
                                                      0.457     3.757 r  u_bpu/u_ubtb/bank0_btype_reg_0_15_0_0_i_195/CO[3]
                         net (fo=1, unplaced)         0.008     3.765    u_bpu/u_ubtb/bank0_btype_reg_0_15_0_0_i_195_n_0
                         CARRY4 (Prop_carry4_CI_CO[2])
                                                      0.209     3.974 f  u_bpu/u_ubtb/bank0_btype_reg_0_15_0_0_i_99/CO[2]
                         net (fo=2, unplaced)         0.360     4.334    u_bpu/u_ubtb/u_hit_00
                         LUT6 (Prop_lut6_I5_O)        0.252     4.586 r  u_bpu/u_ubtb/bank0_btype_reg_0_15_0_0_i_56/O
                         net (fo=2, unplaced)         0.358     4.944    u_bpu/u_ubtb/bank0_btype_reg_0_15_0_0_i_56_n_0
                         LUT6 (Prop_lut6_I5_O)        0.105     5.049 f  u_bpu/u_ubtb/bank0_btype_reg_0_15_0_0_i_66/O
                         net (fo=2, unplaced)         0.358     5.407    u_bpu/u_ubtb/bank0_btype_reg_0_15_0_0_i_66_n_0
                         LUT6 (Prop_lut6_I5_O)        0.105     5.512 r  u_bpu/u_ubtb/bank0_btype_reg_0_15_0_0_i_18/O
                         net (fo=3, unplaced)         0.365     5.877    u_bpu/u_ubtb/bank0_btype_reg_0_15_0_0_i_18_n_0
                         LUT6 (Prop_lut6_I1_O)        0.105     5.982 r  u_bpu/u_ubtb/bank0_ctr_reg_0_15_0_0_i_3/O
                         net (fo=12, unplaced)        0.395     6.377    u_bpu/u_ubtb/bank0_ctr_reg_0_15_0_0_i_3_n_0
                         LUT6 (Prop_lut6_I2_O)        0.105     6.482 r  u_bpu/u_ubtb/bank0_btype_reg_0_15_0_0_i_49/O
                         net (fo=2, unplaced)         0.358     6.840    u_bpu/u_ubtb/bank0_btype_reg_0_15_0_0_i_49_n_0
                         LUT6 (Prop_lut6_I5_O)        0.105     6.945 f  u_bpu/u_ubtb/bank0_btype_reg_0_15_0_0_i_41/O
                         net (fo=1, unplaced)         0.347     7.292    u_bpu/u_ubtb/bank0_btype_reg_0_15_0_0_i_41_n_0
                         LUT6 (Prop_lut6_I5_O)        0.105     7.397 r  u_bpu/u_ubtb/bank0_btype_reg_0_15_0_0_i_10/O
                         net (fo=1, unplaced)         0.347     7.744    u_bpu/u_ubtb/bank0_btype_reg_0_15_0_0_i_10_n_0
                         LUT6 (Prop_lut6_I0_O)        0.105     7.849 r  u_bpu/u_ubtb/bank0_btype_reg_0_15_0_0_i_2/O
                         net (fo=180, unplaced)       0.896     8.745    u_bpu/u_ubtb/bank1_ctr_reg_0_15_0_0/A0
                         RAMD32 (Prop_ramd32_RADR0_O)
                                                      0.105     8.850 r  u_bpu/u_ubtb/bank1_ctr_reg_0_15_0_0/SP/O
                         net (fo=3, unplaced)         0.956     9.806    u_bpu/u_ubtb/bank1_ctr_reg_0_15_0_0_n_1
                         LUT6 (Prop_lut6_I2_O)        0.105     9.911 f  u_bpu/u_ubtb/bank1_ctr_reg_0_15_0_0_i_3/O
                         net (fo=1, unplaced)         0.328    10.239    u_bpu/u_ubtb/bank1_ctr_reg_0_15_0_0_i_3_n_0
                         LUT3 (Prop_lut3_I0_O)        0.105    10.344 r  u_bpu/u_ubtb/bank1_ctr_reg_0_15_0_0_i_2/O
                         net (fo=4, unplaced)         0.282    10.626    u_bpu/u_ubtb/bank1_ctr_reg_0_15_0_0/WE
                         RAMD32                                       r  u_bpu/u_ubtb/bank1_ctr_reg_0_15_0_0/DP/WE
  -------------------------------------------------------------------    -------------------

                         (clock cpu_clk rise edge)   11.111    11.111 r  
                                                      0.000    11.111 r  aclk (IN)
                         net (fo=34009, unset)        0.748    11.859    u_bpu/u_ubtb/bank1_ctr_reg_0_15_0_0/WCLK
                         RAMD32                                       r  u_bpu/u_ubtb/bank1_ctr_reg_0_15_0_0/DP/CLK
                         clock pessimism              0.000    11.859    
                         clock uncertainty           -0.035    11.823    
                         RAMD32 (Setup_ramd32_CLK_WE)
                                                     -0.535    11.288    u_bpu/u_ubtb/bank1_ctr_reg_0_15_0_0/DP
  -------------------------------------------------------------------
                         required time                         11.288    
                         arrival time                         -10.626    
  -------------------------------------------------------------------
                         slack                                  0.662    

Slack (MET) :             0.662ns  (required time - arrival time)
  Source:                 u_bpu/btb_update_pc_reg[10]/C
                            (rising edge-triggered cell FDRE clocked by cpu_clk  {rise@0.000ns fall@5.556ns period=11.111ns})
  Destination:            u_bpu/u_ubtb/bank1_ctr_reg_0_15_0_0/SP/WE
                            (rising edge-triggered cell RAMD32 clocked by cpu_clk  {rise@0.000ns fall@5.556ns period=11.111ns})
  Path Group:             cpu_clk
  Path Type:              Setup (Max at Slow Process Corner)
  Requirement:            11.111ns  (cpu_clk rise@11.111ns - cpu_clk rise@0.000ns)
  Data Path Delay:        9.839ns  (logic 2.789ns (28.346%)  route 7.050ns (71.654%))
  Logic Levels:           16  (CARRY4=2 LUT3=1 LUT4=1 LUT6=11 RAMD32=1)
  Clock Path Skew:        -0.039ns (DCD - SCD + CPR)
    Destination Clock Delay (DCD):    0.748ns = ( 11.859 - 11.111 ) 
    Source Clock Delay      (SCD):    0.787ns
    Clock Pessimism Removal (CPR):    0.000ns
  Clock Uncertainty:      0.035ns  ((TSJ^2 + TIJ^2)^1/2 + DJ) / 2 + PE
    Total System Jitter     (TSJ):    0.071ns
    Total Input Jitter      (TIJ):    0.000ns
    Discrete Jitter          (DJ):    0.000ns
    Phase Error              (PE):    0.000ns

    Location             Delay type                Incr(ns)  Path(ns)    Netlist Resource(s)
  -------------------------------------------------------------------    -------------------
                         (clock cpu_clk rise edge)    0.000     0.000 r  
                                                      0.000     0.000 r  aclk (IN)
                         net (fo=34009, unset)        0.787     0.787    u_bpu/aclk
                         FDRE                                         r  u_bpu/btb_update_pc_reg[10]/C
  -------------------------------------------------------------------    -------------------
                         FDRE (Prop_fdre_C_Q)         0.379     1.166 r  u_bpu/btb_update_pc_reg[10]/Q
                         net (fo=59, unplaced)        0.865     2.031    u_bpu/u_ubtb/bank0_tag_reg[15][19]_i_4_0[10]
                         LUT6 (Prop_lut6_I0_O)        0.232     2.263 r  u_bpu/u_ubtb/bank0_btype_reg_0_15_0_0_i_11/O
                         net (fo=385, unplaced)       0.480     2.743    u_bpu/u_ubtb/bank0_btype_reg_0_15_0_0_i_11_n_0
                         LUT4 (Prop_lut4_I2_O)        0.105     2.848 f  u_bpu/u_ubtb/bank0_btype_reg_0_15_0_0_i_613/O
                         net (fo=1, unplaced)         0.347     3.195    u_bpu/u_ubtb/bank0_btype_reg_0_15_0_0_i_613_n_0
                         LUT6 (Prop_lut6_I5_O)        0.105     3.300 r  u_bpu/u_ubtb/bank0_btype_reg_0_15_0_0_i_372/O
                         net (fo=1, unplaced)         0.000     3.300    u_bpu/u_ubtb/bank0_btype_reg_0_15_0_0_i_372_n_0
                         CARRY4 (Prop_carry4_S[1]_CO[3])
                                                      0.457     3.757 r  u_bpu/u_ubtb/bank0_btype_reg_0_15_0_0_i_195/CO[3]
                         net (fo=1, unplaced)         0.008     3.765    u_bpu/u_ubtb/bank0_btype_reg_0_15_0_0_i_195_n_0
                         CARRY4 (Prop_carry4_CI_CO[2])
                                                      0.209     3.974 f  u_bpu/u_ubtb/bank0_btype_reg_0_15_0_0_i_99/CO[2]
                         net (fo=2, unplaced)         0.360     4.334    u_bpu/u_ubtb/u_hit_00
                         LUT6 (Prop_lut6_I5_O)        0.252     4.586 r  u_bpu/u_ubtb/bank0_btype_reg_0_15_0_0_i_56/O
                         net (fo=2, unplaced)         0.358     4.944    u_bpu/u_ubtb/bank0_btype_reg_0_15_0_0_i_56_n_0
                         LUT6 (Prop_lut6_I5_O)        0.105     5.049 f  u_bpu/u_ubtb/bank0_btype_reg_0_15_0_0_i_66/O
                         net (fo=2, unplaced)         0.358     5.407    u_bpu/u_ubtb/bank0_btype_reg_0_15_0_0_i_66_n_0
                         LUT6 (Prop_lut6_I5_O)        0.105     5.512 r  u_bpu/u_ubtb/bank0_btype_reg_0_15_0_0_i_18/O
                         net (fo=3, unplaced)         0.365     5.877    u_bpu/u_ubtb/bank0_btype_reg_0_15_0_0_i_18_n_0
                         LUT6 (Prop_lut6_I1_O)        0.105     5.982 r  u_bpu/u_ubtb/bank0_ctr_reg_0_15_0_0_i_3/O
                         net (fo=12, unplaced)        0.395     6.377    u_bpu/u_ubtb/bank0_ctr_reg_0_15_0_0_i_3_n_0
                         LUT6 (Prop_lut6_I2_O)        0.105     6.482 r  u_bpu/u_ubtb/bank0_btype_reg_0_15_0_0_i_49/O
                         net (fo=2, unplaced)         0.358     6.840    u_bpu/u_ubtb/bank0_btype_reg_0_15_0_0_i_49_n_0
                         LUT6 (Prop_lut6_I5_O)        0.105     6.945 f  u_bpu/u_ubtb/bank0_btype_reg_0_15_0_0_i_41/O
                         net (fo=1, unplaced)         0.347     7.292    u_bpu/u_ubtb/bank0_btype_reg_0_15_0_0_i_41_n_0
                         LUT6 (Prop_lut6_I5_O)        0.105     7.397 r  u_bpu/u_ubtb/bank0_btype_reg_0_15_0_0_i_10/O
                         net (fo=1, unplaced)         0.347     7.744    u_bpu/u_ubtb/bank0_btype_reg_0_15_0_0_i_10_n_0
                         LUT6 (Prop_lut6_I0_O)        0.105     7.849 r  u_bpu/u_ubtb/bank0_btype_reg_0_15_0_0_i_2/O
                         net (fo=180, unplaced)       0.896     8.745    u_bpu/u_ubtb/bank1_ctr_reg_0_15_0_0/A0
                         RAMD32 (Prop_ramd32_RADR0_O)
                                                      0.105     8.850 r  u_bpu/u_ubtb/bank1_ctr_reg_0_15_0_0/SP/O
                         net (fo=3, unplaced)         0.956     9.806    u_bpu/u_ubtb/bank1_ctr_reg_0_15_0_0_n_1
                         LUT6 (Prop_lut6_I2_O)        0.105     9.911 f  u_bpu/u_ubtb/bank1_ctr_reg_0_15_0_0_i_3/O
                         net (fo=1, unplaced)         0.328    10.239    u_bpu/u_ubtb/bank1_ctr_reg_0_15_0_0_i_3_n_0
                         LUT3 (Prop_lut3_I0_O)        0.105    10.344 r  u_bpu/u_ubtb/bank1_ctr_reg_0_15_0_0_i_2/O
                         net (fo=4, unplaced)         0.282    10.626    u_bpu/u_ubtb/bank1_ctr_reg_0_15_0_0/WE
                         RAMD32                                       r  u_bpu/u_ubtb/bank1_ctr_reg_0_15_0_0/SP/WE
  -------------------------------------------------------------------    -------------------

                         (clock cpu_clk rise edge)   11.111    11.111 r  
                                                      0.000    11.111 r  aclk (IN)
                         net (fo=34009, unset)        0.748    11.859    u_bpu/u_ubtb/bank1_ctr_reg_0_15_0_0/WCLK
                         RAMD32                                       r  u_bpu/u_ubtb/bank1_ctr_reg_0_15_0_0/SP/CLK
                         clock pessimism              0.000    11.859    
                         clock uncertainty           -0.035    11.823    
                         RAMD32 (Setup_ramd32_CLK_WE)
                                                     -0.535    11.288    u_bpu/u_ubtb/bank1_ctr_reg_0_15_0_0/SP
  -------------------------------------------------------------------
                         required time                         11.288    
                         arrival time                         -10.626    
  -------------------------------------------------------------------
                         slack                                  0.662    

Slack (MET) :             0.662ns  (required time - arrival time)
  Source:                 u_bpu/btb_update_pc_reg[10]/C
                            (rising edge-triggered cell FDRE clocked by cpu_clk  {rise@0.000ns fall@5.556ns period=11.111ns})
  Destination:            u_bpu/u_ubtb/bank1_ctr_reg_0_15_1_1/DP/WE
                            (rising edge-triggered cell RAMD32 clocked by cpu_clk  {rise@0.000ns fall@5.556ns period=11.111ns})
  Path Group:             cpu_clk
  Path Type:              Setup (Max at Slow Process Corner)
  Requirement:            11.111ns  (cpu_clk rise@11.111ns - cpu_clk rise@0.000ns)
  Data Path Delay:        9.839ns  (logic 2.789ns (28.346%)  route 7.050ns (71.654%))
  Logic Levels:           16  (CARRY4=2 LUT3=1 LUT4=1 LUT6=11 RAMD32=1)
  Clock Path Skew:        -0.039ns (DCD - SCD + CPR)
    Destination Clock Delay (DCD):    0.748ns = ( 11.859 - 11.111 ) 
    Source Clock Delay      (SCD):    0.787ns
    Clock Pessimism Removal (CPR):    0.000ns
  Clock Uncertainty:      0.035ns  ((TSJ^2 + TIJ^2)^1/2 + DJ) / 2 + PE
    Total System Jitter     (TSJ):    0.071ns
    Total Input Jitter      (TIJ):    0.000ns
    Discrete Jitter          (DJ):    0.000ns
    Phase Error              (PE):    0.000ns

    Location             Delay type                Incr(ns)  Path(ns)    Netlist Resource(s)
  -------------------------------------------------------------------    -------------------
                         (clock cpu_clk rise edge)    0.000     0.000 r  
                                                      0.000     0.000 r  aclk (IN)
                         net (fo=34009, unset)        0.787     0.787    u_bpu/aclk
                         FDRE                                         r  u_bpu/btb_update_pc_reg[10]/C
  -------------------------------------------------------------------    -------------------
                         FDRE (Prop_fdre_C_Q)         0.379     1.166 r  u_bpu/btb_update_pc_reg[10]/Q
                         net (fo=59, unplaced)        0.865     2.031    u_bpu/u_ubtb/bank0_tag_reg[15][19]_i_4_0[10]
                         LUT6 (Prop_lut6_I0_O)        0.232     2.263 r  u_bpu/u_ubtb/bank0_btype_reg_0_15_0_0_i_11/O
                         net (fo=385, unplaced)       0.480     2.743    u_bpu/u_ubtb/bank0_btype_reg_0_15_0_0_i_11_n_0
                         LUT4 (Prop_lut4_I2_O)        0.105     2.848 f  u_bpu/u_ubtb/bank0_btype_reg_0_15_0_0_i_613/O
                         net (fo=1, unplaced)         0.347     3.195    u_bpu/u_ubtb/bank0_btype_reg_0_15_0_0_i_613_n_0
                         LUT6 (Prop_lut6_I5_O)        0.105     3.300 r  u_bpu/u_ubtb/bank0_btype_reg_0_15_0_0_i_372/O
                         net (fo=1, unplaced)         0.000     3.300    u_bpu/u_ubtb/bank0_btype_reg_0_15_0_0_i_372_n_0
                         CARRY4 (Prop_carry4_S[1]_CO[3])
                                                      0.457     3.757 r  u_bpu/u_ubtb/bank0_btype_reg_0_15_0_0_i_195/CO[3]
                         net (fo=1, unplaced)         0.008     3.765    u_bpu/u_ubtb/bank0_btype_reg_0_15_0_0_i_195_n_0
                         CARRY4 (Prop_carry4_CI_CO[2])
                                                      0.209     3.974 f  u_bpu/u_ubtb/bank0_btype_reg_0_15_0_0_i_99/CO[2]
                         net (fo=2, unplaced)         0.360     4.334    u_bpu/u_ubtb/u_hit_00
                         LUT6 (Prop_lut6_I5_O)        0.252     4.586 r  u_bpu/u_ubtb/bank0_btype_reg_0_15_0_0_i_56/O
                         net (fo=2, unplaced)         0.358     4.944    u_bpu/u_ubtb/bank0_btype_reg_0_15_0_0_i_56_n_0
                         LUT6 (Prop_lut6_I5_O)        0.105     5.049 f  u_bpu/u_ubtb/bank0_btype_reg_0_15_0_0_i_66/O
                         net (fo=2, unplaced)         0.358     5.407    u_bpu/u_ubtb/bank0_btype_reg_0_15_0_0_i_66_n_0
                         LUT6 (Prop_lut6_I5_O)        0.105     5.512 r  u_bpu/u_ubtb/bank0_btype_reg_0_15_0_0_i_18/O
                         net (fo=3, unplaced)         0.365     5.877    u_bpu/u_ubtb/bank0_btype_reg_0_15_0_0_i_18_n_0
                         LUT6 (Prop_lut6_I1_O)        0.105     5.982 r  u_bpu/u_ubtb/bank0_ctr_reg_0_15_0_0_i_3/O
                         net (fo=12, unplaced)        0.395     6.377    u_bpu/u_ubtb/bank0_ctr_reg_0_15_0_0_i_3_n_0
                         LUT6 (Prop_lut6_I2_O)        0.105     6.482 r  u_bpu/u_ubtb/bank0_btype_reg_0_15_0_0_i_49/O
                         net (fo=2, unplaced)         0.358     6.840    u_bpu/u_ubtb/bank0_btype_reg_0_15_0_0_i_49_n_0
                         LUT6 (Prop_lut6_I5_O)        0.105     6.945 f  u_bpu/u_ubtb/bank0_btype_reg_0_15_0_0_i_41/O
                         net (fo=1, unplaced)         0.347     7.292    u_bpu/u_ubtb/bank0_btype_reg_0_15_0_0_i_41_n_0
                         LUT6 (Prop_lut6_I5_O)        0.105     7.397 r  u_bpu/u_ubtb/bank0_btype_reg_0_15_0_0_i_10/O
                         net (fo=1, unplaced)         0.347     7.744    u_bpu/u_ubtb/bank0_btype_reg_0_15_0_0_i_10_n_0
                         LUT6 (Prop_lut6_I0_O)        0.105     7.849 r  u_bpu/u_ubtb/bank0_btype_reg_0_15_0_0_i_2/O
                         net (fo=180, unplaced)       0.896     8.745    u_bpu/u_ubtb/bank1_ctr_reg_0_15_0_0/A0
                         RAMD32 (Prop_ramd32_RADR0_O)
                                                      0.105     8.850 r  u_bpu/u_ubtb/bank1_ctr_reg_0_15_0_0/SP/O
                         net (fo=3, unplaced)         0.956     9.806    u_bpu/u_ubtb/bank1_ctr_reg_0_15_0_0_n_1
                         LUT6 (Prop_lut6_I2_O)        0.105     9.911 f  u_bpu/u_ubtb/bank1_ctr_reg_0_15_0_0_i_3/O
                         net (fo=1, unplaced)         0.328    10.239    u_bpu/u_ubtb/bank1_ctr_reg_0_15_0_0_i_3_n_0
                         LUT3 (Prop_lut3_I0_O)        0.105    10.344 r  u_bpu/u_ubtb/bank1_ctr_reg_0_15_0_0_i_2/O
                         net (fo=4, unplaced)         0.282    10.626    u_bpu/u_ubtb/bank1_ctr_reg_0_15_1_1/WE
                         RAMD32                                       r  u_bpu/u_ubtb/bank1_ctr_reg_0_15_1_1/DP/WE
  -------------------------------------------------------------------    -------------------

                         (clock cpu_clk rise edge)   11.111    11.111 r  
                                                      0.000    11.111 r  aclk (IN)
                         net (fo=34009, unset)        0.748    11.859    u_bpu/u_ubtb/bank1_ctr_reg_0_15_1_1/WCLK
                         RAMD32                                       r  u_bpu/u_ubtb/bank1_ctr_reg_0_15_1_1/DP/CLK
                         clock pessimism              0.000    11.859    
                         clock uncertainty           -0.035    11.823    
                         RAMD32 (Setup_ramd32_CLK_WE)
                                                     -0.535    11.288    u_bpu/u_ubtb/bank1_ctr_reg_0_15_1_1/DP
  -------------------------------------------------------------------
                         required time                         11.288    
                         arrival time                         -10.626    
  -------------------------------------------------------------------
                         slack                                  0.662    

Slack (MET) :             0.662ns  (required time - arrival time)
  Source:                 u_bpu/btb_update_pc_reg[10]/C
                            (rising edge-triggered cell FDRE clocked by cpu_clk  {rise@0.000ns fall@5.556ns period=11.111ns})
  Destination:            u_bpu/u_ubtb/bank1_ctr_reg_0_15_1_1/SP/WE
                            (rising edge-triggered cell RAMD32 clocked by cpu_clk  {rise@0.000ns fall@5.556ns period=11.111ns})
  Path Group:             cpu_clk
  Path Type:              Setup (Max at Slow Process Corner)
  Requirement:            11.111ns  (cpu_clk rise@11.111ns - cpu_clk rise@0.000ns)
  Data Path Delay:        9.839ns  (logic 2.789ns (28.346%)  route 7.050ns (71.654%))
  Logic Levels:           16  (CARRY4=2 LUT3=1 LUT4=1 LUT6=11 RAMD32=1)
  Clock Path Skew:        -0.039ns (DCD - SCD + CPR)
    Destination Clock Delay (DCD):    0.748ns = ( 11.859 - 11.111 ) 
    Source Clock Delay      (SCD):    0.787ns
    Clock Pessimism Removal (CPR):    0.000ns
  Clock Uncertainty:      0.035ns  ((TSJ^2 + TIJ^2)^1/2 + DJ) / 2 + PE
    Total System Jitter     (TSJ):    0.071ns
    Total Input Jitter      (TIJ):    0.000ns
    Discrete Jitter          (DJ):    0.000ns
    Phase Error              (PE):    0.000ns

    Location             Delay type                Incr(ns)  Path(ns)    Netlist Resource(s)
  -------------------------------------------------------------------    -------------------
                         (clock cpu_clk rise edge)    0.000     0.000 r  
                                                      0.000     0.000 r  aclk (IN)
                         net (fo=34009, unset)        0.787     0.787    u_bpu/aclk
                         FDRE                                         r  u_bpu/btb_update_pc_reg[10]/C
  -------------------------------------------------------------------    -------------------
                         FDRE (Prop_fdre_C_Q)         0.379     1.166 r  u_bpu/btb_update_pc_reg[10]/Q
                         net (fo=59, unplaced)        0.865     2.031    u_bpu/u_ubtb/bank0_tag_reg[15][19]_i_4_0[10]
                         LUT6 (Prop_lut6_I0_O)        0.232     2.263 r  u_bpu/u_ubtb/bank0_btype_reg_0_15_0_0_i_11/O
                         net (fo=385, unplaced)       0.480     2.743    u_bpu/u_ubtb/bank0_btype_reg_0_15_0_0_i_11_n_0
                         LUT4 (Prop_lut4_I2_O)        0.105     2.848 f  u_bpu/u_ubtb/bank0_btype_reg_0_15_0_0_i_613/O
                         net (fo=1, unplaced)         0.347     3.195    u_bpu/u_ubtb/bank0_btype_reg_0_15_0_0_i_613_n_0
                         LUT6 (Prop_lut6_I5_O)        0.105     3.300 r  u_bpu/u_ubtb/bank0_btype_reg_0_15_0_0_i_372/O
                         net (fo=1, unplaced)         0.000     3.300    u_bpu/u_ubtb/bank0_btype_reg_0_15_0_0_i_372_n_0
                         CARRY4 (Prop_carry4_S[1]_CO[3])
                                                      0.457     3.757 r  u_bpu/u_ubtb/bank0_btype_reg_0_15_0_0_i_195/CO[3]
                         net (fo=1, unplaced)         0.008     3.765    u_bpu/u_ubtb/bank0_btype_reg_0_15_0_0_i_195_n_0
                         CARRY4 (Prop_carry4_CI_CO[2])
                                                      0.209     3.974 f  u_bpu/u_ubtb/bank0_btype_reg_0_15_0_0_i_99/CO[2]
                         net (fo=2, unplaced)         0.360     4.334    u_bpu/u_ubtb/u_hit_00
                         LUT6 (Prop_lut6_I5_O)        0.252     4.586 r  u_bpu/u_ubtb/bank0_btype_reg_0_15_0_0_i_56/O
                         net (fo=2, unplaced)         0.358     4.944    u_bpu/u_ubtb/bank0_btype_reg_0_15_0_0_i_56_n_0
                         LUT6 (Prop_lut6_I5_O)        0.105     5.049 f  u_bpu/u_ubtb/bank0_btype_reg_0_15_0_0_i_66/O
                         net (fo=2, unplaced)         0.358     5.407    u_bpu/u_ubtb/bank0_btype_reg_0_15_0_0_i_66_n_0
                         LUT6 (Prop_lut6_I5_O)        0.105     5.512 r  u_bpu/u_ubtb/bank0_btype_reg_0_15_0_0_i_18/O
                         net (fo=3, unplaced)         0.365     5.877    u_bpu/u_ubtb/bank0_btype_reg_0_15_0_0_i_18_n_0
                         LUT6 (Prop_lut6_I1_O)        0.105     5.982 r  u_bpu/u_ubtb/bank0_ctr_reg_0_15_0_0_i_3/O
                         net (fo=12, unplaced)        0.395     6.377    u_bpu/u_ubtb/bank0_ctr_reg_0_15_0_0_i_3_n_0
                         LUT6 (Prop_lut6_I2_O)        0.105     6.482 r  u_bpu/u_ubtb/bank0_btype_reg_0_15_0_0_i_49/O
                         net (fo=2, unplaced)         0.358     6.840    u_bpu/u_ubtb/bank0_btype_reg_0_15_0_0_i_49_n_0
                         LUT6 (Prop_lut6_I5_O)        0.105     6.945 f  u_bpu/u_ubtb/bank0_btype_reg_0_15_0_0_i_41/O
                         net (fo=1, unplaced)         0.347     7.292    u_bpu/u_ubtb/bank0_btype_reg_0_15_0_0_i_41_n_0
                         LUT6 (Prop_lut6_I5_O)        0.105     7.397 r  u_bpu/u_ubtb/bank0_btype_reg_0_15_0_0_i_10/O
                         net (fo=1, unplaced)         0.347     7.744    u_bpu/u_ubtb/bank0_btype_reg_0_15_0_0_i_10_n_0
                         LUT6 (Prop_lut6_I0_O)        0.105     7.849 r  u_bpu/u_ubtb/bank0_btype_reg_0_15_0_0_i_2/O
                         net (fo=180, unplaced)       0.896     8.745    u_bpu/u_ubtb/bank1_ctr_reg_0_15_0_0/A0
                         RAMD32 (Prop_ramd32_RADR0_O)
                                                      0.105     8.850 r  u_bpu/u_ubtb/bank1_ctr_reg_0_15_0_0/SP/O
                         net (fo=3, unplaced)         0.956     9.806    u_bpu/u_ubtb/bank1_ctr_reg_0_15_0_0_n_1
                         LUT6 (Prop_lut6_I2_O)        0.105     9.911 f  u_bpu/u_ubtb/bank1_ctr_reg_0_15_0_0_i_3/O
                         net (fo=1, unplaced)         0.328    10.239    u_bpu/u_ubtb/bank1_ctr_reg_0_15_0_0_i_3_n_0
                         LUT3 (Prop_lut3_I0_O)        0.105    10.344 r  u_bpu/u_ubtb/bank1_ctr_reg_0_15_0_0_i_2/O
                         net (fo=4, unplaced)         0.282    10.626    u_bpu/u_ubtb/bank1_ctr_reg_0_15_1_1/WE
                         RAMD32                                       r  u_bpu/u_ubtb/bank1_ctr_reg_0_15_1_1/SP/WE
  -------------------------------------------------------------------    -------------------

                         (clock cpu_clk rise edge)   11.111    11.111 r  
                                                      0.000    11.111 r  aclk (IN)
                         net (fo=34009, unset)        0.748    11.859    u_bpu/u_ubtb/bank1_ctr_reg_0_15_1_1/WCLK
                         RAMD32                                       r  u_bpu/u_ubtb/bank1_ctr_reg_0_15_1_1/SP/CLK
                         clock pessimism              0.000    11.859    
                         clock uncertainty           -0.035    11.823    
                         RAMD32 (Setup_ramd32_CLK_WE)
                                                     -0.535    11.288    u_bpu/u_ubtb/bank1_ctr_reg_0_15_1_1/SP
  -------------------------------------------------------------------
                         required time                         11.288    
                         arrival time                         -10.626    
  -------------------------------------------------------------------
                         slack                                  0.662    

Slack (MET) :             0.663ns  (required time - arrival time)
  Source:                 u_bpu/pc_reg[10]/C
                            (rising edge-triggered cell FDRE clocked by cpu_clk  {rise@0.000ns fall@5.556ns period=11.111ns})
  Destination:            u_bpu/pc_reg[12]/D
                            (rising edge-triggered cell FDRE clocked by cpu_clk  {rise@0.000ns fall@5.556ns period=11.111ns})
  Path Group:             cpu_clk
  Path Type:              Setup (Max at Slow Process Corner)
  Requirement:            11.111ns  (cpu_clk rise@11.111ns - cpu_clk rise@0.000ns)
  Data Path Delay:        10.402ns  (logic 2.792ns (26.841%)  route 7.610ns (73.159%))
  Logic Levels:           16  (CARRY4=2 LUT2=1 LUT4=2 LUT5=4 LUT6=6 RAMD32=1)
  Clock Path Skew:        -0.039ns (DCD - SCD + CPR)
    Destination Clock Delay (DCD):    0.748ns = ( 11.859 - 11.111 ) 
    Source Clock Delay      (SCD):    0.787ns
    Clock Pessimism Removal (CPR):    0.000ns
  Clock Uncertainty:      0.035ns  ((TSJ^2 + TIJ^2)^1/2 + DJ) / 2 + PE
    Total System Jitter     (TSJ):    0.071ns
    Total Input Jitter      (TIJ):    0.000ns
    Discrete Jitter          (DJ):    0.000ns
    Phase Error              (PE):    0.000ns

    Location             Delay type                Incr(ns)  Path(ns)    Netlist Resource(s)
  -------------------------------------------------------------------    -------------------
                         (clock cpu_clk rise edge)    0.000     0.000 r  
                                                      0.000     0.000 r  aclk (IN)
                         net (fo=34009, unset)        0.787     0.787    u_bpu/aclk
                         FDRE                                         r  u_bpu/pc_reg[10]/C
  -------------------------------------------------------------------    -------------------
                         FDRE (Prop_fdre_C_Q)         0.379     1.166 r  u_bpu/pc_reg[10]/Q
                         net (fo=35, unplaced)        0.852     2.018    u_bpu/u_ubtb/bank0_btype_reg_0_15_0_0_i_188_0[7]
                         LUT6 (Prop_lut6_I0_O)        0.232     2.250 r  u_bpu/u_ubtb/bank0_btype_reg_0_15_0_0_i_274/O
                         net (fo=117, unplaced)       0.450     2.700    u_bpu/u_ubtb/bank0_btype_reg_0_15_0_0_i_274_n_0
                         LUT4 (Prop_lut4_I2_O)        0.105     2.805 f  u_bpu/u_ubtb/bank0_btype_reg_0_15_0_0_i_747/O
                         net (fo=1, unplaced)         0.347     3.152    u_bpu/u_ubtb/bank0_btype_reg_0_15_0_0_i_747_n_0
                         LUT6 (Prop_lut6_I5_O)        0.105     3.257 r  u_bpu/u_ubtb/bank0_btype_reg_0_15_0_0_i_526/O
                         net (fo=1, unplaced)         0.000     3.257    u_bpu/u_ubtb/bank0_btype_reg_0_15_0_0_i_526_n_0
                         CARRY4 (Prop_carry4_S[1]_CO[3])
                                                      0.457     3.714 r  u_bpu/u_ubtb/bank0_btype_reg_0_15_0_0_i_298/CO[3]
                         net (fo=1, unplaced)         0.008     3.722    u_bpu/u_ubtb/bank0_btype_reg_0_15_0_0_i_298_n_0
                         CARRY4 (Prop_carry4_CI_CO[2])
                                                      0.209     3.931 f  u_bpu/u_ubtb/bank0_btype_reg_0_15_0_0_i_166/CO[2]
                         net (fo=1, unplaced)         0.349     4.280    u_bpu/u_ubtb/q_hit_40
                         LUT4 (Prop_lut4_I0_O)        0.252     4.532 r  u_bpu/u_ubtb/bank0_btype_reg_0_15_0_0_i_82/O
                         net (fo=2, unplaced)         0.358     4.890    u_bpu/u_ubtb/bank0_btype_reg_0_15_0_0_i_82_n_0
                         LUT5 (Prop_lut5_I4_O)        0.105     4.995 f  u_bpu/u_ubtb/bank0_btype_reg_0_15_0_0_i_27/O
                         net (fo=2, unplaced)         0.358     5.353    u_bpu/u_ubtb/bank0_btype_reg_0_15_0_0_i_27_n_0
                         LUT5 (Prop_lut5_I4_O)        0.108     5.461 f  u_bpu/u_ubtb/bank0_btype_reg_0_15_0_0_i_74/O
                         net (fo=1, unplaced)         0.347     5.808    u_bpu/u_ubtb/bank0_btype_reg_0_15_0_0_i_74_n_0
                         LUT5 (Prop_lut5_I0_O)        0.105     5.913 f  u_bpu/u_ubtb/bank0_btype_reg_0_15_0_0_i_22/O
                         net (fo=5, unplaced)         0.375     6.288    u_bpu/u_ubtb/bank0_btype_reg_0_15_0_0_i_22_n_0
                         LUT6 (Prop_lut6_I0_O)        0.105     6.393 r  u_bpu/u_ubtb/bank0_btype_reg_0_15_0_0_i_34/O
                         net (fo=1, unplaced)         0.347     6.740    u_bpu/u_ubtb/bank0_btype_reg_0_15_0_0_i_34_n_0
                         LUT2 (Prop_lut2_I0_O)        0.105     6.845 r  u_bpu/u_ubtb/bank0_btype_reg_0_15_0_0_i_9/O
                         net (fo=72, unplaced)        0.673     7.518    u_bpu/u_ubtb/bank0_btype_reg_0_15_0_0/DPRA3
                         RAMD32 (Prop_ramd32_RADR3_O)
                                                      0.105     7.623 r  u_bpu/u_ubtb/bank0_btype_reg_0_15_0_0/DP/O
                         net (fo=3, unplaced)         0.956     8.579    u_bpu/u_ubtb/br_type_o0[0]
                         LUT6 (Prop_lut6_I5_O)        0.105     8.684 r  u_bpu/u_ubtb/p0_target_r[31]_i_8/O
                         net (fo=1, unplaced)         0.582     9.266    u_bpu/u_fallback_btb/p0_target_r_reg[0]_0
                         LUT6 (Prop_lut6_I2_O)        0.105     9.371 r  u_bpu/u_fallback_btb/p0_target_r[31]_i_4/O
                         net (fo=64, unplaced)        1.026    10.397    u_bpu/u_fallback_btb/spec_cnt_reg[5]
                         LUT6 (Prop_lut6_I1_O)        0.105    10.502 r  u_bpu/u_fallback_btb/pc[12]_i_3/O
                         net (fo=1, unplaced)         0.582    11.084    u_bpu/u_ftb/gen_ftb_way[1].u_way/pc_reg[12]_0
                         LUT5 (Prop_lut5_I1_O)        0.105    11.189 r  u_bpu/u_ftb/gen_ftb_way[1].u_way/pc[12]_i_1/O
                         net (fo=1, unplaced)         0.000    11.189    u_bpu/u_ftb_n_99
                         FDRE                                         r  u_bpu/pc_reg[12]/D
  -------------------------------------------------------------------    -------------------

                         (clock cpu_clk rise edge)   11.111    11.111 r  
                                                      0.000    11.111 r  aclk (IN)
                         net (fo=34009, unset)        0.748    11.859    u_bpu/aclk
                         FDRE                                         r  u_bpu/pc_reg[12]/C
                         clock pessimism              0.000    11.859    
                         clock uncertainty           -0.035    11.823    
                         FDRE (Setup_fdre_C_D)        0.029    11.852    u_bpu/pc_reg[12]
  -------------------------------------------------------------------
                         required time                         11.852    
                         arrival time                         -11.189    
  -------------------------------------------------------------------
                         slack                                  0.663    

Slack (MET) :             0.663ns  (required time - arrival time)
  Source:                 u_bpu/pc_reg[10]/C
                            (rising edge-triggered cell FDRE clocked by cpu_clk  {rise@0.000ns fall@5.556ns period=11.111ns})
  Destination:            u_bpu/pc_reg[13]/D
                            (rising edge-triggered cell FDRE clocked by cpu_clk  {rise@0.000ns fall@5.556ns period=11.111ns})
  Path Group:             cpu_clk
  Path Type:              Setup (Max at Slow Process Corner)
  Requirement:            11.111ns  (cpu_clk rise@11.111ns - cpu_clk rise@0.000ns)
  Data Path Delay:        10.402ns  (logic 2.792ns (26.841%)  route 7.610ns (73.159%))
  Logic Levels:           16  (CARRY4=2 LUT2=1 LUT4=2 LUT5=4 LUT6=6 RAMD32=1)
  Clock Path Skew:        -0.039ns (DCD - SCD + CPR)
    Destination Clock Delay (DCD):    0.748ns = ( 11.859 - 11.111 ) 
    Source Clock Delay      (SCD):    0.787ns
    Clock Pessimism Removal (CPR):    0.000ns
  Clock Uncertainty:      0.035ns  ((TSJ^2 + TIJ^2)^1/2 + DJ) / 2 + PE
    Total System Jitter     (TSJ):    0.071ns
    Total Input Jitter      (TIJ):    0.000ns
    Discrete Jitter          (DJ):    0.000ns
    Phase Error              (PE):    0.000ns

    Location             Delay type                Incr(ns)  Path(ns)    Netlist Resource(s)
  -------------------------------------------------------------------    -------------------
                         (clock cpu_clk rise edge)    0.000     0.000 r  
                                                      0.000     0.000 r  aclk (IN)
                         net (fo=34009, unset)        0.787     0.787    u_bpu/aclk
                         FDRE                                         r  u_bpu/pc_reg[10]/C
  -------------------------------------------------------------------    -------------------
                         FDRE (Prop_fdre_C_Q)         0.379     1.166 r  u_bpu/pc_reg[10]/Q
                         net (fo=35, unplaced)        0.852     2.018    u_bpu/u_ubtb/bank0_btype_reg_0_15_0_0_i_188_0[7]
                         LUT6 (Prop_lut6_I0_O)        0.232     2.250 r  u_bpu/u_ubtb/bank0_btype_reg_0_15_0_0_i_274/O
                         net (fo=117, unplaced)       0.450     2.700    u_bpu/u_ubtb/bank0_btype_reg_0_15_0_0_i_274_n_0
                         LUT4 (Prop_lut4_I2_O)        0.105     2.805 f  u_bpu/u_ubtb/bank0_btype_reg_0_15_0_0_i_747/O
                         net (fo=1, unplaced)         0.347     3.152    u_bpu/u_ubtb/bank0_btype_reg_0_15_0_0_i_747_n_0
                         LUT6 (Prop_lut6_I5_O)        0.105     3.257 r  u_bpu/u_ubtb/bank0_btype_reg_0_15_0_0_i_526/O
                         net (fo=1, unplaced)         0.000     3.257    u_bpu/u_ubtb/bank0_btype_reg_0_15_0_0_i_526_n_0
                         CARRY4 (Prop_carry4_S[1]_CO[3])
                                                      0.457     3.714 r  u_bpu/u_ubtb/bank0_btype_reg_0_15_0_0_i_298/CO[3]
                         net (fo=1, unplaced)         0.008     3.722    u_bpu/u_ubtb/bank0_btype_reg_0_15_0_0_i_298_n_0
                         CARRY4 (Prop_carry4_CI_CO[2])
                                                      0.209     3.931 f  u_bpu/u_ubtb/bank0_btype_reg_0_15_0_0_i_166/CO[2]
                         net (fo=1, unplaced)         0.349     4.280    u_bpu/u_ubtb/q_hit_40
                         LUT4 (Prop_lut4_I0_O)        0.252     4.532 r  u_bpu/u_ubtb/bank0_btype_reg_0_15_0_0_i_82/O
                         net (fo=2, unplaced)         0.358     4.890    u_bpu/u_ubtb/bank0_btype_reg_0_15_0_0_i_82_n_0
                         LUT5 (Prop_lut5_I4_O)        0.105     4.995 f  u_bpu/u_ubtb/bank0_btype_reg_0_15_0_0_i_27/O
                         net (fo=2, unplaced)         0.358     5.353    u_bpu/u_ubtb/bank0_btype_reg_0_15_0_0_i_27_n_0
                         LUT5 (Prop_lut5_I4_O)        0.108     5.461 f  u_bpu/u_ubtb/bank0_btype_reg_0_15_0_0_i_74/O
                         net (fo=1, unplaced)         0.347     5.808    u_bpu/u_ubtb/bank0_btype_reg_0_15_0_0_i_74_n_0
                         LUT5 (Prop_lut5_I0_O)        0.105     5.913 f  u_bpu/u_ubtb/bank0_btype_reg_0_15_0_0_i_22/O
                         net (fo=5, unplaced)         0.375     6.288    u_bpu/u_ubtb/bank0_btype_reg_0_15_0_0_i_22_n_0
                         LUT6 (Prop_lut6_I0_O)        0.105     6.393 r  u_bpu/u_ubtb/bank0_btype_reg_0_15_0_0_i_34/O
                         net (fo=1, unplaced)         0.347     6.740    u_bpu/u_ubtb/bank0_btype_reg_0_15_0_0_i_34_n_0
                         LUT2 (Prop_lut2_I0_O)        0.105     6.845 r  u_bpu/u_ubtb/bank0_btype_reg_0_15_0_0_i_9/O
                         net (fo=72, unplaced)        0.673     7.518    u_bpu/u_ubtb/bank0_btype_reg_0_15_0_0/DPRA3
                         RAMD32 (Prop_ramd32_RADR3_O)
                                                      0.105     7.623 r  u_bpu/u_ubtb/bank0_btype_reg_0_15_0_0/DP/O
                         net (fo=3, unplaced)         0.956     8.579    u_bpu/u_ubtb/br_type_o0[0]
                         LUT6 (Prop_lut6_I5_O)        0.105     8.684 r  u_bpu/u_ubtb/p0_target_r[31]_i_8/O
                         net (fo=1, unplaced)         0.582     9.266    u_bpu/u_fallback_btb/p0_target_r_reg[0]_0
                         LUT6 (Prop_lut6_I2_O)        0.105     9.371 r  u_bpu/u_fallback_btb/p0_target_r[31]_i_4/O
                         net (fo=64, unplaced)        1.026    10.397    u_bpu/u_fallback_btb/spec_cnt_reg[5]
                         LUT6 (Prop_lut6_I1_O)        0.105    10.502 r  u_bpu/u_fallback_btb/pc[13]_i_3/O
                         net (fo=1, unplaced)         0.582    11.084    u_bpu/u_ftb/gen_ftb_way[1].u_way/pc_reg[13]_0
                         LUT5 (Prop_lut5_I1_O)        0.105    11.189 r  u_bpu/u_ftb/gen_ftb_way[1].u_way/pc[13]_i_1/O
                         net (fo=1, unplaced)         0.000    11.189    u_bpu/u_ftb_n_98
                         FDRE                                         r  u_bpu/pc_reg[13]/D
  -------------------------------------------------------------------    -------------------

                         (clock cpu_clk rise edge)   11.111    11.111 r  
                                                      0.000    11.111 r  aclk (IN)
                         net (fo=34009, unset)        0.748    11.859    u_bpu/aclk
                         FDRE                                         r  u_bpu/pc_reg[13]/C
                         clock pessimism              0.000    11.859    
                         clock uncertainty           -0.035    11.823    
                         FDRE (Setup_fdre_C_D)        0.029    11.852    u_bpu/pc_reg[13]
  -------------------------------------------------------------------
                         required time                         11.852    
                         arrival time                         -11.189    
  -------------------------------------------------------------------
                         slack                                  0.663    

Slack (MET) :             0.663ns  (required time - arrival time)
  Source:                 u_bpu/pc_reg[10]/C
                            (rising edge-triggered cell FDRE clocked by cpu_clk  {rise@0.000ns fall@5.556ns period=11.111ns})
  Destination:            u_bpu/pc_reg[14]/D
                            (rising edge-triggered cell FDRE clocked by cpu_clk  {rise@0.000ns fall@5.556ns period=11.111ns})
  Path Group:             cpu_clk
  Path Type:              Setup (Max at Slow Process Corner)
  Requirement:            11.111ns  (cpu_clk rise@11.111ns - cpu_clk rise@0.000ns)
  Data Path Delay:        10.402ns  (logic 2.792ns (26.841%)  route 7.610ns (73.159%))
  Logic Levels:           16  (CARRY4=2 LUT2=1 LUT4=2 LUT5=4 LUT6=6 RAMD32=1)
  Clock Path Skew:        -0.039ns (DCD - SCD + CPR)
    Destination Clock Delay (DCD):    0.748ns = ( 11.859 - 11.111 ) 
    Source Clock Delay      (SCD):    0.787ns
    Clock Pessimism Removal (CPR):    0.000ns
  Clock Uncertainty:      0.035ns  ((TSJ^2 + TIJ^2)^1/2 + DJ) / 2 + PE
    Total System Jitter     (TSJ):    0.071ns
    Total Input Jitter      (TIJ):    0.000ns
    Discrete Jitter          (DJ):    0.000ns
    Phase Error              (PE):    0.000ns

    Location             Delay type                Incr(ns)  Path(ns)    Netlist Resource(s)
  -------------------------------------------------------------------    -------------------
                         (clock cpu_clk rise edge)    0.000     0.000 r  
                                                      0.000     0.000 r  aclk (IN)
                         net (fo=34009, unset)        0.787     0.787    u_bpu/aclk
                         FDRE                                         r  u_bpu/pc_reg[10]/C
  -------------------------------------------------------------------    -------------------
                         FDRE (Prop_fdre_C_Q)         0.379     1.166 r  u_bpu/pc_reg[10]/Q
                         net (fo=35, unplaced)        0.852     2.018    u_bpu/u_ubtb/bank0_btype_reg_0_15_0_0_i_188_0[7]
                         LUT6 (Prop_lut6_I0_O)        0.232     2.250 r  u_bpu/u_ubtb/bank0_btype_reg_0_15_0_0_i_274/O
                         net (fo=117, unplaced)       0.450     2.700    u_bpu/u_ubtb/bank0_btype_reg_0_15_0_0_i_274_n_0
                         LUT4 (Prop_lut4_I2_O)        0.105     2.805 f  u_bpu/u_ubtb/bank0_btype_reg_0_15_0_0_i_747/O
                         net (fo=1, unplaced)         0.347     3.152    u_bpu/u_ubtb/bank0_btype_reg_0_15_0_0_i_747_n_0
                         LUT6 (Prop_lut6_I5_O)        0.105     3.257 r  u_bpu/u_ubtb/bank0_btype_reg_0_15_0_0_i_526/O
                         net (fo=1, unplaced)         0.000     3.257    u_bpu/u_ubtb/bank0_btype_reg_0_15_0_0_i_526_n_0
                         CARRY4 (Prop_carry4_S[1]_CO[3])
                                                      0.457     3.714 r  u_bpu/u_ubtb/bank0_btype_reg_0_15_0_0_i_298/CO[3]
                         net (fo=1, unplaced)         0.008     3.722    u_bpu/u_ubtb/bank0_btype_reg_0_15_0_0_i_298_n_0
                         CARRY4 (Prop_carry4_CI_CO[2])
                                                      0.209     3.931 f  u_bpu/u_ubtb/bank0_btype_reg_0_15_0_0_i_166/CO[2]
                         net (fo=1, unplaced)         0.349     4.280    u_bpu/u_ubtb/q_hit_40
                         LUT4 (Prop_lut4_I0_O)        0.252     4.532 r  u_bpu/u_ubtb/bank0_btype_reg_0_15_0_0_i_82/O
                         net (fo=2, unplaced)         0.358     4.890    u_bpu/u_ubtb/bank0_btype_reg_0_15_0_0_i_82_n_0
                         LUT5 (Prop_lut5_I4_O)        0.105     4.995 f  u_bpu/u_ubtb/bank0_btype_reg_0_15_0_0_i_27/O
                         net (fo=2, unplaced)         0.358     5.353    u_bpu/u_ubtb/bank0_btype_reg_0_15_0_0_i_27_n_0
                         LUT5 (Prop_lut5_I4_O)        0.108     5.461 f  u_bpu/u_ubtb/bank0_btype_reg_0_15_0_0_i_74/O
                         net (fo=1, unplaced)         0.347     5.808    u_bpu/u_ubtb/bank0_btype_reg_0_15_0_0_i_74_n_0
                         LUT5 (Prop_lut5_I0_O)        0.105     5.913 f  u_bpu/u_ubtb/bank0_btype_reg_0_15_0_0_i_22/O
                         net (fo=5, unplaced)         0.375     6.288    u_bpu/u_ubtb/bank0_btype_reg_0_15_0_0_i_22_n_0
                         LUT6 (Prop_lut6_I0_O)        0.105     6.393 r  u_bpu/u_ubtb/bank0_btype_reg_0_15_0_0_i_34/O
                         net (fo=1, unplaced)         0.347     6.740    u_bpu/u_ubtb/bank0_btype_reg_0_15_0_0_i_34_n_0
                         LUT2 (Prop_lut2_I0_O)        0.105     6.845 r  u_bpu/u_ubtb/bank0_btype_reg_0_15_0_0_i_9/O
                         net (fo=72, unplaced)        0.673     7.518    u_bpu/u_ubtb/bank0_btype_reg_0_15_0_0/DPRA3
                         RAMD32 (Prop_ramd32_RADR3_O)
                                                      0.105     7.623 r  u_bpu/u_ubtb/bank0_btype_reg_0_15_0_0/DP/O
                         net (fo=3, unplaced)         0.956     8.579    u_bpu/u_ubtb/br_type_o0[0]
                         LUT6 (Prop_lut6_I5_O)        0.105     8.684 r  u_bpu/u_ubtb/p0_target_r[31]_i_8/O
                         net (fo=1, unplaced)         0.582     9.266    u_bpu/u_fallback_btb/p0_target_r_reg[0]_0
                         LUT6 (Prop_lut6_I2_O)        0.105     9.371 r  u_bpu/u_fallback_btb/p0_target_r[31]_i_4/O
                         net (fo=64, unplaced)        1.026    10.397    u_bpu/u_fallback_btb/spec_cnt_reg[5]
                         LUT6 (Prop_lut6_I1_O)        0.105    10.502 r  u_bpu/u_fallback_btb/pc[14]_i_3/O
                         net (fo=1, unplaced)         0.582    11.084    u_bpu/u_ftb/gen_ftb_way[1].u_way/pc_reg[14]_0
                         LUT5 (Prop_lut5_I1_O)        0.105    11.189 r  u_bpu/u_ftb/gen_ftb_way[1].u_way/pc[14]_i_1/O
                         net (fo=1, unplaced)         0.000    11.189    u_bpu/u_ftb_n_97
                         FDRE                                         r  u_bpu/pc_reg[14]/D
  -------------------------------------------------------------------    -------------------

                         (clock cpu_clk rise edge)   11.111    11.111 r  
                                                      0.000    11.111 r  aclk (IN)
                         net (fo=34009, unset)        0.748    11.859    u_bpu/aclk
                         FDRE                                         r  u_bpu/pc_reg[14]/C
                         clock pessimism              0.000    11.859    
                         clock uncertainty           -0.035    11.823    
                         FDRE (Setup_fdre_C_D)        0.029    11.852    u_bpu/pc_reg[14]
  -------------------------------------------------------------------
                         required time                         11.852    
                         arrival time                         -11.189    
  -------------------------------------------------------------------
                         slack                                  0.663    

Slack (MET) :             0.663ns  (required time - arrival time)
  Source:                 u_bpu/pc_reg[10]/C
                            (rising edge-triggered cell FDRE clocked by cpu_clk  {rise@0.000ns fall@5.556ns period=11.111ns})
  Destination:            u_bpu/pc_reg[15]/D
                            (rising edge-triggered cell FDRE clocked by cpu_clk  {rise@0.000ns fall@5.556ns period=11.111ns})
  Path Group:             cpu_clk
  Path Type:              Setup (Max at Slow Process Corner)
  Requirement:            11.111ns  (cpu_clk rise@11.111ns - cpu_clk rise@0.000ns)
  Data Path Delay:        10.402ns  (logic 2.792ns (26.841%)  route 7.610ns (73.159%))
  Logic Levels:           16  (CARRY4=2 LUT2=1 LUT4=2 LUT5=4 LUT6=6 RAMD32=1)
  Clock Path Skew:        -0.039ns (DCD - SCD + CPR)
    Destination Clock Delay (DCD):    0.748ns = ( 11.859 - 11.111 ) 
    Source Clock Delay      (SCD):    0.787ns
    Clock Pessimism Removal (CPR):    0.000ns
  Clock Uncertainty:      0.035ns  ((TSJ^2 + TIJ^2)^1/2 + DJ) / 2 + PE
    Total System Jitter     (TSJ):    0.071ns
    Total Input Jitter      (TIJ):    0.000ns
    Discrete Jitter          (DJ):    0.000ns
    Phase Error              (PE):    0.000ns

    Location             Delay type                Incr(ns)  Path(ns)    Netlist Resource(s)
  -------------------------------------------------------------------    -------------------
                         (clock cpu_clk rise edge)    0.000     0.000 r  
                                                      0.000     0.000 r  aclk (IN)
                         net (fo=34009, unset)        0.787     0.787    u_bpu/aclk
                         FDRE                                         r  u_bpu/pc_reg[10]/C
  -------------------------------------------------------------------    -------------------
                         FDRE (Prop_fdre_C_Q)         0.379     1.166 r  u_bpu/pc_reg[10]/Q
                         net (fo=35, unplaced)        0.852     2.018    u_bpu/u_ubtb/bank0_btype_reg_0_15_0_0_i_188_0[7]
                         LUT6 (Prop_lut6_I0_O)        0.232     2.250 r  u_bpu/u_ubtb/bank0_btype_reg_0_15_0_0_i_274/O
                         net (fo=117, unplaced)       0.450     2.700    u_bpu/u_ubtb/bank0_btype_reg_0_15_0_0_i_274_n_0
                         LUT4 (Prop_lut4_I2_O)        0.105     2.805 f  u_bpu/u_ubtb/bank0_btype_reg_0_15_0_0_i_747/O
                         net (fo=1, unplaced)         0.347     3.152    u_bpu/u_ubtb/bank0_btype_reg_0_15_0_0_i_747_n_0
                         LUT6 (Prop_lut6_I5_O)        0.105     3.257 r  u_bpu/u_ubtb/bank0_btype_reg_0_15_0_0_i_526/O
                         net (fo=1, unplaced)         0.000     3.257    u_bpu/u_ubtb/bank0_btype_reg_0_15_0_0_i_526_n_0
                         CARRY4 (Prop_carry4_S[1]_CO[3])
                                                      0.457     3.714 r  u_bpu/u_ubtb/bank0_btype_reg_0_15_0_0_i_298/CO[3]
                         net (fo=1, unplaced)         0.008     3.722    u_bpu/u_ubtb/bank0_btype_reg_0_15_0_0_i_298_n_0
                         CARRY4 (Prop_carry4_CI_CO[2])
                                                      0.209     3.931 f  u_bpu/u_ubtb/bank0_btype_reg_0_15_0_0_i_166/CO[2]
                         net (fo=1, unplaced)         0.349     4.280    u_bpu/u_ubtb/q_hit_40
                         LUT4 (Prop_lut4_I0_O)        0.252     4.532 r  u_bpu/u_ubtb/bank0_btype_reg_0_15_0_0_i_82/O
                         net (fo=2, unplaced)         0.358     4.890    u_bpu/u_ubtb/bank0_btype_reg_0_15_0_0_i_82_n_0
                         LUT5 (Prop_lut5_I4_O)        0.105     4.995 f  u_bpu/u_ubtb/bank0_btype_reg_0_15_0_0_i_27/O
                         net (fo=2, unplaced)         0.358     5.353    u_bpu/u_ubtb/bank0_btype_reg_0_15_0_0_i_27_n_0
                         LUT5 (Prop_lut5_I4_O)        0.108     5.461 f  u_bpu/u_ubtb/bank0_btype_reg_0_15_0_0_i_74/O
                         net (fo=1, unplaced)         0.347     5.808    u_bpu/u_ubtb/bank0_btype_reg_0_15_0_0_i_74_n_0
                         LUT5 (Prop_lut5_I0_O)        0.105     5.913 f  u_bpu/u_ubtb/bank0_btype_reg_0_15_0_0_i_22/O
                         net (fo=5, unplaced)         0.375     6.288    u_bpu/u_ubtb/bank0_btype_reg_0_15_0_0_i_22_n_0
                         LUT6 (Prop_lut6_I0_O)        0.105     6.393 r  u_bpu/u_ubtb/bank0_btype_reg_0_15_0_0_i_34/O
                         net (fo=1, unplaced)         0.347     6.740    u_bpu/u_ubtb/bank0_btype_reg_0_15_0_0_i_34_n_0
                         LUT2 (Prop_lut2_I0_O)        0.105     6.845 r  u_bpu/u_ubtb/bank0_btype_reg_0_15_0_0_i_9/O
                         net (fo=72, unplaced)        0.673     7.518    u_bpu/u_ubtb/bank0_btype_reg_0_15_0_0/DPRA3
                         RAMD32 (Prop_ramd32_RADR3_O)
                                                      0.105     7.623 r  u_bpu/u_ubtb/bank0_btype_reg_0_15_0_0/DP/O
                         net (fo=3, unplaced)         0.956     8.579    u_bpu/u_ubtb/br_type_o0[0]
                         LUT6 (Prop_lut6_I5_O)        0.105     8.684 r  u_bpu/u_ubtb/p0_target_r[31]_i_8/O
                         net (fo=1, unplaced)         0.582     9.266    u_bpu/u_fallback_btb/p0_target_r_reg[0]_0
                         LUT6 (Prop_lut6_I2_O)        0.105     9.371 r  u_bpu/u_fallback_btb/p0_target_r[31]_i_4/O
                         net (fo=64, unplaced)        1.026    10.397    u_bpu/u_fallback_btb/spec_cnt_reg[5]
                         LUT6 (Prop_lut6_I1_O)        0.105    10.502 r  u_bpu/u_fallback_btb/pc[15]_i_3/O
                         net (fo=1, unplaced)         0.582    11.084    u_bpu/u_ftb/gen_ftb_way[1].u_way/pc_reg[15]_0
                         LUT5 (Prop_lut5_I1_O)        0.105    11.189 r  u_bpu/u_ftb/gen_ftb_way[1].u_way/pc[15]_i_1/O
                         net (fo=1, unplaced)         0.000    11.189    u_bpu/u_ftb_n_96
                         FDRE                                         r  u_bpu/pc_reg[15]/D
  -------------------------------------------------------------------    -------------------

                         (clock cpu_clk rise edge)   11.111    11.111 r  
                                                      0.000    11.111 r  aclk (IN)
                         net (fo=34009, unset)        0.748    11.859    u_bpu/aclk
                         FDRE                                         r  u_bpu/pc_reg[15]/C
                         clock pessimism              0.000    11.859    
                         clock uncertainty           -0.035    11.823    
                         FDRE (Setup_fdre_C_D)        0.029    11.852    u_bpu/pc_reg[15]
  -------------------------------------------------------------------
                         required time                         11.852    
                         arrival time                         -11.189    
  -------------------------------------------------------------------
                         slack                                  0.663    

Slack (MET) :             0.663ns  (required time - arrival time)
  Source:                 u_bpu/pc_reg[10]/C
                            (rising edge-triggered cell FDRE clocked by cpu_clk  {rise@0.000ns fall@5.556ns period=11.111ns})
  Destination:            u_bpu/pc_reg[16]/D
                            (rising edge-triggered cell FDRE clocked by cpu_clk  {rise@0.000ns fall@5.556ns period=11.111ns})
  Path Group:             cpu_clk
  Path Type:              Setup (Max at Slow Process Corner)
  Requirement:            11.111ns  (cpu_clk rise@11.111ns - cpu_clk rise@0.000ns)
  Data Path Delay:        10.402ns  (logic 2.792ns (26.841%)  route 7.610ns (73.159%))
  Logic Levels:           16  (CARRY4=2 LUT2=1 LUT4=2 LUT5=4 LUT6=6 RAMD32=1)
  Clock Path Skew:        -0.039ns (DCD - SCD + CPR)
    Destination Clock Delay (DCD):    0.748ns = ( 11.859 - 11.111 ) 
    Source Clock Delay      (SCD):    0.787ns
    Clock Pessimism Removal (CPR):    0.000ns
  Clock Uncertainty:      0.035ns  ((TSJ^2 + TIJ^2)^1/2 + DJ) / 2 + PE
    Total System Jitter     (TSJ):    0.071ns
    Total Input Jitter      (TIJ):    0.000ns
    Discrete Jitter          (DJ):    0.000ns
    Phase Error              (PE):    0.000ns

    Location             Delay type                Incr(ns)  Path(ns)    Netlist Resource(s)
  -------------------------------------------------------------------    -------------------
                         (clock cpu_clk rise edge)    0.000     0.000 r  
                                                      0.000     0.000 r  aclk (IN)
                         net (fo=34009, unset)        0.787     0.787    u_bpu/aclk
                         FDRE                                         r  u_bpu/pc_reg[10]/C
  -------------------------------------------------------------------    -------------------
                         FDRE (Prop_fdre_C_Q)         0.379     1.166 r  u_bpu/pc_reg[10]/Q
                         net (fo=35, unplaced)        0.852     2.018    u_bpu/u_ubtb/bank0_btype_reg_0_15_0_0_i_188_0[7]
                         LUT6 (Prop_lut6_I0_O)        0.232     2.250 r  u_bpu/u_ubtb/bank0_btype_reg_0_15_0_0_i_274/O
                         net (fo=117, unplaced)       0.450     2.700    u_bpu/u_ubtb/bank0_btype_reg_0_15_0_0_i_274_n_0
                         LUT4 (Prop_lut4_I2_O)        0.105     2.805 f  u_bpu/u_ubtb/bank0_btype_reg_0_15_0_0_i_747/O
                         net (fo=1, unplaced)         0.347     3.152    u_bpu/u_ubtb/bank0_btype_reg_0_15_0_0_i_747_n_0
                         LUT6 (Prop_lut6_I5_O)        0.105     3.257 r  u_bpu/u_ubtb/bank0_btype_reg_0_15_0_0_i_526/O
                         net (fo=1, unplaced)         0.000     3.257    u_bpu/u_ubtb/bank0_btype_reg_0_15_0_0_i_526_n_0
                         CARRY4 (Prop_carry4_S[1]_CO[3])
                                                      0.457     3.714 r  u_bpu/u_ubtb/bank0_btype_reg_0_15_0_0_i_298/CO[3]
                         net (fo=1, unplaced)         0.008     3.722    u_bpu/u_ubtb/bank0_btype_reg_0_15_0_0_i_298_n_0
                         CARRY4 (Prop_carry4_CI_CO[2])
                                                      0.209     3.931 f  u_bpu/u_ubtb/bank0_btype_reg_0_15_0_0_i_166/CO[2]
                         net (fo=1, unplaced)         0.349     4.280    u_bpu/u_ubtb/q_hit_40
                         LUT4 (Prop_lut4_I0_O)        0.252     4.532 r  u_bpu/u_ubtb/bank0_btype_reg_0_15_0_0_i_82/O
                         net (fo=2, unplaced)         0.358     4.890    u_bpu/u_ubtb/bank0_btype_reg_0_15_0_0_i_82_n_0
                         LUT5 (Prop_lut5_I4_O)        0.105     4.995 f  u_bpu/u_ubtb/bank0_btype_reg_0_15_0_0_i_27/O
                         net (fo=2, unplaced)         0.358     5.353    u_bpu/u_ubtb/bank0_btype_reg_0_15_0_0_i_27_n_0
                         LUT5 (Prop_lut5_I4_O)        0.108     5.461 f  u_bpu/u_ubtb/bank0_btype_reg_0_15_0_0_i_74/O
                         net (fo=1, unplaced)         0.347     5.808    u_bpu/u_ubtb/bank0_btype_reg_0_15_0_0_i_74_n_0
                         LUT5 (Prop_lut5_I0_O)        0.105     5.913 f  u_bpu/u_ubtb/bank0_btype_reg_0_15_0_0_i_22/O
                         net (fo=5, unplaced)         0.375     6.288    u_bpu/u_ubtb/bank0_btype_reg_0_15_0_0_i_22_n_0
                         LUT6 (Prop_lut6_I0_O)        0.105     6.393 r  u_bpu/u_ubtb/bank0_btype_reg_0_15_0_0_i_34/O
                         net (fo=1, unplaced)         0.347     6.740    u_bpu/u_ubtb/bank0_btype_reg_0_15_0_0_i_34_n_0
                         LUT2 (Prop_lut2_I0_O)        0.105     6.845 r  u_bpu/u_ubtb/bank0_btype_reg_0_15_0_0_i_9/O
                         net (fo=72, unplaced)        0.673     7.518    u_bpu/u_ubtb/bank0_btype_reg_0_15_0_0/DPRA3
                         RAMD32 (Prop_ramd32_RADR3_O)
                                                      0.105     7.623 r  u_bpu/u_ubtb/bank0_btype_reg_0_15_0_0/DP/O
                         net (fo=3, unplaced)         0.956     8.579    u_bpu/u_ubtb/br_type_o0[0]
                         LUT6 (Prop_lut6_I5_O)        0.105     8.684 r  u_bpu/u_ubtb/p0_target_r[31]_i_8/O
                         net (fo=1, unplaced)         0.582     9.266    u_bpu/u_fallback_btb/p0_target_r_reg[0]_0
                         LUT6 (Prop_lut6_I2_O)        0.105     9.371 r  u_bpu/u_fallback_btb/p0_target_r[31]_i_4/O
                         net (fo=64, unplaced)        1.026    10.397    u_bpu/u_fallback_btb/spec_cnt_reg[5]
                         LUT6 (Prop_lut6_I1_O)        0.105    10.502 r  u_bpu/u_fallback_btb/pc[16]_i_3/O
                         net (fo=1, unplaced)         0.582    11.084    u_bpu/u_ftb/gen_ftb_way[1].u_way/pc_reg[16]_0
                         LUT5 (Prop_lut5_I1_O)        0.105    11.189 r  u_bpu/u_ftb/gen_ftb_way[1].u_way/pc[16]_i_1/O
                         net (fo=1, unplaced)         0.000    11.189    u_bpu/u_ftb_n_95
                         FDRE                                         r  u_bpu/pc_reg[16]/D
  -------------------------------------------------------------------    -------------------

                         (clock cpu_clk rise edge)   11.111    11.111 r  
                                                      0.000    11.111 r  aclk (IN)
                         net (fo=34009, unset)        0.748    11.859    u_bpu/aclk
                         FDRE                                         r  u_bpu/pc_reg[16]/C
                         clock pessimism              0.000    11.859    
                         clock uncertainty           -0.035    11.823    
                         FDRE (Setup_fdre_C_D)        0.029    11.852    u_bpu/pc_reg[16]
  -------------------------------------------------------------------
                         required time                         11.852    
                         arrival time                         -11.189    
  -------------------------------------------------------------------
                         slack                                  0.663    

Slack (MET) :             0.898ns  (required time - arrival time)
  Source:                 u_bpu/pc_reg[10]/C
                            (rising edge-triggered cell FDRE clocked by cpu_clk  {rise@0.000ns fall@5.556ns period=11.111ns})
  Destination:            u_bpu/pc_reg[26]/D
                            (rising edge-triggered cell FDRE clocked by cpu_clk  {rise@0.000ns fall@5.556ns period=11.111ns})
  Path Group:             cpu_clk
  Path Type:              Setup (Max at Slow Process Corner)
  Requirement:            11.111ns  (cpu_clk rise@11.111ns - cpu_clk rise@0.000ns)
  Data Path Delay:        10.167ns  (logic 2.792ns (27.461%)  route 7.375ns (72.539%))
  Logic Levels:           16  (CARRY4=2 LUT2=1 LUT4=2 LUT5=3 LUT6=7 RAMD32=1)
  Clock Path Skew:        -0.039ns (DCD - SCD + CPR)
    Destination Clock Delay (DCD):    0.748ns = ( 11.859 - 11.111 ) 
    Source Clock Delay      (SCD):    0.787ns
    Clock Pessimism Removal (CPR):    0.000ns
  Clock Uncertainty:      0.035ns  ((TSJ^2 + TIJ^2)^1/2 + DJ) / 2 + PE
    Total System Jitter     (TSJ):    0.071ns
    Total Input Jitter      (TIJ):    0.000ns
    Discrete Jitter          (DJ):    0.000ns
    Phase Error              (PE):    0.000ns

    Location             Delay type                Incr(ns)  Path(ns)    Netlist Resource(s)
  -------------------------------------------------------------------    -------------------
                         (clock cpu_clk rise edge)    0.000     0.000 r  
                                                      0.000     0.000 r  aclk (IN)
                         net (fo=34009, unset)        0.787     0.787    u_bpu/aclk
                         FDRE                                         r  u_bpu/pc_reg[10]/C
  -------------------------------------------------------------------    -------------------
                         FDRE (Prop_fdre_C_Q)         0.379     1.166 r  u_bpu/pc_reg[10]/Q
                         net (fo=35, unplaced)        0.852     2.018    u_bpu/u_ubtb/bank0_btype_reg_0_15_0_0_i_188_0[7]
                         LUT6 (Prop_lut6_I0_O)        0.232     2.250 r  u_bpu/u_ubtb/bank0_btype_reg_0_15_0_0_i_274/O
                         net (fo=117, unplaced)       0.450     2.700    u_bpu/u_ubtb/bank0_btype_reg_0_15_0_0_i_274_n_0
                         LUT4 (Prop_lut4_I2_O)        0.105     2.805 f  u_bpu/u_ubtb/bank0_btype_reg_0_15_0_0_i_747/O
                         net (fo=1, unplaced)         0.347     3.152    u_bpu/u_ubtb/bank0_btype_reg_0_15_0_0_i_747_n_0
                         LUT6 (Prop_lut6_I5_O)        0.105     3.257 r  u_bpu/u_ubtb/bank0_btype_reg_0_15_0_0_i_526/O
                         net (fo=1, unplaced)         0.000     3.257    u_bpu/u_ubtb/bank0_btype_reg_0_15_0_0_i_526_n_0
                         CARRY4 (Prop_carry4_S[1]_CO[3])
                                                      0.457     3.714 r  u_bpu/u_ubtb/bank0_btype_reg_0_15_0_0_i_298/CO[3]
                         net (fo=1, unplaced)         0.008     3.722    u_bpu/u_ubtb/bank0_btype_reg_0_15_0_0_i_298_n_0
                         CARRY4 (Prop_carry4_CI_CO[2])
                                                      0.209     3.931 f  u_bpu/u_ubtb/bank0_btype_reg_0_15_0_0_i_166/CO[2]
                         net (fo=1, unplaced)         0.349     4.280    u_bpu/u_ubtb/q_hit_40
                         LUT4 (Prop_lut4_I0_O)        0.252     4.532 r  u_bpu/u_ubtb/bank0_btype_reg_0_15_0_0_i_82/O
                         net (fo=2, unplaced)         0.358     4.890    u_bpu/u_ubtb/bank0_btype_reg_0_15_0_0_i_82_n_0
                         LUT5 (Prop_lut5_I4_O)        0.105     4.995 f  u_bpu/u_ubtb/bank0_btype_reg_0_15_0_0_i_27/O
                         net (fo=2, unplaced)         0.358     5.353    u_bpu/u_ubtb/bank0_btype_reg_0_15_0_0_i_27_n_0
                         LUT5 (Prop_lut5_I4_O)        0.108     5.461 f  u_bpu/u_ubtb/bank0_btype_reg_0_15_0_0_i_74/O
                         net (fo=1, unplaced)         0.347     5.808    u_bpu/u_ubtb/bank0_btype_reg_0_15_0_0_i_74_n_0
                         LUT5 (Prop_lut5_I0_O)        0.105     5.913 f  u_bpu/u_ubtb/bank0_btype_reg_0_15_0_0_i_22/O
                         net (fo=5, unplaced)         0.375     6.288    u_bpu/u_ubtb/bank0_btype_reg_0_15_0_0_i_22_n_0
                         LUT6 (Prop_lut6_I0_O)        0.105     6.393 r  u_bpu/u_ubtb/bank0_btype_reg_0_15_0_0_i_34/O
                         net (fo=1, unplaced)         0.347     6.740    u_bpu/u_ubtb/bank0_btype_reg_0_15_0_0_i_34_n_0
                         LUT2 (Prop_lut2_I0_O)        0.105     6.845 r  u_bpu/u_ubtb/bank0_btype_reg_0_15_0_0_i_9/O
                         net (fo=72, unplaced)        0.673     7.518    u_bpu/u_ubtb/bank0_btype_reg_0_15_0_0/DPRA3
                         RAMD32 (Prop_ramd32_RADR3_O)
                                                      0.105     7.623 r  u_bpu/u_ubtb/bank0_btype_reg_0_15_0_0/DP/O
                         net (fo=3, unplaced)         0.956     8.579    u_bpu/u_ubtb/br_type_o0[0]
                         LUT6 (Prop_lut6_I5_O)        0.105     8.684 r  u_bpu/u_ubtb/p0_target_r[31]_i_8/O
                         net (fo=1, unplaced)         0.582     9.266    u_bpu/u_fallback_btb/p0_target_r_reg[0]_0
                         LUT6 (Prop_lut6_I2_O)        0.105     9.371 r  u_bpu/u_fallback_btb/p0_target_r[31]_i_4/O
                         net (fo=64, unplaced)        1.026    10.397    u_bpu/u_fallback_btb/spec_cnt_reg[5]
                         LUT6 (Prop_lut6_I1_O)        0.105    10.502 r  u_bpu/u_fallback_btb/pc[26]_i_3/O
                         net (fo=1, unplaced)         0.347    10.849    u_bpu/u_ftb/gen_ftb_way[1].u_way/pc_reg[26]_0
                         LUT6 (Prop_lut6_I4_O)        0.105    10.954 r  u_bpu/u_ftb/gen_ftb_way[1].u_way/pc[26]_i_1/O
                         net (fo=1, unplaced)         0.000    10.954    u_bpu/u_ftb_n_42
                         FDRE                                         r  u_bpu/pc_reg[26]/D
  -------------------------------------------------------------------    -------------------

                         (clock cpu_clk rise edge)   11.111    11.111 r  
                                                      0.000    11.111 r  aclk (IN)
                         net (fo=34009, unset)        0.748    11.859    u_bpu/aclk
                         FDRE                                         r  u_bpu/pc_reg[26]/C
                         clock pessimism              0.000    11.859    
                         clock uncertainty           -0.035    11.823    
                         FDRE (Setup_fdre_C_D)        0.029    11.852    u_bpu/pc_reg[26]
  -------------------------------------------------------------------
                         required time                         11.852    
                         arrival time                         -10.954    
  -------------------------------------------------------------------
                         slack                                  0.898    

Slack (MET) :             0.898ns  (required time - arrival time)
  Source:                 u_bpu/pc_reg[10]/C
                            (rising edge-triggered cell FDRE clocked by cpu_clk  {rise@0.000ns fall@5.556ns period=11.111ns})
  Destination:            u_bpu/pc_reg[27]/D
                            (rising edge-triggered cell FDRE clocked by cpu_clk  {rise@0.000ns fall@5.556ns period=11.111ns})
  Path Group:             cpu_clk
  Path Type:              Setup (Max at Slow Process Corner)
  Requirement:            11.111ns  (cpu_clk rise@11.111ns - cpu_clk rise@0.000ns)
  Data Path Delay:        10.167ns  (logic 2.792ns (27.461%)  route 7.375ns (72.539%))
  Logic Levels:           16  (CARRY4=2 LUT2=1 LUT4=2 LUT5=3 LUT6=7 RAMD32=1)
  Clock Path Skew:        -0.039ns (DCD - SCD + CPR)
    Destination Clock Delay (DCD):    0.748ns = ( 11.859 - 11.111 ) 
    Source Clock Delay      (SCD):    0.787ns
    Clock Pessimism Removal (CPR):    0.000ns
  Clock Uncertainty:      0.035ns  ((TSJ^2 + TIJ^2)^1/2 + DJ) / 2 + PE
    Total System Jitter     (TSJ):    0.071ns
    Total Input Jitter      (TIJ):    0.000ns
    Discrete Jitter          (DJ):    0.000ns
    Phase Error              (PE):    0.000ns

    Location             Delay type                Incr(ns)  Path(ns)    Netlist Resource(s)
  -------------------------------------------------------------------    -------------------
                         (clock cpu_clk rise edge)    0.000     0.000 r  
                                                      0.000     0.000 r  aclk (IN)
                         net (fo=34009, unset)        0.787     0.787    u_bpu/aclk
                         FDRE                                         r  u_bpu/pc_reg[10]/C
  -------------------------------------------------------------------    -------------------
                         FDRE (Prop_fdre_C_Q)         0.379     1.166 r  u_bpu/pc_reg[10]/Q
                         net (fo=35, unplaced)        0.852     2.018    u_bpu/u_ubtb/bank0_btype_reg_0_15_0_0_i_188_0[7]
                         LUT6 (Prop_lut6_I0_O)        0.232     2.250 r  u_bpu/u_ubtb/bank0_btype_reg_0_15_0_0_i_274/O
                         net (fo=117, unplaced)       0.450     2.700    u_bpu/u_ubtb/bank0_btype_reg_0_15_0_0_i_274_n_0
                         LUT4 (Prop_lut4_I2_O)        0.105     2.805 f  u_bpu/u_ubtb/bank0_btype_reg_0_15_0_0_i_747/O
                         net (fo=1, unplaced)         0.347     3.152    u_bpu/u_ubtb/bank0_btype_reg_0_15_0_0_i_747_n_0
                         LUT6 (Prop_lut6_I5_O)        0.105     3.257 r  u_bpu/u_ubtb/bank0_btype_reg_0_15_0_0_i_526/O
                         net (fo=1, unplaced)         0.000     3.257    u_bpu/u_ubtb/bank0_btype_reg_0_15_0_0_i_526_n_0
                         CARRY4 (Prop_carry4_S[1]_CO[3])
                                                      0.457     3.714 r  u_bpu/u_ubtb/bank0_btype_reg_0_15_0_0_i_298/CO[3]
                         net (fo=1, unplaced)         0.008     3.722    u_bpu/u_ubtb/bank0_btype_reg_0_15_0_0_i_298_n_0
                         CARRY4 (Prop_carry4_CI_CO[2])
                                                      0.209     3.931 f  u_bpu/u_ubtb/bank0_btype_reg_0_15_0_0_i_166/CO[2]
                         net (fo=1, unplaced)         0.349     4.280    u_bpu/u_ubtb/q_hit_40
                         LUT4 (Prop_lut4_I0_O)        0.252     4.532 r  u_bpu/u_ubtb/bank0_btype_reg_0_15_0_0_i_82/O
                         net (fo=2, unplaced)         0.358     4.890    u_bpu/u_ubtb/bank0_btype_reg_0_15_0_0_i_82_n_0
                         LUT5 (Prop_lut5_I4_O)        0.105     4.995 f  u_bpu/u_ubtb/bank0_btype_reg_0_15_0_0_i_27/O
                         net (fo=2, unplaced)         0.358     5.353    u_bpu/u_ubtb/bank0_btype_reg_0_15_0_0_i_27_n_0
                         LUT5 (Prop_lut5_I4_O)        0.108     5.461 f  u_bpu/u_ubtb/bank0_btype_reg_0_15_0_0_i_74/O
                         net (fo=1, unplaced)         0.347     5.808    u_bpu/u_ubtb/bank0_btype_reg_0_15_0_0_i_74_n_0
                         LUT5 (Prop_lut5_I0_O)        0.105     5.913 f  u_bpu/u_ubtb/bank0_btype_reg_0_15_0_0_i_22/O
                         net (fo=5, unplaced)         0.375     6.288    u_bpu/u_ubtb/bank0_btype_reg_0_15_0_0_i_22_n_0
                         LUT6 (Prop_lut6_I0_O)        0.105     6.393 r  u_bpu/u_ubtb/bank0_btype_reg_0_15_0_0_i_34/O
                         net (fo=1, unplaced)         0.347     6.740    u_bpu/u_ubtb/bank0_btype_reg_0_15_0_0_i_34_n_0
                         LUT2 (Prop_lut2_I0_O)        0.105     6.845 r  u_bpu/u_ubtb/bank0_btype_reg_0_15_0_0_i_9/O
                         net (fo=72, unplaced)        0.673     7.518    u_bpu/u_ubtb/bank0_btype_reg_0_15_0_0/DPRA3
                         RAMD32 (Prop_ramd32_RADR3_O)
                                                      0.105     7.623 r  u_bpu/u_ubtb/bank0_btype_reg_0_15_0_0/DP/O
                         net (fo=3, unplaced)         0.956     8.579    u_bpu/u_ubtb/br_type_o0[0]
                         LUT6 (Prop_lut6_I5_O)        0.105     8.684 r  u_bpu/u_ubtb/p0_target_r[31]_i_8/O
                         net (fo=1, unplaced)         0.582     9.266    u_bpu/u_fallback_btb/p0_target_r_reg[0]_0
                         LUT6 (Prop_lut6_I2_O)        0.105     9.371 r  u_bpu/u_fallback_btb/p0_target_r[31]_i_4/O
                         net (fo=64, unplaced)        1.026    10.397    u_bpu/u_fallback_btb/spec_cnt_reg[5]
                         LUT6 (Prop_lut6_I1_O)        0.105    10.502 r  u_bpu/u_fallback_btb/pc[27]_i_3/O
                         net (fo=1, unplaced)         0.347    10.849    u_bpu/u_ftb/gen_ftb_way[1].u_way/pc_reg[27]_0
                         LUT6 (Prop_lut6_I4_O)        0.105    10.954 r  u_bpu/u_ftb/gen_ftb_way[1].u_way/pc[27]_i_1/O
                         net (fo=1, unplaced)         0.000    10.954    u_bpu/u_ftb_n_41
                         FDRE                                         r  u_bpu/pc_reg[27]/D
  -------------------------------------------------------------------    -------------------

                         (clock cpu_clk rise edge)   11.111    11.111 r  
                                                      0.000    11.111 r  aclk (IN)
                         net (fo=34009, unset)        0.748    11.859    u_bpu/aclk
                         FDRE                                         r  u_bpu/pc_reg[27]/C
                         clock pessimism              0.000    11.859    
                         clock uncertainty           -0.035    11.823    
                         FDRE (Setup_fdre_C_D)        0.029    11.852    u_bpu/pc_reg[27]
  -------------------------------------------------------------------
                         required time                         11.852    
                         arrival time                         -10.954    
  -------------------------------------------------------------------
                         slack                                  0.898    

Slack (MET) :             0.900ns  (required time - arrival time)
  Source:                 u_fu_alu1/ex_robid_reg[0]/C
                            (rising edge-triggered cell FDRE clocked by cpu_clk  {rise@0.000ns fall@5.556ns period=11.111ns})
  Destination:            u_lsu/q_vaddr_reg[29]/D
                            (rising edge-triggered cell FDRE clocked by cpu_clk  {rise@0.000ns fall@5.556ns period=11.111ns})
  Path Group:             cpu_clk
  Path Type:              Setup (Max at Slow Process Corner)
  Requirement:            11.111ns  (cpu_clk rise@11.111ns - cpu_clk rise@0.000ns)
  Data Path Delay:        10.195ns  (logic 3.578ns (35.096%)  route 6.617ns (64.904%))
  Logic Levels:           20  (CARRY4=8 LUT3=1 LUT4=1 LUT5=1 LUT6=7 MUXF7=1 MUXF8=1)
  Clock Path Skew:        -0.039ns (DCD - SCD + CPR)
    Destination Clock Delay (DCD):    0.748ns = ( 11.859 - 11.111 ) 
    Source Clock Delay      (SCD):    0.787ns
    Clock Pessimism Removal (CPR):    0.000ns
  Clock Uncertainty:      0.035ns  ((TSJ^2 + TIJ^2)^1/2 + DJ) / 2 + PE
    Total System Jitter     (TSJ):    0.071ns
    Total Input Jitter      (TIJ):    0.000ns
    Discrete Jitter          (DJ):    0.000ns
    Phase Error              (PE):    0.000ns

    Location             Delay type                Incr(ns)  Path(ns)    Netlist Resource(s)
  -------------------------------------------------------------------    -------------------
                         (clock cpu_clk rise edge)    0.000     0.000 r  
                                                      0.000     0.000 r  aclk (IN)
                         net (fo=34009, unset)        0.787     0.787    u_fu_alu1/aclk
                         FDRE                                         r  u_fu_alu1/ex_robid_reg[0]/C
  -------------------------------------------------------------------    -------------------
                         FDRE (Prop_fdre_C_Q)         0.379     1.166 r  u_fu_alu1/ex_robid_reg[0]/Q
                         net (fo=116, unplaced)       0.882     2.048    u_fu_alu1/wb_robid_o[0]
                         LUT6 (Prop_lut6_I0_O)        0.232     2.280 r  u_fu_alu1/s0_val[1][31]_i_19/O
                         net (fo=2, unplaced)         0.793     3.073    u_fu_alu1/s0_val[1][31]_i_19_n_0
                         LUT6 (Prop_lut6_I0_O)        0.105     3.178 f  u_fu_alu1/q_wdata[31]_i_94/O
                         net (fo=1, unplaced)         0.582     3.760    u_rs_mem/head[2]_i_21_0
                         LUT6 (Prop_lut6_I0_O)        0.105     3.865 r  u_rs_mem/q_wdata[31]_i_69/O
                         net (fo=2, unplaced)         0.539     4.404    u_rs_mem/q_wdata[31]_i_69_n_0
                         LUT6 (Prop_lut6_I0_O)        0.105     4.509 r  u_rs_mem/q_wdata[31]_i_33/O
                         net (fo=1, unplaced)         0.582     5.091    u_rs_mem/q_wdata[31]_i_33_n_0
                         LUT6 (Prop_lut6_I5_O)        0.105     5.196 r  u_rs_mem/q_wdata[31]_i_13/O
                         net (fo=6, unplaced)         0.379     5.575    u_rs_mem/q_wdata[31]_i_13_n_0
                         LUT6 (Prop_lut6_I2_O)        0.105     5.680 f  u_rs_mem/head[2]_i_3/O
                         net (fo=8, unplaced)         0.620     6.300    u_rs_mem/head[2]_i_3_n_0
                         LUT6 (Prop_lut6_I1_O)        0.105     6.405 r  u_rs_mem/q_cacop_op[4]_i_8/O
                         net (fo=12, unplaced)        0.395     6.800    u_rs_mem/q_cacop_op[4]_i_8_n_0
                         LUT3 (Prop_lut3_I1_O)        0.105     6.905 r  u_rs_mem/q_vaddr[31]_i_26/O
                         net (fo=168, unplaced)       0.460     7.365    u_rs_mem/head_reg[0]_5
                         LUT4 (Prop_lut4_I2_O)        0.105     7.470 r  u_rs_mem/q_vaddr[31]_i_47/O
                         net (fo=1, unplaced)         0.347     7.817    u_rs_mem/q_vaddr[31]_i_47_n_0
                         LUT5 (Prop_lut5_I4_O)        0.105     7.922 r  u_rs_mem/q_vaddr[31]_i_30/O
                         net (fo=1, unplaced)         0.000     7.922    u_rs_mem/q_vaddr[31]_i_30_n_0
                         MUXF7 (Prop_muxf7_I1_O)      0.206     8.128 r  u_rs_mem/q_vaddr_reg[31]_i_11/O
                         net (fo=32, unplaced)        0.610     8.738    u_rs_mem/q_vaddr_reg[31]_i_11_n_0
                         MUXF8 (Prop_muxf8_S_O)       0.361     9.099 r  u_rs_mem/q_vaddr_reg[3]_i_5/O
                         net (fo=3, unplaced)         0.420     9.519    u_lsu/rsm_issue_base[0]
                         CARRY4 (Prop_carry4_DI[0]_CO[3])
                                                      0.590    10.109 r  u_lsu/q_vaddr_reg[3]_i_1/CO[3]
                         net (fo=1, unplaced)         0.008    10.117    u_lsu/q_vaddr_reg[3]_i_1_n_0
                         CARRY4 (Prop_carry4_CI_CO[3])
                                                      0.098    10.215 r  u_lsu/q_vaddr_reg[7]_i_1/CO[3]
                         net (fo=1, unplaced)         0.000    10.215    u_lsu/q_vaddr_reg[7]_i_1_n_0
                         CARRY4 (Prop_carry4_CI_CO[3])
                                                      0.098    10.313 r  u_lsu/q_vaddr_reg[11]_i_1/CO[3]
                         net (fo=1, unplaced)         0.000    10.313    u_lsu/q_vaddr_reg[11]_i_1_n_0
                         CARRY4 (Prop_carry4_CI_CO[3])
                                                      0.098    10.411 r  u_lsu/q_vaddr_reg[15]_i_1/CO[3]
                         net (fo=1, unplaced)         0.000    10.411    u_lsu/q_vaddr_reg[15]_i_1_n_0
                         CARRY4 (Prop_carry4_CI_CO[3])
                                                      0.098    10.509 r  u_lsu/q_vaddr_reg[19]_i_1/CO[3]
                         net (fo=1, unplaced)         0.000    10.509    u_lsu/q_vaddr_reg[19]_i_1_n_0
                         CARRY4 (Prop_carry4_CI_CO[3])
                                                      0.098    10.607 r  u_lsu/q_vaddr_reg[23]_i_1/CO[3]
                         net (fo=1, unplaced)         0.000    10.607    u_lsu/q_vaddr_reg[23]_i_1_n_0
                         CARRY4 (Prop_carry4_CI_CO[3])
                                                      0.098    10.705 r  u_lsu/q_vaddr_reg[27]_i_1/CO[3]
                         net (fo=1, unplaced)         0.000    10.705    u_lsu/q_vaddr_reg[27]_i_1_n_0
                         CARRY4 (Prop_carry4_CI_O[1])
                                                      0.277    10.982 r  u_lsu/q_vaddr_reg[31]_i_1/O[1]
                         net (fo=1, unplaced)         0.000    10.982    u_lsu/q_vaddr_reg[31]_i_1_n_6
                         FDRE                                         r  u_lsu/q_vaddr_reg[29]/D
  -------------------------------------------------------------------    -------------------

                         (clock cpu_clk rise edge)   11.111    11.111 r  
                                                      0.000    11.111 r  aclk (IN)
                         net (fo=34009, unset)        0.748    11.859    u_lsu/aclk
                         FDRE                                         r  u_lsu/q_vaddr_reg[29]/C
                         clock pessimism              0.000    11.859    
                         clock uncertainty           -0.035    11.823    
                         FDRE (Setup_fdre_C_D)        0.059    11.882    u_lsu/q_vaddr_reg[29]
  -------------------------------------------------------------------
                         required time                         11.882    
                         arrival time                         -10.982    
  -------------------------------------------------------------------
                         slack                                  0.900    

Slack (MET) :             0.902ns  (required time - arrival time)
  Source:                 u_fu_alu1/ex_robid_reg[0]/C
                            (rising edge-triggered cell FDRE clocked by cpu_clk  {rise@0.000ns fall@5.556ns period=11.111ns})
  Destination:            u_lsu/q_vaddr_reg[31]/D
                            (rising edge-triggered cell FDRE clocked by cpu_clk  {rise@0.000ns fall@5.556ns period=11.111ns})
  Path Group:             cpu_clk
  Path Type:              Setup (Max at Slow Process Corner)
  Requirement:            11.111ns  (cpu_clk rise@11.111ns - cpu_clk rise@0.000ns)
  Data Path Delay:        10.193ns  (logic 3.576ns (35.083%)  route 6.617ns (64.917%))
  Logic Levels:           20  (CARRY4=8 LUT3=1 LUT4=1 LUT5=1 LUT6=7 MUXF7=1 MUXF8=1)
  Clock Path Skew:        -0.039ns (DCD - SCD + CPR)
    Destination Clock Delay (DCD):    0.748ns = ( 11.859 - 11.111 ) 
    Source Clock Delay      (SCD):    0.787ns
    Clock Pessimism Removal (CPR):    0.000ns
  Clock Uncertainty:      0.035ns  ((TSJ^2 + TIJ^2)^1/2 + DJ) / 2 + PE
    Total System Jitter     (TSJ):    0.071ns
    Total Input Jitter      (TIJ):    0.000ns
    Discrete Jitter          (DJ):    0.000ns
    Phase Error              (PE):    0.000ns

    Location             Delay type                Incr(ns)  Path(ns)    Netlist Resource(s)
  -------------------------------------------------------------------    -------------------
                         (clock cpu_clk rise edge)    0.000     0.000 r  
                                                      0.000     0.000 r  aclk (IN)
                         net (fo=34009, unset)        0.787     0.787    u_fu_alu1/aclk
                         FDRE                                         r  u_fu_alu1/ex_robid_reg[0]/C
  -------------------------------------------------------------------    -------------------
                         FDRE (Prop_fdre_C_Q)         0.379     1.166 r  u_fu_alu1/ex_robid_reg[0]/Q
                         net (fo=116, unplaced)       0.882     2.048    u_fu_alu1/wb_robid_o[0]
                         LUT6 (Prop_lut6_I0_O)        0.232     2.280 r  u_fu_alu1/s0_val[1][31]_i_19/O
                         net (fo=2, unplaced)         0.793     3.073    u_fu_alu1/s0_val[1][31]_i_19_n_0
                         LUT6 (Prop_lut6_I0_O)        0.105     3.178 f  u_fu_alu1/q_wdata[31]_i_94/O
                         net (fo=1, unplaced)         0.582     3.760    u_rs_mem/head[2]_i_21_0
                         LUT6 (Prop_lut6_I0_O)        0.105     3.865 r  u_rs_mem/q_wdata[31]_i_69/O
                         net (fo=2, unplaced)         0.539     4.404    u_rs_mem/q_wdata[31]_i_69_n_0
                         LUT6 (Prop_lut6_I0_O)        0.105     4.509 r  u_rs_mem/q_wdata[31]_i_33/O
                         net (fo=1, unplaced)         0.582     5.091    u_rs_mem/q_wdata[31]_i_33_n_0
                         LUT6 (Prop_lut6_I5_O)        0.105     5.196 r  u_rs_mem/q_wdata[31]_i_13/O
                         net (fo=6, unplaced)         0.379     5.575    u_rs_mem/q_wdata[31]_i_13_n_0
                         LUT6 (Prop_lut6_I2_O)        0.105     5.680 f  u_rs_mem/head[2]_i_3/O
                         net (fo=8, unplaced)         0.620     6.300    u_rs_mem/head[2]_i_3_n_0
                         LUT6 (Prop_lut6_I1_O)        0.105     6.405 r  u_rs_mem/q_cacop_op[4]_i_8/O
                         net (fo=12, unplaced)        0.395     6.800    u_rs_mem/q_cacop_op[4]_i_8_n_0
                         LUT3 (Prop_lut3_I1_O)        0.105     6.905 r  u_rs_mem/q_vaddr[31]_i_26/O
                         net (fo=168, unplaced)       0.460     7.365    u_rs_mem/head_reg[0]_5
                         LUT4 (Prop_lut4_I2_O)        0.105     7.470 r  u_rs_mem/q_vaddr[31]_i_47/O
                         net (fo=1, unplaced)         0.347     7.817    u_rs_mem/q_vaddr[31]_i_47_n_0
                         LUT5 (Prop_lut5_I4_O)        0.105     7.922 r  u_rs_mem/q_vaddr[31]_i_30/O
                         net (fo=1, unplaced)         0.000     7.922    u_rs_mem/q_vaddr[31]_i_30_n_0
                         MUXF7 (Prop_muxf7_I1_O)      0.206     8.128 r  u_rs_mem/q_vaddr_reg[31]_i_11/O
                         net (fo=32, unplaced)        0.610     8.738    u_rs_mem/q_vaddr_reg[31]_i_11_n_0
                         MUXF8 (Prop_muxf8_S_O)       0.361     9.099 r  u_rs_mem/q_vaddr_reg[3]_i_5/O
                         net (fo=3, unplaced)         0.420     9.519    u_lsu/rsm_issue_base[0]
                         CARRY4 (Prop_carry4_DI[0]_CO[3])
                                                      0.590    10.109 r  u_lsu/q_vaddr_reg[3]_i_1/CO[3]
                         net (fo=1, unplaced)         0.008    10.117    u_lsu/q_vaddr_reg[3]_i_1_n_0
                         CARRY4 (Prop_carry4_CI_CO[3])
                                                      0.098    10.215 r  u_lsu/q_vaddr_reg[7]_i_1/CO[3]
                         net (fo=1, unplaced)         0.000    10.215    u_lsu/q_vaddr_reg[7]_i_1_n_0
                         CARRY4 (Prop_carry4_CI_CO[3])
                                                      0.098    10.313 r  u_lsu/q_vaddr_reg[11]_i_1/CO[3]
                         net (fo=1, unplaced)         0.000    10.313    u_lsu/q_vaddr_reg[11]_i_1_n_0
                         CARRY4 (Prop_carry4_CI_CO[3])
                                                      0.098    10.411 r  u_lsu/q_vaddr_reg[15]_i_1/CO[3]
                         net (fo=1, unplaced)         0.000    10.411    u_lsu/q_vaddr_reg[15]_i_1_n_0
                         CARRY4 (Prop_carry4_CI_CO[3])
                                                      0.098    10.509 r  u_lsu/q_vaddr_reg[19]_i_1/CO[3]
                         net (fo=1, unplaced)         0.000    10.509    u_lsu/q_vaddr_reg[19]_i_1_n_0
                         CARRY4 (Prop_carry4_CI_CO[3])
                                                      0.098    10.607 r  u_lsu/q_vaddr_reg[23]_i_1/CO[3]
                         net (fo=1, unplaced)         0.000    10.607    u_lsu/q_vaddr_reg[23]_i_1_n_0
                         CARRY4 (Prop_carry4_CI_CO[3])
                                                      0.098    10.705 r  u_lsu/q_vaddr_reg[27]_i_1/CO[3]
                         net (fo=1, unplaced)         0.000    10.705    u_lsu/q_vaddr_reg[27]_i_1_n_0
                         CARRY4 (Prop_carry4_CI_O[3])
                                                      0.275    10.980 r  u_lsu/q_vaddr_reg[31]_i_1/O[3]
                         net (fo=1, unplaced)         0.000    10.980    u_lsu/q_vaddr_reg[31]_i_1_n_4
                         FDRE                                         r  u_lsu/q_vaddr_reg[31]/D
  -------------------------------------------------------------------    -------------------

                         (clock cpu_clk rise edge)   11.111    11.111 r  
                                                      0.000    11.111 r  aclk (IN)
                         net (fo=34009, unset)        0.748    11.859    u_lsu/aclk
                         FDRE                                         r  u_lsu/q_vaddr_reg[31]/C
                         clock pessimism              0.000    11.859    
                         clock uncertainty           -0.035    11.823    
                         FDRE (Setup_fdre_C_D)        0.059    11.882    u_lsu/q_vaddr_reg[31]
  -------------------------------------------------------------------
                         required time                         11.882    
                         arrival time                         -10.980    
  -------------------------------------------------------------------
                         slack                                  0.902    

Slack (MET) :             0.917ns  (required time - arrival time)
  Source:                 u_bpu/pc_reg[10]/C
                            (rising edge-triggered cell FDRE clocked by cpu_clk  {rise@0.000ns fall@5.556ns period=11.111ns})
  Destination:            u_bpu/pc_reg[10]/D
                            (rising edge-triggered cell FDRE clocked by cpu_clk  {rise@0.000ns fall@5.556ns period=11.111ns})
  Path Group:             cpu_clk
  Path Type:              Setup (Max at Slow Process Corner)
  Requirement:            11.111ns  (cpu_clk rise@11.111ns - cpu_clk rise@0.000ns)
  Data Path Delay:        10.148ns  (logic 2.792ns (27.513%)  route 7.356ns (72.487%))
  Logic Levels:           16  (CARRY4=2 LUT2=1 LUT4=2 LUT5=4 LUT6=6 RAMD32=1)
  Clock Path Skew:        -0.039ns (DCD - SCD + CPR)
    Destination Clock Delay (DCD):    0.748ns = ( 11.859 - 11.111 ) 
    Source Clock Delay      (SCD):    0.787ns
    Clock Pessimism Removal (CPR):    0.000ns
  Clock Uncertainty:      0.035ns  ((TSJ^2 + TIJ^2)^1/2 + DJ) / 2 + PE
    Total System Jitter     (TSJ):    0.071ns
    Total Input Jitter      (TIJ):    0.000ns
    Discrete Jitter          (DJ):    0.000ns
    Phase Error              (PE):    0.000ns

    Location             Delay type                Incr(ns)  Path(ns)    Netlist Resource(s)
  -------------------------------------------------------------------    -------------------
                         (clock cpu_clk rise edge)    0.000     0.000 r  
                                                      0.000     0.000 r  aclk (IN)
                         net (fo=34009, unset)        0.787     0.787    u_bpu/aclk
                         FDRE                                         r  u_bpu/pc_reg[10]/C
  -------------------------------------------------------------------    -------------------
                         FDRE (Prop_fdre_C_Q)         0.379     1.166 r  u_bpu/pc_reg[10]/Q
                         net (fo=35, unplaced)        0.852     2.018    u_bpu/u_ubtb/bank0_btype_reg_0_15_0_0_i_188_0[7]
                         LUT6 (Prop_lut6_I0_O)        0.232     2.250 r  u_bpu/u_ubtb/bank0_btype_reg_0_15_0_0_i_274/O
                         net (fo=117, unplaced)       0.450     2.700    u_bpu/u_ubtb/bank0_btype_reg_0_15_0_0_i_274_n_0
                         LUT4 (Prop_lut4_I2_O)        0.105     2.805 f  u_bpu/u_ubtb/bank0_btype_reg_0_15_0_0_i_747/O
                         net (fo=1, unplaced)         0.347     3.152    u_bpu/u_ubtb/bank0_btype_reg_0_15_0_0_i_747_n_0
                         LUT6 (Prop_lut6_I5_O)        0.105     3.257 r  u_bpu/u_ubtb/bank0_btype_reg_0_15_0_0_i_526/O
                         net (fo=1, unplaced)         0.000     3.257    u_bpu/u_ubtb/bank0_btype_reg_0_15_0_0_i_526_n_0
                         CARRY4 (Prop_carry4_S[1]_CO[3])
                                                      0.457     3.714 r  u_bpu/u_ubtb/bank0_btype_reg_0_15_0_0_i_298/CO[3]
                         net (fo=1, unplaced)         0.008     3.722    u_bpu/u_ubtb/bank0_btype_reg_0_15_0_0_i_298_n_0
                         CARRY4 (Prop_carry4_CI_CO[2])
                                                      0.209     3.931 f  u_bpu/u_ubtb/bank0_btype_reg_0_15_0_0_i_166/CO[2]
                         net (fo=1, unplaced)         0.349     4.280    u_bpu/u_ubtb/q_hit_40
                         LUT4 (Prop_lut4_I0_O)        0.252     4.532 r  u_bpu/u_ubtb/bank0_btype_reg_0_15_0_0_i_82/O
                         net (fo=2, unplaced)         0.358     4.890    u_bpu/u_ubtb/bank0_btype_reg_0_15_0_0_i_82_n_0
                         LUT5 (Prop_lut5_I4_O)        0.105     4.995 f  u_bpu/u_ubtb/bank0_btype_reg_0_15_0_0_i_27/O
                         net (fo=2, unplaced)         0.358     5.353    u_bpu/u_ubtb/bank0_btype_reg_0_15_0_0_i_27_n_0
                         LUT5 (Prop_lut5_I4_O)        0.108     5.461 f  u_bpu/u_ubtb/bank0_btype_reg_0_15_0_0_i_74/O
                         net (fo=1, unplaced)         0.347     5.808    u_bpu/u_ubtb/bank0_btype_reg_0_15_0_0_i_74_n_0
                         LUT5 (Prop_lut5_I0_O)        0.105     5.913 f  u_bpu/u_ubtb/bank0_btype_reg_0_15_0_0_i_22/O
                         net (fo=5, unplaced)         0.375     6.288    u_bpu/u_ubtb/bank0_btype_reg_0_15_0_0_i_22_n_0
                         LUT6 (Prop_lut6_I0_O)        0.105     6.393 r  u_bpu/u_ubtb/bank0_btype_reg_0_15_0_0_i_34/O
                         net (fo=1, unplaced)         0.347     6.740    u_bpu/u_ubtb/bank0_btype_reg_0_15_0_0_i_34_n_0
                         LUT2 (Prop_lut2_I0_O)        0.105     6.845 r  u_bpu/u_ubtb/bank0_btype_reg_0_15_0_0_i_9/O
                         net (fo=72, unplaced)        0.673     7.518    u_bpu/u_ubtb/bank0_btype_reg_0_15_0_0/DPRA3
                         RAMD32 (Prop_ramd32_RADR3_O)
                                                      0.105     7.623 r  u_bpu/u_ubtb/bank0_btype_reg_0_15_0_0/DP/O
                         net (fo=3, unplaced)         0.956     8.579    u_bpu/u_ubtb/br_type_o0[0]
                         LUT6 (Prop_lut6_I5_O)        0.105     8.684 r  u_bpu/u_ubtb/p0_target_r[31]_i_8/O
                         net (fo=1, unplaced)         0.582     9.266    u_bpu/u_fallback_btb/p0_target_r_reg[0]_0
                         LUT6 (Prop_lut6_I2_O)        0.105     9.371 r  u_bpu/u_fallback_btb/p0_target_r[31]_i_4/O
                         net (fo=64, unplaced)        1.026    10.397    u_bpu/u_fallback_btb/spec_cnt_reg[5]
                         LUT6 (Prop_lut6_I1_O)        0.105    10.502 r  u_bpu/u_fallback_btb/pc[10]_i_3/O
                         net (fo=1, unplaced)         0.328    10.830    u_bpu/u_ftb/gen_ftb_way[1].u_way/pc_reg[10]_0
                         LUT5 (Prop_lut5_I1_O)        0.105    10.935 r  u_bpu/u_ftb/gen_ftb_way[1].u_way/pc[10]_i_1/O
                         net (fo=1, unplaced)         0.000    10.935    u_bpu/u_ftb_n_101
                         FDRE                                         r  u_bpu/pc_reg[10]/D
  -------------------------------------------------------------------    -------------------

                         (clock cpu_clk rise edge)   11.111    11.111 r  
                                                      0.000    11.111 r  aclk (IN)
                         net (fo=34009, unset)        0.748    11.859    u_bpu/aclk
                         FDRE                                         r  u_bpu/pc_reg[10]/C
                         clock pessimism              0.000    11.859    
                         clock uncertainty           -0.035    11.823    
                         FDRE (Setup_fdre_C_D)        0.029    11.852    u_bpu/pc_reg[10]
  -------------------------------------------------------------------
                         required time                         11.852    
                         arrival time                         -10.935    
  -------------------------------------------------------------------
                         slack                                  0.917    

Slack (MET) :             0.917ns  (required time - arrival time)
  Source:                 u_bpu/pc_reg[10]/C
                            (rising edge-triggered cell FDRE clocked by cpu_clk  {rise@0.000ns fall@5.556ns period=11.111ns})
  Destination:            u_bpu/pc_reg[11]/D
                            (rising edge-triggered cell FDRE clocked by cpu_clk  {rise@0.000ns fall@5.556ns period=11.111ns})
  Path Group:             cpu_clk
  Path Type:              Setup (Max at Slow Process Corner)
  Requirement:            11.111ns  (cpu_clk rise@11.111ns - cpu_clk rise@0.000ns)
  Data Path Delay:        10.148ns  (logic 2.792ns (27.513%)  route 7.356ns (72.487%))
  Logic Levels:           16  (CARRY4=2 LUT2=1 LUT4=2 LUT5=4 LUT6=6 RAMD32=1)
  Clock Path Skew:        -0.039ns (DCD - SCD + CPR)
    Destination Clock Delay (DCD):    0.748ns = ( 11.859 - 11.111 ) 
    Source Clock Delay      (SCD):    0.787ns
    Clock Pessimism Removal (CPR):    0.000ns
  Clock Uncertainty:      0.035ns  ((TSJ^2 + TIJ^2)^1/2 + DJ) / 2 + PE
    Total System Jitter     (TSJ):    0.071ns
    Total Input Jitter      (TIJ):    0.000ns
    Discrete Jitter          (DJ):    0.000ns
    Phase Error              (PE):    0.000ns

    Location             Delay type                Incr(ns)  Path(ns)    Netlist Resource(s)
  -------------------------------------------------------------------    -------------------
                         (clock cpu_clk rise edge)    0.000     0.000 r  
                                                      0.000     0.000 r  aclk (IN)
                         net (fo=34009, unset)        0.787     0.787    u_bpu/aclk
                         FDRE                                         r  u_bpu/pc_reg[10]/C
  -------------------------------------------------------------------    -------------------
                         FDRE (Prop_fdre_C_Q)         0.379     1.166 r  u_bpu/pc_reg[10]/Q
                         net (fo=35, unplaced)        0.852     2.018    u_bpu/u_ubtb/bank0_btype_reg_0_15_0_0_i_188_0[7]
                         LUT6 (Prop_lut6_I0_O)        0.232     2.250 r  u_bpu/u_ubtb/bank0_btype_reg_0_15_0_0_i_274/O
                         net (fo=117, unplaced)       0.450     2.700    u_bpu/u_ubtb/bank0_btype_reg_0_15_0_0_i_274_n_0
                         LUT4 (Prop_lut4_I2_O)        0.105     2.805 f  u_bpu/u_ubtb/bank0_btype_reg_0_15_0_0_i_747/O
                         net (fo=1, unplaced)         0.347     3.152    u_bpu/u_ubtb/bank0_btype_reg_0_15_0_0_i_747_n_0
                         LUT6 (Prop_lut6_I5_O)        0.105     3.257 r  u_bpu/u_ubtb/bank0_btype_reg_0_15_0_0_i_526/O
                         net (fo=1, unplaced)         0.000     3.257    u_bpu/u_ubtb/bank0_btype_reg_0_15_0_0_i_526_n_0
                         CARRY4 (Prop_carry4_S[1]_CO[3])
                                                      0.457     3.714 r  u_bpu/u_ubtb/bank0_btype_reg_0_15_0_0_i_298/CO[3]
                         net (fo=1, unplaced)         0.008     3.722    u_bpu/u_ubtb/bank0_btype_reg_0_15_0_0_i_298_n_0
                         CARRY4 (Prop_carry4_CI_CO[2])
                                                      0.209     3.931 f  u_bpu/u_ubtb/bank0_btype_reg_0_15_0_0_i_166/CO[2]
                         net (fo=1, unplaced)         0.349     4.280    u_bpu/u_ubtb/q_hit_40
                         LUT4 (Prop_lut4_I0_O)        0.252     4.532 r  u_bpu/u_ubtb/bank0_btype_reg_0_15_0_0_i_82/O
                         net (fo=2, unplaced)         0.358     4.890    u_bpu/u_ubtb/bank0_btype_reg_0_15_0_0_i_82_n_0
                         LUT5 (Prop_lut5_I4_O)        0.105     4.995 f  u_bpu/u_ubtb/bank0_btype_reg_0_15_0_0_i_27/O
                         net (fo=2, unplaced)         0.358     5.353    u_bpu/u_ubtb/bank0_btype_reg_0_15_0_0_i_27_n_0
                         LUT5 (Prop_lut5_I4_O)        0.108     5.461 f  u_bpu/u_ubtb/bank0_btype_reg_0_15_0_0_i_74/O
                         net (fo=1, unplaced)         0.347     5.808    u_bpu/u_ubtb/bank0_btype_reg_0_15_0_0_i_74_n_0
                         LUT5 (Prop_lut5_I0_O)        0.105     5.913 f  u_bpu/u_ubtb/bank0_btype_reg_0_15_0_0_i_22/O
                         net (fo=5, unplaced)         0.375     6.288    u_bpu/u_ubtb/bank0_btype_reg_0_15_0_0_i_22_n_0
                         LUT6 (Prop_lut6_I0_O)        0.105     6.393 r  u_bpu/u_ubtb/bank0_btype_reg_0_15_0_0_i_34/O
                         net (fo=1, unplaced)         0.347     6.740    u_bpu/u_ubtb/bank0_btype_reg_0_15_0_0_i_34_n_0
                         LUT2 (Prop_lut2_I0_O)        0.105     6.845 r  u_bpu/u_ubtb/bank0_btype_reg_0_15_0_0_i_9/O
                         net (fo=72, unplaced)        0.673     7.518    u_bpu/u_ubtb/bank0_btype_reg_0_15_0_0/DPRA3
                         RAMD32 (Prop_ramd32_RADR3_O)
                                                      0.105     7.623 r  u_bpu/u_ubtb/bank0_btype_reg_0_15_0_0/DP/O
                         net (fo=3, unplaced)         0.956     8.579    u_bpu/u_ubtb/br_type_o0[0]
                         LUT6 (Prop_lut6_I5_O)        0.105     8.684 r  u_bpu/u_ubtb/p0_target_r[31]_i_8/O
                         net (fo=1, unplaced)         0.582     9.266    u_bpu/u_fallback_btb/p0_target_r_reg[0]_0
                         LUT6 (Prop_lut6_I2_O)        0.105     9.371 r  u_bpu/u_fallback_btb/p0_target_r[31]_i_4/O
                         net (fo=64, unplaced)        1.026    10.397    u_bpu/u_fallback_btb/spec_cnt_reg[5]
                         LUT6 (Prop_lut6_I1_O)        0.105    10.502 r  u_bpu/u_fallback_btb/pc[11]_i_3/O
                         net (fo=1, unplaced)         0.328    10.830    u_bpu/u_ftb/gen_ftb_way[1].u_way/pc_reg[11]_0
                         LUT5 (Prop_lut5_I1_O)        0.105    10.935 r  u_bpu/u_ftb/gen_ftb_way[1].u_way/pc[11]_i_1/O
                         net (fo=1, unplaced)         0.000    10.935    u_bpu/u_ftb_n_100
                         FDRE                                         r  u_bpu/pc_reg[11]/D
  -------------------------------------------------------------------    -------------------

                         (clock cpu_clk rise edge)   11.111    11.111 r  
                                                      0.000    11.111 r  aclk (IN)
                         net (fo=34009, unset)        0.748    11.859    u_bpu/aclk
                         FDRE                                         r  u_bpu/pc_reg[11]/C
                         clock pessimism              0.000    11.859    
                         clock uncertainty           -0.035    11.823    
                         FDRE (Setup_fdre_C_D)        0.029    11.852    u_bpu/pc_reg[11]
  -------------------------------------------------------------------
                         required time                         11.852    
                         arrival time                         -10.935    
  -------------------------------------------------------------------
                         slack                                  0.917    

Slack (MET) :             0.917ns  (required time - arrival time)
  Source:                 u_bpu/pc_reg[10]/C
                            (rising edge-triggered cell FDRE clocked by cpu_clk  {rise@0.000ns fall@5.556ns period=11.111ns})
  Destination:            u_bpu/pc_reg[17]/D
                            (rising edge-triggered cell FDRE clocked by cpu_clk  {rise@0.000ns fall@5.556ns period=11.111ns})
  Path Group:             cpu_clk
  Path Type:              Setup (Max at Slow Process Corner)
  Requirement:            11.111ns  (cpu_clk rise@11.111ns - cpu_clk rise@0.000ns)
  Data Path Delay:        10.148ns  (logic 2.792ns (27.513%)  route 7.356ns (72.487%))
  Logic Levels:           16  (CARRY4=2 LUT2=1 LUT4=2 LUT5=4 LUT6=6 RAMD32=1)
  Clock Path Skew:        -0.039ns (DCD - SCD + CPR)
    Destination Clock Delay (DCD):    0.748ns = ( 11.859 - 11.111 ) 
    Source Clock Delay      (SCD):    0.787ns
    Clock Pessimism Removal (CPR):    0.000ns
  Clock Uncertainty:      0.035ns  ((TSJ^2 + TIJ^2)^1/2 + DJ) / 2 + PE
    Total System Jitter     (TSJ):    0.071ns
    Total Input Jitter      (TIJ):    0.000ns
    Discrete Jitter          (DJ):    0.000ns
    Phase Error              (PE):    0.000ns

    Location             Delay type                Incr(ns)  Path(ns)    Netlist Resource(s)
  -------------------------------------------------------------------    -------------------
                         (clock cpu_clk rise edge)    0.000     0.000 r  
                                                      0.000     0.000 r  aclk (IN)
                         net (fo=34009, unset)        0.787     0.787    u_bpu/aclk
                         FDRE                                         r  u_bpu/pc_reg[10]/C
  -------------------------------------------------------------------    -------------------
                         FDRE (Prop_fdre_C_Q)         0.379     1.166 r  u_bpu/pc_reg[10]/Q
                         net (fo=35, unplaced)        0.852     2.018    u_bpu/u_ubtb/bank0_btype_reg_0_15_0_0_i_188_0[7]
                         LUT6 (Prop_lut6_I0_O)        0.232     2.250 r  u_bpu/u_ubtb/bank0_btype_reg_0_15_0_0_i_274/O
                         net (fo=117, unplaced)       0.450     2.700    u_bpu/u_ubtb/bank0_btype_reg_0_15_0_0_i_274_n_0
                         LUT4 (Prop_lut4_I2_O)        0.105     2.805 f  u_bpu/u_ubtb/bank0_btype_reg_0_15_0_0_i_747/O
                         net (fo=1, unplaced)         0.347     3.152    u_bpu/u_ubtb/bank0_btype_reg_0_15_0_0_i_747_n_0
                         LUT6 (Prop_lut6_I5_O)        0.105     3.257 r  u_bpu/u_ubtb/bank0_btype_reg_0_15_0_0_i_526/O
                         net (fo=1, unplaced)         0.000     3.257    u_bpu/u_ubtb/bank0_btype_reg_0_15_0_0_i_526_n_0
                         CARRY4 (Prop_carry4_S[1]_CO[3])
                                                      0.457     3.714 r  u_bpu/u_ubtb/bank0_btype_reg_0_15_0_0_i_298/CO[3]
                         net (fo=1, unplaced)         0.008     3.722    u_bpu/u_ubtb/bank0_btype_reg_0_15_0_0_i_298_n_0
                         CARRY4 (Prop_carry4_CI_CO[2])
                                                      0.209     3.931 f  u_bpu/u_ubtb/bank0_btype_reg_0_15_0_0_i_166/CO[2]
                         net (fo=1, unplaced)         0.349     4.280    u_bpu/u_ubtb/q_hit_40
                         LUT4 (Prop_lut4_I0_O)        0.252     4.532 r  u_bpu/u_ubtb/bank0_btype_reg_0_15_0_0_i_82/O
                         net (fo=2, unplaced)         0.358     4.890    u_bpu/u_ubtb/bank0_btype_reg_0_15_0_0_i_82_n_0
                         LUT5 (Prop_lut5_I4_O)        0.105     4.995 f  u_bpu/u_ubtb/bank0_btype_reg_0_15_0_0_i_27/O
                         net (fo=2, unplaced)         0.358     5.353    u_bpu/u_ubtb/bank0_btype_reg_0_15_0_0_i_27_n_0
                         LUT5 (Prop_lut5_I4_O)        0.108     5.461 f  u_bpu/u_ubtb/bank0_btype_reg_0_15_0_0_i_74/O
                         net (fo=1, unplaced)         0.347     5.808    u_bpu/u_ubtb/bank0_btype_reg_0_15_0_0_i_74_n_0
                         LUT5 (Prop_lut5_I0_O)        0.105     5.913 f  u_bpu/u_ubtb/bank0_btype_reg_0_15_0_0_i_22/O
                         net (fo=5, unplaced)         0.375     6.288    u_bpu/u_ubtb/bank0_btype_reg_0_15_0_0_i_22_n_0
                         LUT6 (Prop_lut6_I0_O)        0.105     6.393 r  u_bpu/u_ubtb/bank0_btype_reg_0_15_0_0_i_34/O
                         net (fo=1, unplaced)         0.347     6.740    u_bpu/u_ubtb/bank0_btype_reg_0_15_0_0_i_34_n_0
                         LUT2 (Prop_lut2_I0_O)        0.105     6.845 r  u_bpu/u_ubtb/bank0_btype_reg_0_15_0_0_i_9/O
                         net (fo=72, unplaced)        0.673     7.518    u_bpu/u_ubtb/bank0_btype_reg_0_15_0_0/DPRA3
                         RAMD32 (Prop_ramd32_RADR3_O)
                                                      0.105     7.623 r  u_bpu/u_ubtb/bank0_btype_reg_0_15_0_0/DP/O
                         net (fo=3, unplaced)         0.956     8.579    u_bpu/u_ubtb/br_type_o0[0]
                         LUT6 (Prop_lut6_I5_O)        0.105     8.684 r  u_bpu/u_ubtb/p0_target_r[31]_i_8/O
                         net (fo=1, unplaced)         0.582     9.266    u_bpu/u_fallback_btb/p0_target_r_reg[0]_0
                         LUT6 (Prop_lut6_I2_O)        0.105     9.371 r  u_bpu/u_fallback_btb/p0_target_r[31]_i_4/O
                         net (fo=64, unplaced)        1.026    10.397    u_bpu/u_fallback_btb/spec_cnt_reg[5]
                         LUT6 (Prop_lut6_I1_O)        0.105    10.502 r  u_bpu/u_fallback_btb/pc[17]_i_3/O
                         net (fo=1, unplaced)         0.328    10.830    u_bpu/u_ftb/gen_ftb_way[1].u_way/pc_reg[17]_0
                         LUT5 (Prop_lut5_I1_O)        0.105    10.935 r  u_bpu/u_ftb/gen_ftb_way[1].u_way/pc[17]_i_1/O
                         net (fo=1, unplaced)         0.000    10.935    u_bpu/u_ftb_n_94
                         FDRE                                         r  u_bpu/pc_reg[17]/D
  -------------------------------------------------------------------    -------------------

                         (clock cpu_clk rise edge)   11.111    11.111 r  
                                                      0.000    11.111 r  aclk (IN)
                         net (fo=34009, unset)        0.748    11.859    u_bpu/aclk
                         FDRE                                         r  u_bpu/pc_reg[17]/C
                         clock pessimism              0.000    11.859    
                         clock uncertainty           -0.035    11.823    
                         FDRE (Setup_fdre_C_D)        0.029    11.852    u_bpu/pc_reg[17]
  -------------------------------------------------------------------
                         required time                         11.852    
                         arrival time                         -10.935    
  -------------------------------------------------------------------
                         slack                                  0.917    

Slack (MET) :             0.917ns  (required time - arrival time)
  Source:                 u_bpu/pc_reg[10]/C
                            (rising edge-triggered cell FDRE clocked by cpu_clk  {rise@0.000ns fall@5.556ns period=11.111ns})
  Destination:            u_bpu/pc_reg[18]/D
                            (rising edge-triggered cell FDRE clocked by cpu_clk  {rise@0.000ns fall@5.556ns period=11.111ns})
  Path Group:             cpu_clk
  Path Type:              Setup (Max at Slow Process Corner)
  Requirement:            11.111ns  (cpu_clk rise@11.111ns - cpu_clk rise@0.000ns)
  Data Path Delay:        10.148ns  (logic 2.792ns (27.513%)  route 7.356ns (72.487%))
  Logic Levels:           16  (CARRY4=2 LUT2=1 LUT4=2 LUT5=4 LUT6=6 RAMD32=1)
  Clock Path Skew:        -0.039ns (DCD - SCD + CPR)
    Destination Clock Delay (DCD):    0.748ns = ( 11.859 - 11.111 ) 
    Source Clock Delay      (SCD):    0.787ns
    Clock Pessimism Removal (CPR):    0.000ns
  Clock Uncertainty:      0.035ns  ((TSJ^2 + TIJ^2)^1/2 + DJ) / 2 + PE
    Total System Jitter     (TSJ):    0.071ns
    Total Input Jitter      (TIJ):    0.000ns
    Discrete Jitter          (DJ):    0.000ns
    Phase Error              (PE):    0.000ns

    Location             Delay type                Incr(ns)  Path(ns)    Netlist Resource(s)
  -------------------------------------------------------------------    -------------------
                         (clock cpu_clk rise edge)    0.000     0.000 r  
                                                      0.000     0.000 r  aclk (IN)
                         net (fo=34009, unset)        0.787     0.787    u_bpu/aclk
                         FDRE                                         r  u_bpu/pc_reg[10]/C
  -------------------------------------------------------------------    -------------------
                         FDRE (Prop_fdre_C_Q)         0.379     1.166 r  u_bpu/pc_reg[10]/Q
                         net (fo=35, unplaced)        0.852     2.018    u_bpu/u_ubtb/bank0_btype_reg_0_15_0_0_i_188_0[7]
                         LUT6 (Prop_lut6_I0_O)        0.232     2.250 r  u_bpu/u_ubtb/bank0_btype_reg_0_15_0_0_i_274/O
                         net (fo=117, unplaced)       0.450     2.700    u_bpu/u_ubtb/bank0_btype_reg_0_15_0_0_i_274_n_0
                         LUT4 (Prop_lut4_I2_O)        0.105     2.805 f  u_bpu/u_ubtb/bank0_btype_reg_0_15_0_0_i_747/O
                         net (fo=1, unplaced)         0.347     3.152    u_bpu/u_ubtb/bank0_btype_reg_0_15_0_0_i_747_n_0
                         LUT6 (Prop_lut6_I5_O)        0.105     3.257 r  u_bpu/u_ubtb/bank0_btype_reg_0_15_0_0_i_526/O
                         net (fo=1, unplaced)         0.000     3.257    u_bpu/u_ubtb/bank0_btype_reg_0_15_0_0_i_526_n_0
                         CARRY4 (Prop_carry4_S[1]_CO[3])
                                                      0.457     3.714 r  u_bpu/u_ubtb/bank0_btype_reg_0_15_0_0_i_298/CO[3]
                         net (fo=1, unplaced)         0.008     3.722    u_bpu/u_ubtb/bank0_btype_reg_0_15_0_0_i_298_n_0
                         CARRY4 (Prop_carry4_CI_CO[2])
                                                      0.209     3.931 f  u_bpu/u_ubtb/bank0_btype_reg_0_15_0_0_i_166/CO[2]
                         net (fo=1, unplaced)         0.349     4.280    u_bpu/u_ubtb/q_hit_40
                         LUT4 (Prop_lut4_I0_O)        0.252     4.532 r  u_bpu/u_ubtb/bank0_btype_reg_0_15_0_0_i_82/O
                         net (fo=2, unplaced)         0.358     4.890    u_bpu/u_ubtb/bank0_btype_reg_0_15_0_0_i_82_n_0
                         LUT5 (Prop_lut5_I4_O)        0.105     4.995 f  u_bpu/u_ubtb/bank0_btype_reg_0_15_0_0_i_27/O
                         net (fo=2, unplaced)         0.358     5.353    u_bpu/u_ubtb/bank0_btype_reg_0_15_0_0_i_27_n_0
                         LUT5 (Prop_lut5_I4_O)        0.108     5.461 f  u_bpu/u_ubtb/bank0_btype_reg_0_15_0_0_i_74/O
                         net (fo=1, unplaced)         0.347     5.808    u_bpu/u_ubtb/bank0_btype_reg_0_15_0_0_i_74_n_0
                         LUT5 (Prop_lut5_I0_O)        0.105     5.913 f  u_bpu/u_ubtb/bank0_btype_reg_0_15_0_0_i_22/O
                         net (fo=5, unplaced)         0.375     6.288    u_bpu/u_ubtb/bank0_btype_reg_0_15_0_0_i_22_n_0
                         LUT6 (Prop_lut6_I0_O)        0.105     6.393 r  u_bpu/u_ubtb/bank0_btype_reg_0_15_0_0_i_34/O
                         net (fo=1, unplaced)         0.347     6.740    u_bpu/u_ubtb/bank0_btype_reg_0_15_0_0_i_34_n_0
                         LUT2 (Prop_lut2_I0_O)        0.105     6.845 r  u_bpu/u_ubtb/bank0_btype_reg_0_15_0_0_i_9/O
                         net (fo=72, unplaced)        0.673     7.518    u_bpu/u_ubtb/bank0_btype_reg_0_15_0_0/DPRA3
                         RAMD32 (Prop_ramd32_RADR3_O)
                                                      0.105     7.623 r  u_bpu/u_ubtb/bank0_btype_reg_0_15_0_0/DP/O
                         net (fo=3, unplaced)         0.956     8.579    u_bpu/u_ubtb/br_type_o0[0]
                         LUT6 (Prop_lut6_I5_O)        0.105     8.684 r  u_bpu/u_ubtb/p0_target_r[31]_i_8/O
                         net (fo=1, unplaced)         0.582     9.266    u_bpu/u_fallback_btb/p0_target_r_reg[0]_0
                         LUT6 (Prop_lut6_I2_O)        0.105     9.371 r  u_bpu/u_fallback_btb/p0_target_r[31]_i_4/O
                         net (fo=64, unplaced)        1.026    10.397    u_bpu/u_fallback_btb/spec_cnt_reg[5]
                         LUT6 (Prop_lut6_I1_O)        0.105    10.502 r  u_bpu/u_fallback_btb/pc[18]_i_3/O
                         net (fo=1, unplaced)         0.328    10.830    u_bpu/u_ftb/gen_ftb_way[1].u_way/pc_reg[18]_0
                         LUT5 (Prop_lut5_I1_O)        0.105    10.935 r  u_bpu/u_ftb/gen_ftb_way[1].u_way/pc[18]_i_1/O
                         net (fo=1, unplaced)         0.000    10.935    u_bpu/u_ftb_n_93
                         FDRE                                         r  u_bpu/pc_reg[18]/D
  -------------------------------------------------------------------    -------------------

                         (clock cpu_clk rise edge)   11.111    11.111 r  
                                                      0.000    11.111 r  aclk (IN)
                         net (fo=34009, unset)        0.748    11.859    u_bpu/aclk
                         FDRE                                         r  u_bpu/pc_reg[18]/C
                         clock pessimism              0.000    11.859    
                         clock uncertainty           -0.035    11.823    
                         FDRE (Setup_fdre_C_D)        0.029    11.852    u_bpu/pc_reg[18]
  -------------------------------------------------------------------
                         required time                         11.852    
                         arrival time                         -10.935    
  -------------------------------------------------------------------
                         slack                                  0.917    

Slack (MET) :             0.917ns  (required time - arrival time)
  Source:                 u_bpu/pc_reg[10]/C
                            (rising edge-triggered cell FDRE clocked by cpu_clk  {rise@0.000ns fall@5.556ns period=11.111ns})
  Destination:            u_bpu/pc_reg[19]/D
                            (rising edge-triggered cell FDRE clocked by cpu_clk  {rise@0.000ns fall@5.556ns period=11.111ns})
  Path Group:             cpu_clk
  Path Type:              Setup (Max at Slow Process Corner)
  Requirement:            11.111ns  (cpu_clk rise@11.111ns - cpu_clk rise@0.000ns)
  Data Path Delay:        10.148ns  (logic 2.792ns (27.513%)  route 7.356ns (72.487%))
  Logic Levels:           16  (CARRY4=2 LUT2=1 LUT4=2 LUT5=4 LUT6=6 RAMD32=1)
  Clock Path Skew:        -0.039ns (DCD - SCD + CPR)
    Destination Clock Delay (DCD):    0.748ns = ( 11.859 - 11.111 ) 
    Source Clock Delay      (SCD):    0.787ns
    Clock Pessimism Removal (CPR):    0.000ns
  Clock Uncertainty:      0.035ns  ((TSJ^2 + TIJ^2)^1/2 + DJ) / 2 + PE
    Total System Jitter     (TSJ):    0.071ns
    Total Input Jitter      (TIJ):    0.000ns
    Discrete Jitter          (DJ):    0.000ns
    Phase Error              (PE):    0.000ns

    Location             Delay type                Incr(ns)  Path(ns)    Netlist Resource(s)
  -------------------------------------------------------------------    -------------------
                         (clock cpu_clk rise edge)    0.000     0.000 r  
                                                      0.000     0.000 r  aclk (IN)
                         net (fo=34009, unset)        0.787     0.787    u_bpu/aclk
                         FDRE                                         r  u_bpu/pc_reg[10]/C
  -------------------------------------------------------------------    -------------------
                         FDRE (Prop_fdre_C_Q)         0.379     1.166 r  u_bpu/pc_reg[10]/Q
                         net (fo=35, unplaced)        0.852     2.018    u_bpu/u_ubtb/bank0_btype_reg_0_15_0_0_i_188_0[7]
                         LUT6 (Prop_lut6_I0_O)        0.232     2.250 r  u_bpu/u_ubtb/bank0_btype_reg_0_15_0_0_i_274/O
                         net (fo=117, unplaced)       0.450     2.700    u_bpu/u_ubtb/bank0_btype_reg_0_15_0_0_i_274_n_0
                         LUT4 (Prop_lut4_I2_O)        0.105     2.805 f  u_bpu/u_ubtb/bank0_btype_reg_0_15_0_0_i_747/O
                         net (fo=1, unplaced)         0.347     3.152    u_bpu/u_ubtb/bank0_btype_reg_0_15_0_0_i_747_n_0
                         LUT6 (Prop_lut6_I5_O)        0.105     3.257 r  u_bpu/u_ubtb/bank0_btype_reg_0_15_0_0_i_526/O
                         net (fo=1, unplaced)         0.000     3.257    u_bpu/u_ubtb/bank0_btype_reg_0_15_0_0_i_526_n_0
                         CARRY4 (Prop_carry4_S[1]_CO[3])
                                                      0.457     3.714 r  u_bpu/u_ubtb/bank0_btype_reg_0_15_0_0_i_298/CO[3]
                         net (fo=1, unplaced)         0.008     3.722    u_bpu/u_ubtb/bank0_btype_reg_0_15_0_0_i_298_n_0
                         CARRY4 (Prop_carry4_CI_CO[2])
                                                      0.209     3.931 f  u_bpu/u_ubtb/bank0_btype_reg_0_15_0_0_i_166/CO[2]
                         net (fo=1, unplaced)         0.349     4.280    u_bpu/u_ubtb/q_hit_40
                         LUT4 (Prop_lut4_I0_O)        0.252     4.532 r  u_bpu/u_ubtb/bank0_btype_reg_0_15_0_0_i_82/O
                         net (fo=2, unplaced)         0.358     4.890    u_bpu/u_ubtb/bank0_btype_reg_0_15_0_0_i_82_n_0
                         LUT5 (Prop_lut5_I4_O)        0.105     4.995 f  u_bpu/u_ubtb/bank0_btype_reg_0_15_0_0_i_27/O
                         net (fo=2, unplaced)         0.358     5.353    u_bpu/u_ubtb/bank0_btype_reg_0_15_0_0_i_27_n_0
                         LUT5 (Prop_lut5_I4_O)        0.108     5.461 f  u_bpu/u_ubtb/bank0_btype_reg_0_15_0_0_i_74/O
                         net (fo=1, unplaced)         0.347     5.808    u_bpu/u_ubtb/bank0_btype_reg_0_15_0_0_i_74_n_0
                         LUT5 (Prop_lut5_I0_O)        0.105     5.913 f  u_bpu/u_ubtb/bank0_btype_reg_0_15_0_0_i_22/O
                         net (fo=5, unplaced)         0.375     6.288    u_bpu/u_ubtb/bank0_btype_reg_0_15_0_0_i_22_n_0
                         LUT6 (Prop_lut6_I0_O)        0.105     6.393 r  u_bpu/u_ubtb/bank0_btype_reg_0_15_0_0_i_34/O
                         net (fo=1, unplaced)         0.347     6.740    u_bpu/u_ubtb/bank0_btype_reg_0_15_0_0_i_34_n_0
                         LUT2 (Prop_lut2_I0_O)        0.105     6.845 r  u_bpu/u_ubtb/bank0_btype_reg_0_15_0_0_i_9/O
                         net (fo=72, unplaced)        0.673     7.518    u_bpu/u_ubtb/bank0_btype_reg_0_15_0_0/DPRA3
                         RAMD32 (Prop_ramd32_RADR3_O)
                                                      0.105     7.623 r  u_bpu/u_ubtb/bank0_btype_reg_0_15_0_0/DP/O
                         net (fo=3, unplaced)         0.956     8.579    u_bpu/u_ubtb/br_type_o0[0]
                         LUT6 (Prop_lut6_I5_O)        0.105     8.684 r  u_bpu/u_ubtb/p0_target_r[31]_i_8/O
                         net (fo=1, unplaced)         0.582     9.266    u_bpu/u_fallback_btb/p0_target_r_reg[0]_0
                         LUT6 (Prop_lut6_I2_O)        0.105     9.371 r  u_bpu/u_fallback_btb/p0_target_r[31]_i_4/O
                         net (fo=64, unplaced)        1.026    10.397    u_bpu/u_fallback_btb/spec_cnt_reg[5]
                         LUT6 (Prop_lut6_I1_O)        0.105    10.502 r  u_bpu/u_fallback_btb/pc[19]_i_3/O
                         net (fo=1, unplaced)         0.328    10.830    u_bpu/u_ftb/gen_ftb_way[1].u_way/pc_reg[19]_0
                         LUT5 (Prop_lut5_I1_O)        0.105    10.935 r  u_bpu/u_ftb/gen_ftb_way[1].u_way/pc[19]_i_1/O
                         net (fo=1, unplaced)         0.000    10.935    u_bpu/u_ftb_n_92
                         FDRE                                         r  u_bpu/pc_reg[19]/D
  -------------------------------------------------------------------    -------------------

                         (clock cpu_clk rise edge)   11.111    11.111 r  
                                                      0.000    11.111 r  aclk (IN)
                         net (fo=34009, unset)        0.748    11.859    u_bpu/aclk
                         FDRE                                         r  u_bpu/pc_reg[19]/C
                         clock pessimism              0.000    11.859    
                         clock uncertainty           -0.035    11.823    
                         FDRE (Setup_fdre_C_D)        0.029    11.852    u_bpu/pc_reg[19]
  -------------------------------------------------------------------
                         required time                         11.852    
                         arrival time                         -10.935    
  -------------------------------------------------------------------
                         slack                                  0.917    

Slack (MET) :             0.917ns  (required time - arrival time)
  Source:                 u_bpu/pc_reg[10]/C
                            (rising edge-triggered cell FDRE clocked by cpu_clk  {rise@0.000ns fall@5.556ns period=11.111ns})
  Destination:            u_bpu/pc_reg[20]/D
                            (rising edge-triggered cell FDRE clocked by cpu_clk  {rise@0.000ns fall@5.556ns period=11.111ns})
  Path Group:             cpu_clk
  Path Type:              Setup (Max at Slow Process Corner)
  Requirement:            11.111ns  (cpu_clk rise@11.111ns - cpu_clk rise@0.000ns)
  Data Path Delay:        10.148ns  (logic 2.792ns (27.513%)  route 7.356ns (72.487%))
  Logic Levels:           16  (CARRY4=2 LUT2=1 LUT4=2 LUT5=4 LUT6=6 RAMD32=1)
  Clock Path Skew:        -0.039ns (DCD - SCD + CPR)
    Destination Clock Delay (DCD):    0.748ns = ( 11.859 - 11.111 ) 
    Source Clock Delay      (SCD):    0.787ns
    Clock Pessimism Removal (CPR):    0.000ns
  Clock Uncertainty:      0.035ns  ((TSJ^2 + TIJ^2)^1/2 + DJ) / 2 + PE
    Total System Jitter     (TSJ):    0.071ns
    Total Input Jitter      (TIJ):    0.000ns
    Discrete Jitter          (DJ):    0.000ns
    Phase Error              (PE):    0.000ns

    Location             Delay type                Incr(ns)  Path(ns)    Netlist Resource(s)
  -------------------------------------------------------------------    -------------------
                         (clock cpu_clk rise edge)    0.000     0.000 r  
                                                      0.000     0.000 r  aclk (IN)
                         net (fo=34009, unset)        0.787     0.787    u_bpu/aclk
                         FDRE                                         r  u_bpu/pc_reg[10]/C
  -------------------------------------------------------------------    -------------------
                         FDRE (Prop_fdre_C_Q)         0.379     1.166 r  u_bpu/pc_reg[10]/Q
                         net (fo=35, unplaced)        0.852     2.018    u_bpu/u_ubtb/bank0_btype_reg_0_15_0_0_i_188_0[7]
                         LUT6 (Prop_lut6_I0_O)        0.232     2.250 r  u_bpu/u_ubtb/bank0_btype_reg_0_15_0_0_i_274/O
                         net (fo=117, unplaced)       0.450     2.700    u_bpu/u_ubtb/bank0_btype_reg_0_15_0_0_i_274_n_0
                         LUT4 (Prop_lut4_I2_O)        0.105     2.805 f  u_bpu/u_ubtb/bank0_btype_reg_0_15_0_0_i_747/O
                         net (fo=1, unplaced)         0.347     3.152    u_bpu/u_ubtb/bank0_btype_reg_0_15_0_0_i_747_n_0
                         LUT6 (Prop_lut6_I5_O)        0.105     3.257 r  u_bpu/u_ubtb/bank0_btype_reg_0_15_0_0_i_526/O
                         net (fo=1, unplaced)         0.000     3.257    u_bpu/u_ubtb/bank0_btype_reg_0_15_0_0_i_526_n_0
                         CARRY4 (Prop_carry4_S[1]_CO[3])
                                                      0.457     3.714 r  u_bpu/u_ubtb/bank0_btype_reg_0_15_0_0_i_298/CO[3]
                         net (fo=1, unplaced)         0.008     3.722    u_bpu/u_ubtb/bank0_btype_reg_0_15_0_0_i_298_n_0
                         CARRY4 (Prop_carry4_CI_CO[2])
                                                      0.209     3.931 f  u_bpu/u_ubtb/bank0_btype_reg_0_15_0_0_i_166/CO[2]
                         net (fo=1, unplaced)         0.349     4.280    u_bpu/u_ubtb/q_hit_40
                         LUT4 (Prop_lut4_I0_O)        0.252     4.532 r  u_bpu/u_ubtb/bank0_btype_reg_0_15_0_0_i_82/O
                         net (fo=2, unplaced)         0.358     4.890    u_bpu/u_ubtb/bank0_btype_reg_0_15_0_0_i_82_n_0
                         LUT5 (Prop_lut5_I4_O)        0.105     4.995 f  u_bpu/u_ubtb/bank0_btype_reg_0_15_0_0_i_27/O
                         net (fo=2, unplaced)         0.358     5.353    u_bpu/u_ubtb/bank0_btype_reg_0_15_0_0_i_27_n_0
                         LUT5 (Prop_lut5_I4_O)        0.108     5.461 f  u_bpu/u_ubtb/bank0_btype_reg_0_15_0_0_i_74/O
                         net (fo=1, unplaced)         0.347     5.808    u_bpu/u_ubtb/bank0_btype_reg_0_15_0_0_i_74_n_0
                         LUT5 (Prop_lut5_I0_O)        0.105     5.913 f  u_bpu/u_ubtb/bank0_btype_reg_0_15_0_0_i_22/O
                         net (fo=5, unplaced)         0.375     6.288    u_bpu/u_ubtb/bank0_btype_reg_0_15_0_0_i_22_n_0
                         LUT6 (Prop_lut6_I0_O)        0.105     6.393 r  u_bpu/u_ubtb/bank0_btype_reg_0_15_0_0_i_34/O
                         net (fo=1, unplaced)         0.347     6.740    u_bpu/u_ubtb/bank0_btype_reg_0_15_0_0_i_34_n_0
                         LUT2 (Prop_lut2_I0_O)        0.105     6.845 r  u_bpu/u_ubtb/bank0_btype_reg_0_15_0_0_i_9/O
                         net (fo=72, unplaced)        0.673     7.518    u_bpu/u_ubtb/bank0_btype_reg_0_15_0_0/DPRA3
                         RAMD32 (Prop_ramd32_RADR3_O)
                                                      0.105     7.623 r  u_bpu/u_ubtb/bank0_btype_reg_0_15_0_0/DP/O
                         net (fo=3, unplaced)         0.956     8.579    u_bpu/u_ubtb/br_type_o0[0]
                         LUT6 (Prop_lut6_I5_O)        0.105     8.684 r  u_bpu/u_ubtb/p0_target_r[31]_i_8/O
                         net (fo=1, unplaced)         0.582     9.266    u_bpu/u_fallback_btb/p0_target_r_reg[0]_0
                         LUT6 (Prop_lut6_I2_O)        0.105     9.371 r  u_bpu/u_fallback_btb/p0_target_r[31]_i_4/O
                         net (fo=64, unplaced)        1.026    10.397    u_bpu/u_fallback_btb/spec_cnt_reg[5]
                         LUT6 (Prop_lut6_I1_O)        0.105    10.502 r  u_bpu/u_fallback_btb/pc[20]_i_3/O
                         net (fo=1, unplaced)         0.328    10.830    u_bpu/u_ftb/gen_ftb_way[1].u_way/pc_reg[20]_0
                         LUT5 (Prop_lut5_I1_O)        0.105    10.935 r  u_bpu/u_ftb/gen_ftb_way[1].u_way/pc[20]_i_1/O
                         net (fo=1, unplaced)         0.000    10.935    u_bpu/u_ftb_n_91
                         FDRE                                         r  u_bpu/pc_reg[20]/D
  -------------------------------------------------------------------    -------------------

                         (clock cpu_clk rise edge)   11.111    11.111 r  
                                                      0.000    11.111 r  aclk (IN)
                         net (fo=34009, unset)        0.748    11.859    u_bpu/aclk
                         FDRE                                         r  u_bpu/pc_reg[20]/C
                         clock pessimism              0.000    11.859    
                         clock uncertainty           -0.035    11.823    
                         FDRE (Setup_fdre_C_D)        0.029    11.852    u_bpu/pc_reg[20]
  -------------------------------------------------------------------
                         required time                         11.852    
                         arrival time                         -10.935    
  -------------------------------------------------------------------
                         slack                                  0.917    

Slack (MET) :             0.917ns  (required time - arrival time)
  Source:                 u_bpu/pc_reg[10]/C
                            (rising edge-triggered cell FDRE clocked by cpu_clk  {rise@0.000ns fall@5.556ns period=11.111ns})
  Destination:            u_bpu/pc_reg[21]/D
                            (rising edge-triggered cell FDRE clocked by cpu_clk  {rise@0.000ns fall@5.556ns period=11.111ns})
  Path Group:             cpu_clk
  Path Type:              Setup (Max at Slow Process Corner)
  Requirement:            11.111ns  (cpu_clk rise@11.111ns - cpu_clk rise@0.000ns)
  Data Path Delay:        10.148ns  (logic 2.792ns (27.513%)  route 7.356ns (72.487%))
  Logic Levels:           16  (CARRY4=2 LUT2=1 LUT4=2 LUT5=4 LUT6=6 RAMD32=1)
  Clock Path Skew:        -0.039ns (DCD - SCD + CPR)
    Destination Clock Delay (DCD):    0.748ns = ( 11.859 - 11.111 ) 
    Source Clock Delay      (SCD):    0.787ns
    Clock Pessimism Removal (CPR):    0.000ns
  Clock Uncertainty:      0.035ns  ((TSJ^2 + TIJ^2)^1/2 + DJ) / 2 + PE
    Total System Jitter     (TSJ):    0.071ns
    Total Input Jitter      (TIJ):    0.000ns
    Discrete Jitter          (DJ):    0.000ns
    Phase Error              (PE):    0.000ns

    Location             Delay type                Incr(ns)  Path(ns)    Netlist Resource(s)
  -------------------------------------------------------------------    -------------------
                         (clock cpu_clk rise edge)    0.000     0.000 r  
                                                      0.000     0.000 r  aclk (IN)
                         net (fo=34009, unset)        0.787     0.787    u_bpu/aclk
                         FDRE                                         r  u_bpu/pc_reg[10]/C
  -------------------------------------------------------------------    -------------------
                         FDRE (Prop_fdre_C_Q)         0.379     1.166 r  u_bpu/pc_reg[10]/Q
                         net (fo=35, unplaced)        0.852     2.018    u_bpu/u_ubtb/bank0_btype_reg_0_15_0_0_i_188_0[7]
                         LUT6 (Prop_lut6_I0_O)        0.232     2.250 r  u_bpu/u_ubtb/bank0_btype_reg_0_15_0_0_i_274/O
                         net (fo=117, unplaced)       0.450     2.700    u_bpu/u_ubtb/bank0_btype_reg_0_15_0_0_i_274_n_0
                         LUT4 (Prop_lut4_I2_O)        0.105     2.805 f  u_bpu/u_ubtb/bank0_btype_reg_0_15_0_0_i_747/O
                         net (fo=1, unplaced)         0.347     3.152    u_bpu/u_ubtb/bank0_btype_reg_0_15_0_0_i_747_n_0
                         LUT6 (Prop_lut6_I5_O)        0.105     3.257 r  u_bpu/u_ubtb/bank0_btype_reg_0_15_0_0_i_526/O
                         net (fo=1, unplaced)         0.000     3.257    u_bpu/u_ubtb/bank0_btype_reg_0_15_0_0_i_526_n_0
                         CARRY4 (Prop_carry4_S[1]_CO[3])
                                                      0.457     3.714 r  u_bpu/u_ubtb/bank0_btype_reg_0_15_0_0_i_298/CO[3]
                         net (fo=1, unplaced)         0.008     3.722    u_bpu/u_ubtb/bank0_btype_reg_0_15_0_0_i_298_n_0
                         CARRY4 (Prop_carry4_CI_CO[2])
                                                      0.209     3.931 f  u_bpu/u_ubtb/bank0_btype_reg_0_15_0_0_i_166/CO[2]
                         net (fo=1, unplaced)         0.349     4.280    u_bpu/u_ubtb/q_hit_40
                         LUT4 (Prop_lut4_I0_O)        0.252     4.532 r  u_bpu/u_ubtb/bank0_btype_reg_0_15_0_0_i_82/O
                         net (fo=2, unplaced)         0.358     4.890    u_bpu/u_ubtb/bank0_btype_reg_0_15_0_0_i_82_n_0
                         LUT5 (Prop_lut5_I4_O)        0.105     4.995 f  u_bpu/u_ubtb/bank0_btype_reg_0_15_0_0_i_27/O
                         net (fo=2, unplaced)         0.358     5.353    u_bpu/u_ubtb/bank0_btype_reg_0_15_0_0_i_27_n_0
                         LUT5 (Prop_lut5_I4_O)        0.108     5.461 f  u_bpu/u_ubtb/bank0_btype_reg_0_15_0_0_i_74/O
                         net (fo=1, unplaced)         0.347     5.808    u_bpu/u_ubtb/bank0_btype_reg_0_15_0_0_i_74_n_0
                         LUT5 (Prop_lut5_I0_O)        0.105     5.913 f  u_bpu/u_ubtb/bank0_btype_reg_0_15_0_0_i_22/O
                         net (fo=5, unplaced)         0.375     6.288    u_bpu/u_ubtb/bank0_btype_reg_0_15_0_0_i_22_n_0
                         LUT6 (Prop_lut6_I0_O)        0.105     6.393 r  u_bpu/u_ubtb/bank0_btype_reg_0_15_0_0_i_34/O
                         net (fo=1, unplaced)         0.347     6.740    u_bpu/u_ubtb/bank0_btype_reg_0_15_0_0_i_34_n_0
                         LUT2 (Prop_lut2_I0_O)        0.105     6.845 r  u_bpu/u_ubtb/bank0_btype_reg_0_15_0_0_i_9/O
                         net (fo=72, unplaced)        0.673     7.518    u_bpu/u_ubtb/bank0_btype_reg_0_15_0_0/DPRA3
                         RAMD32 (Prop_ramd32_RADR3_O)
                                                      0.105     7.623 r  u_bpu/u_ubtb/bank0_btype_reg_0_15_0_0/DP/O
                         net (fo=3, unplaced)         0.956     8.579    u_bpu/u_ubtb/br_type_o0[0]
                         LUT6 (Prop_lut6_I5_O)        0.105     8.684 r  u_bpu/u_ubtb/p0_target_r[31]_i_8/O
                         net (fo=1, unplaced)         0.582     9.266    u_bpu/u_fallback_btb/p0_target_r_reg[0]_0
                         LUT6 (Prop_lut6_I2_O)        0.105     9.371 r  u_bpu/u_fallback_btb/p0_target_r[31]_i_4/O
                         net (fo=64, unplaced)        1.026    10.397    u_bpu/u_fallback_btb/spec_cnt_reg[5]
                         LUT6 (Prop_lut6_I1_O)        0.105    10.502 r  u_bpu/u_fallback_btb/pc[21]_i_3/O
                         net (fo=1, unplaced)         0.328    10.830    u_bpu/u_ftb/gen_ftb_way[1].u_way/pc_reg[21]_0
                         LUT5 (Prop_lut5_I1_O)        0.105    10.935 r  u_bpu/u_ftb/gen_ftb_way[1].u_way/pc[21]_i_1/O
                         net (fo=1, unplaced)         0.000    10.935    u_bpu/u_ftb_n_90
                         FDRE                                         r  u_bpu/pc_reg[21]/D
  -------------------------------------------------------------------    -------------------

                         (clock cpu_clk rise edge)   11.111    11.111 r  
                                                      0.000    11.111 r  aclk (IN)
                         net (fo=34009, unset)        0.748    11.859    u_bpu/aclk
                         FDRE                                         r  u_bpu/pc_reg[21]/C
                         clock pessimism              0.000    11.859    
                         clock uncertainty           -0.035    11.823    
                         FDRE (Setup_fdre_C_D)        0.029    11.852    u_bpu/pc_reg[21]
  -------------------------------------------------------------------
                         required time                         11.852    
                         arrival time                         -10.935    
  -------------------------------------------------------------------
                         slack                                  0.917    

Slack (MET) :             0.917ns  (required time - arrival time)
  Source:                 u_bpu/pc_reg[10]/C
                            (rising edge-triggered cell FDRE clocked by cpu_clk  {rise@0.000ns fall@5.556ns period=11.111ns})
  Destination:            u_bpu/pc_reg[22]/D
                            (rising edge-triggered cell FDRE clocked by cpu_clk  {rise@0.000ns fall@5.556ns period=11.111ns})
  Path Group:             cpu_clk
  Path Type:              Setup (Max at Slow Process Corner)
  Requirement:            11.111ns  (cpu_clk rise@11.111ns - cpu_clk rise@0.000ns)
  Data Path Delay:        10.148ns  (logic 2.792ns (27.513%)  route 7.356ns (72.487%))
  Logic Levels:           16  (CARRY4=2 LUT2=1 LUT4=2 LUT5=4 LUT6=6 RAMD32=1)
  Clock Path Skew:        -0.039ns (DCD - SCD + CPR)
    Destination Clock Delay (DCD):    0.748ns = ( 11.859 - 11.111 ) 
    Source Clock Delay      (SCD):    0.787ns
    Clock Pessimism Removal (CPR):    0.000ns
  Clock Uncertainty:      0.035ns  ((TSJ^2 + TIJ^2)^1/2 + DJ) / 2 + PE
    Total System Jitter     (TSJ):    0.071ns
    Total Input Jitter      (TIJ):    0.000ns
    Discrete Jitter          (DJ):    0.000ns
    Phase Error              (PE):    0.000ns

    Location             Delay type                Incr(ns)  Path(ns)    Netlist Resource(s)
  -------------------------------------------------------------------    -------------------
                         (clock cpu_clk rise edge)    0.000     0.000 r  
                                                      0.000     0.000 r  aclk (IN)
                         net (fo=34009, unset)        0.787     0.787    u_bpu/aclk
                         FDRE                                         r  u_bpu/pc_reg[10]/C
  -------------------------------------------------------------------    -------------------
                         FDRE (Prop_fdre_C_Q)         0.379     1.166 r  u_bpu/pc_reg[10]/Q
                         net (fo=35, unplaced)        0.852     2.018    u_bpu/u_ubtb/bank0_btype_reg_0_15_0_0_i_188_0[7]
                         LUT6 (Prop_lut6_I0_O)        0.232     2.250 r  u_bpu/u_ubtb/bank0_btype_reg_0_15_0_0_i_274/O
                         net (fo=117, unplaced)       0.450     2.700    u_bpu/u_ubtb/bank0_btype_reg_0_15_0_0_i_274_n_0
                         LUT4 (Prop_lut4_I2_O)        0.105     2.805 f  u_bpu/u_ubtb/bank0_btype_reg_0_15_0_0_i_747/O
                         net (fo=1, unplaced)         0.347     3.152    u_bpu/u_ubtb/bank0_btype_reg_0_15_0_0_i_747_n_0
                         LUT6 (Prop_lut6_I5_O)        0.105     3.257 r  u_bpu/u_ubtb/bank0_btype_reg_0_15_0_0_i_526/O
                         net (fo=1, unplaced)         0.000     3.257    u_bpu/u_ubtb/bank0_btype_reg_0_15_0_0_i_526_n_0
                         CARRY4 (Prop_carry4_S[1]_CO[3])
                                                      0.457     3.714 r  u_bpu/u_ubtb/bank0_btype_reg_0_15_0_0_i_298/CO[3]
                         net (fo=1, unplaced)         0.008     3.722    u_bpu/u_ubtb/bank0_btype_reg_0_15_0_0_i_298_n_0
                         CARRY4 (Prop_carry4_CI_CO[2])
                                                      0.209     3.931 f  u_bpu/u_ubtb/bank0_btype_reg_0_15_0_0_i_166/CO[2]
                         net (fo=1, unplaced)         0.349     4.280    u_bpu/u_ubtb/q_hit_40
                         LUT4 (Prop_lut4_I0_O)        0.252     4.532 r  u_bpu/u_ubtb/bank0_btype_reg_0_15_0_0_i_82/O
                         net (fo=2, unplaced)         0.358     4.890    u_bpu/u_ubtb/bank0_btype_reg_0_15_0_0_i_82_n_0
                         LUT5 (Prop_lut5_I4_O)        0.105     4.995 f  u_bpu/u_ubtb/bank0_btype_reg_0_15_0_0_i_27/O
                         net (fo=2, unplaced)         0.358     5.353    u_bpu/u_ubtb/bank0_btype_reg_0_15_0_0_i_27_n_0
                         LUT5 (Prop_lut5_I4_O)        0.108     5.461 f  u_bpu/u_ubtb/bank0_btype_reg_0_15_0_0_i_74/O
                         net (fo=1, unplaced)         0.347     5.808    u_bpu/u_ubtb/bank0_btype_reg_0_15_0_0_i_74_n_0
                         LUT5 (Prop_lut5_I0_O)        0.105     5.913 f  u_bpu/u_ubtb/bank0_btype_reg_0_15_0_0_i_22/O
                         net (fo=5, unplaced)         0.375     6.288    u_bpu/u_ubtb/bank0_btype_reg_0_15_0_0_i_22_n_0
                         LUT6 (Prop_lut6_I0_O)        0.105     6.393 r  u_bpu/u_ubtb/bank0_btype_reg_0_15_0_0_i_34/O
                         net (fo=1, unplaced)         0.347     6.740    u_bpu/u_ubtb/bank0_btype_reg_0_15_0_0_i_34_n_0
                         LUT2 (Prop_lut2_I0_O)        0.105     6.845 r  u_bpu/u_ubtb/bank0_btype_reg_0_15_0_0_i_9/O
                         net (fo=72, unplaced)        0.673     7.518    u_bpu/u_ubtb/bank0_btype_reg_0_15_0_0/DPRA3
                         RAMD32 (Prop_ramd32_RADR3_O)
                                                      0.105     7.623 r  u_bpu/u_ubtb/bank0_btype_reg_0_15_0_0/DP/O
                         net (fo=3, unplaced)         0.956     8.579    u_bpu/u_ubtb/br_type_o0[0]
                         LUT6 (Prop_lut6_I5_O)        0.105     8.684 r  u_bpu/u_ubtb/p0_target_r[31]_i_8/O
                         net (fo=1, unplaced)         0.582     9.266    u_bpu/u_fallback_btb/p0_target_r_reg[0]_0
                         LUT6 (Prop_lut6_I2_O)        0.105     9.371 r  u_bpu/u_fallback_btb/p0_target_r[31]_i_4/O
                         net (fo=64, unplaced)        1.026    10.397    u_bpu/u_fallback_btb/spec_cnt_reg[5]
                         LUT6 (Prop_lut6_I1_O)        0.105    10.502 r  u_bpu/u_fallback_btb/pc[22]_i_3/O
                         net (fo=1, unplaced)         0.328    10.830    u_bpu/u_ftb/gen_ftb_way[1].u_way/pc_reg[22]_0
                         LUT5 (Prop_lut5_I1_O)        0.105    10.935 r  u_bpu/u_ftb/gen_ftb_way[1].u_way/pc[22]_i_1/O
                         net (fo=1, unplaced)         0.000    10.935    u_bpu/u_ftb_n_89
                         FDRE                                         r  u_bpu/pc_reg[22]/D
  -------------------------------------------------------------------    -------------------

                         (clock cpu_clk rise edge)   11.111    11.111 r  
                                                      0.000    11.111 r  aclk (IN)
                         net (fo=34009, unset)        0.748    11.859    u_bpu/aclk
                         FDRE                                         r  u_bpu/pc_reg[22]/C
                         clock pessimism              0.000    11.859    
                         clock uncertainty           -0.035    11.823    
                         FDRE (Setup_fdre_C_D)        0.029    11.852    u_bpu/pc_reg[22]
  -------------------------------------------------------------------
                         required time                         11.852    
                         arrival time                         -10.935    
  -------------------------------------------------------------------
                         slack                                  0.917    

Slack (MET) :             0.917ns  (required time - arrival time)
  Source:                 u_bpu/pc_reg[10]/C
                            (rising edge-triggered cell FDRE clocked by cpu_clk  {rise@0.000ns fall@5.556ns period=11.111ns})
  Destination:            u_bpu/pc_reg[23]/D
                            (rising edge-triggered cell FDRE clocked by cpu_clk  {rise@0.000ns fall@5.556ns period=11.111ns})
  Path Group:             cpu_clk
  Path Type:              Setup (Max at Slow Process Corner)
  Requirement:            11.111ns  (cpu_clk rise@11.111ns - cpu_clk rise@0.000ns)
  Data Path Delay:        10.148ns  (logic 2.792ns (27.513%)  route 7.356ns (72.487%))
  Logic Levels:           16  (CARRY4=2 LUT2=1 LUT4=2 LUT5=4 LUT6=6 RAMD32=1)
  Clock Path Skew:        -0.039ns (DCD - SCD + CPR)
    Destination Clock Delay (DCD):    0.748ns = ( 11.859 - 11.111 ) 
    Source Clock Delay      (SCD):    0.787ns
    Clock Pessimism Removal (CPR):    0.000ns
  Clock Uncertainty:      0.035ns  ((TSJ^2 + TIJ^2)^1/2 + DJ) / 2 + PE
    Total System Jitter     (TSJ):    0.071ns
    Total Input Jitter      (TIJ):    0.000ns
    Discrete Jitter          (DJ):    0.000ns
    Phase Error              (PE):    0.000ns

    Location             Delay type                Incr(ns)  Path(ns)    Netlist Resource(s)
  -------------------------------------------------------------------    -------------------
                         (clock cpu_clk rise edge)    0.000     0.000 r  
                                                      0.000     0.000 r  aclk (IN)
                         net (fo=34009, unset)        0.787     0.787    u_bpu/aclk
                         FDRE                                         r  u_bpu/pc_reg[10]/C
  -------------------------------------------------------------------    -------------------
                         FDRE (Prop_fdre_C_Q)         0.379     1.166 r  u_bpu/pc_reg[10]/Q
                         net (fo=35, unplaced)        0.852     2.018    u_bpu/u_ubtb/bank0_btype_reg_0_15_0_0_i_188_0[7]
                         LUT6 (Prop_lut6_I0_O)        0.232     2.250 r  u_bpu/u_ubtb/bank0_btype_reg_0_15_0_0_i_274/O
                         net (fo=117, unplaced)       0.450     2.700    u_bpu/u_ubtb/bank0_btype_reg_0_15_0_0_i_274_n_0
                         LUT4 (Prop_lut4_I2_O)        0.105     2.805 f  u_bpu/u_ubtb/bank0_btype_reg_0_15_0_0_i_747/O
                         net (fo=1, unplaced)         0.347     3.152    u_bpu/u_ubtb/bank0_btype_reg_0_15_0_0_i_747_n_0
                         LUT6 (Prop_lut6_I5_O)        0.105     3.257 r  u_bpu/u_ubtb/bank0_btype_reg_0_15_0_0_i_526/O
                         net (fo=1, unplaced)         0.000     3.257    u_bpu/u_ubtb/bank0_btype_reg_0_15_0_0_i_526_n_0
                         CARRY4 (Prop_carry4_S[1]_CO[3])
                                                      0.457     3.714 r  u_bpu/u_ubtb/bank0_btype_reg_0_15_0_0_i_298/CO[3]
                         net (fo=1, unplaced)         0.008     3.722    u_bpu/u_ubtb/bank0_btype_reg_0_15_0_0_i_298_n_0
                         CARRY4 (Prop_carry4_CI_CO[2])
                                                      0.209     3.931 f  u_bpu/u_ubtb/bank0_btype_reg_0_15_0_0_i_166/CO[2]
                         net (fo=1, unplaced)         0.349     4.280    u_bpu/u_ubtb/q_hit_40
                         LUT4 (Prop_lut4_I0_O)        0.252     4.532 r  u_bpu/u_ubtb/bank0_btype_reg_0_15_0_0_i_82/O
                         net (fo=2, unplaced)         0.358     4.890    u_bpu/u_ubtb/bank0_btype_reg_0_15_0_0_i_82_n_0
                         LUT5 (Prop_lut5_I4_O)        0.105     4.995 f  u_bpu/u_ubtb/bank0_btype_reg_0_15_0_0_i_27/O
                         net (fo=2, unplaced)         0.358     5.353    u_bpu/u_ubtb/bank0_btype_reg_0_15_0_0_i_27_n_0
                         LUT5 (Prop_lut5_I4_O)        0.108     5.461 f  u_bpu/u_ubtb/bank0_btype_reg_0_15_0_0_i_74/O
                         net (fo=1, unplaced)         0.347     5.808    u_bpu/u_ubtb/bank0_btype_reg_0_15_0_0_i_74_n_0
                         LUT5 (Prop_lut5_I0_O)        0.105     5.913 f  u_bpu/u_ubtb/bank0_btype_reg_0_15_0_0_i_22/O
                         net (fo=5, unplaced)         0.375     6.288    u_bpu/u_ubtb/bank0_btype_reg_0_15_0_0_i_22_n_0
                         LUT6 (Prop_lut6_I0_O)        0.105     6.393 r  u_bpu/u_ubtb/bank0_btype_reg_0_15_0_0_i_34/O
                         net (fo=1, unplaced)         0.347     6.740    u_bpu/u_ubtb/bank0_btype_reg_0_15_0_0_i_34_n_0
                         LUT2 (Prop_lut2_I0_O)        0.105     6.845 r  u_bpu/u_ubtb/bank0_btype_reg_0_15_0_0_i_9/O
                         net (fo=72, unplaced)        0.673     7.518    u_bpu/u_ubtb/bank0_btype_reg_0_15_0_0/DPRA3
                         RAMD32 (Prop_ramd32_RADR3_O)
                                                      0.105     7.623 r  u_bpu/u_ubtb/bank0_btype_reg_0_15_0_0/DP/O
                         net (fo=3, unplaced)         0.956     8.579    u_bpu/u_ubtb/br_type_o0[0]
                         LUT6 (Prop_lut6_I5_O)        0.105     8.684 r  u_bpu/u_ubtb/p0_target_r[31]_i_8/O
                         net (fo=1, unplaced)         0.582     9.266    u_bpu/u_fallback_btb/p0_target_r_reg[0]_0
                         LUT6 (Prop_lut6_I2_O)        0.105     9.371 r  u_bpu/u_fallback_btb/p0_target_r[31]_i_4/O
                         net (fo=64, unplaced)        1.026    10.397    u_bpu/u_fallback_btb/spec_cnt_reg[5]
                         LUT6 (Prop_lut6_I1_O)        0.105    10.502 r  u_bpu/u_fallback_btb/pc[23]_i_3/O
                         net (fo=1, unplaced)         0.328    10.830    u_bpu/u_ftb/gen_ftb_way[1].u_way/pc_reg[23]_0
                         LUT5 (Prop_lut5_I1_O)        0.105    10.935 r  u_bpu/u_ftb/gen_ftb_way[1].u_way/pc[23]_i_1/O
                         net (fo=1, unplaced)         0.000    10.935    u_bpu/u_ftb_n_88
                         FDRE                                         r  u_bpu/pc_reg[23]/D
  -------------------------------------------------------------------    -------------------

                         (clock cpu_clk rise edge)   11.111    11.111 r  
                                                      0.000    11.111 r  aclk (IN)
                         net (fo=34009, unset)        0.748    11.859    u_bpu/aclk
                         FDRE                                         r  u_bpu/pc_reg[23]/C
                         clock pessimism              0.000    11.859    
                         clock uncertainty           -0.035    11.823    
                         FDRE (Setup_fdre_C_D)        0.029    11.852    u_bpu/pc_reg[23]
  -------------------------------------------------------------------
                         required time                         11.852    
                         arrival time                         -10.935    
  -------------------------------------------------------------------
                         slack                                  0.917    

Slack (MET) :             0.917ns  (required time - arrival time)
  Source:                 u_bpu/pc_reg[10]/C
                            (rising edge-triggered cell FDRE clocked by cpu_clk  {rise@0.000ns fall@5.556ns period=11.111ns})
  Destination:            u_bpu/pc_reg[24]/D
                            (rising edge-triggered cell FDRE clocked by cpu_clk  {rise@0.000ns fall@5.556ns period=11.111ns})
  Path Group:             cpu_clk
  Path Type:              Setup (Max at Slow Process Corner)
  Requirement:            11.111ns  (cpu_clk rise@11.111ns - cpu_clk rise@0.000ns)
  Data Path Delay:        10.148ns  (logic 2.792ns (27.513%)  route 7.356ns (72.487%))
  Logic Levels:           16  (CARRY4=2 LUT2=1 LUT4=2 LUT5=4 LUT6=6 RAMD32=1)
  Clock Path Skew:        -0.039ns (DCD - SCD + CPR)
    Destination Clock Delay (DCD):    0.748ns = ( 11.859 - 11.111 ) 
    Source Clock Delay      (SCD):    0.787ns
    Clock Pessimism Removal (CPR):    0.000ns
  Clock Uncertainty:      0.035ns  ((TSJ^2 + TIJ^2)^1/2 + DJ) / 2 + PE
    Total System Jitter     (TSJ):    0.071ns
    Total Input Jitter      (TIJ):    0.000ns
    Discrete Jitter          (DJ):    0.000ns
    Phase Error              (PE):    0.000ns

    Location             Delay type                Incr(ns)  Path(ns)    Netlist Resource(s)
  -------------------------------------------------------------------    -------------------
                         (clock cpu_clk rise edge)    0.000     0.000 r  
                                                      0.000     0.000 r  aclk (IN)
                         net (fo=34009, unset)        0.787     0.787    u_bpu/aclk
                         FDRE                                         r  u_bpu/pc_reg[10]/C
  -------------------------------------------------------------------    -------------------
                         FDRE (Prop_fdre_C_Q)         0.379     1.166 r  u_bpu/pc_reg[10]/Q
                         net (fo=35, unplaced)        0.852     2.018    u_bpu/u_ubtb/bank0_btype_reg_0_15_0_0_i_188_0[7]
                         LUT6 (Prop_lut6_I0_O)        0.232     2.250 r  u_bpu/u_ubtb/bank0_btype_reg_0_15_0_0_i_274/O
                         net (fo=117, unplaced)       0.450     2.700    u_bpu/u_ubtb/bank0_btype_reg_0_15_0_0_i_274_n_0
                         LUT4 (Prop_lut4_I2_O)        0.105     2.805 f  u_bpu/u_ubtb/bank0_btype_reg_0_15_0_0_i_747/O
                         net (fo=1, unplaced)         0.347     3.152    u_bpu/u_ubtb/bank0_btype_reg_0_15_0_0_i_747_n_0
                         LUT6 (Prop_lut6_I5_O)        0.105     3.257 r  u_bpu/u_ubtb/bank0_btype_reg_0_15_0_0_i_526/O
                         net (fo=1, unplaced)         0.000     3.257    u_bpu/u_ubtb/bank0_btype_reg_0_15_0_0_i_526_n_0
                         CARRY4 (Prop_carry4_S[1]_CO[3])
                                                      0.457     3.714 r  u_bpu/u_ubtb/bank0_btype_reg_0_15_0_0_i_298/CO[3]
                         net (fo=1, unplaced)         0.008     3.722    u_bpu/u_ubtb/bank0_btype_reg_0_15_0_0_i_298_n_0
                         CARRY4 (Prop_carry4_CI_CO[2])
                                                      0.209     3.931 f  u_bpu/u_ubtb/bank0_btype_reg_0_15_0_0_i_166/CO[2]
                         net (fo=1, unplaced)         0.349     4.280    u_bpu/u_ubtb/q_hit_40
                         LUT4 (Prop_lut4_I0_O)        0.252     4.532 r  u_bpu/u_ubtb/bank0_btype_reg_0_15_0_0_i_82/O
                         net (fo=2, unplaced)         0.358     4.890    u_bpu/u_ubtb/bank0_btype_reg_0_15_0_0_i_82_n_0
                         LUT5 (Prop_lut5_I4_O)        0.105     4.995 f  u_bpu/u_ubtb/bank0_btype_reg_0_15_0_0_i_27/O
                         net (fo=2, unplaced)         0.358     5.353    u_bpu/u_ubtb/bank0_btype_reg_0_15_0_0_i_27_n_0
                         LUT5 (Prop_lut5_I4_O)        0.108     5.461 f  u_bpu/u_ubtb/bank0_btype_reg_0_15_0_0_i_74/O
                         net (fo=1, unplaced)         0.347     5.808    u_bpu/u_ubtb/bank0_btype_reg_0_15_0_0_i_74_n_0
                         LUT5 (Prop_lut5_I0_O)        0.105     5.913 f  u_bpu/u_ubtb/bank0_btype_reg_0_15_0_0_i_22/O
                         net (fo=5, unplaced)         0.375     6.288    u_bpu/u_ubtb/bank0_btype_reg_0_15_0_0_i_22_n_0
                         LUT6 (Prop_lut6_I0_O)        0.105     6.393 r  u_bpu/u_ubtb/bank0_btype_reg_0_15_0_0_i_34/O
                         net (fo=1, unplaced)         0.347     6.740    u_bpu/u_ubtb/bank0_btype_reg_0_15_0_0_i_34_n_0
                         LUT2 (Prop_lut2_I0_O)        0.105     6.845 r  u_bpu/u_ubtb/bank0_btype_reg_0_15_0_0_i_9/O
                         net (fo=72, unplaced)        0.673     7.518    u_bpu/u_ubtb/bank0_btype_reg_0_15_0_0/DPRA3
                         RAMD32 (Prop_ramd32_RADR3_O)
                                                      0.105     7.623 r  u_bpu/u_ubtb/bank0_btype_reg_0_15_0_0/DP/O
                         net (fo=3, unplaced)         0.956     8.579    u_bpu/u_ubtb/br_type_o0[0]
                         LUT6 (Prop_lut6_I5_O)        0.105     8.684 r  u_bpu/u_ubtb/p0_target_r[31]_i_8/O
                         net (fo=1, unplaced)         0.582     9.266    u_bpu/u_fallback_btb/p0_target_r_reg[0]_0
                         LUT6 (Prop_lut6_I2_O)        0.105     9.371 r  u_bpu/u_fallback_btb/p0_target_r[31]_i_4/O
                         net (fo=64, unplaced)        1.026    10.397    u_bpu/u_fallback_btb/spec_cnt_reg[5]
                         LUT6 (Prop_lut6_I1_O)        0.105    10.502 r  u_bpu/u_fallback_btb/pc[24]_i_3/O
                         net (fo=1, unplaced)         0.328    10.830    u_bpu/u_ftb/gen_ftb_way[1].u_way/pc_reg[24]_0
                         LUT5 (Prop_lut5_I1_O)        0.105    10.935 r  u_bpu/u_ftb/gen_ftb_way[1].u_way/pc[24]_i_1/O
                         net (fo=1, unplaced)         0.000    10.935    u_bpu/u_ftb_n_87
                         FDRE                                         r  u_bpu/pc_reg[24]/D
  -------------------------------------------------------------------    -------------------

                         (clock cpu_clk rise edge)   11.111    11.111 r  
                                                      0.000    11.111 r  aclk (IN)
                         net (fo=34009, unset)        0.748    11.859    u_bpu/aclk
                         FDRE                                         r  u_bpu/pc_reg[24]/C
                         clock pessimism              0.000    11.859    
                         clock uncertainty           -0.035    11.823    
                         FDRE (Setup_fdre_C_D)        0.029    11.852    u_bpu/pc_reg[24]
  -------------------------------------------------------------------
                         required time                         11.852    
                         arrival time                         -10.935    
  -------------------------------------------------------------------
                         slack                                  0.917    

Slack (MET) :             0.917ns  (required time - arrival time)
  Source:                 u_bpu/pc_reg[10]/C
                            (rising edge-triggered cell FDRE clocked by cpu_clk  {rise@0.000ns fall@5.556ns period=11.111ns})
  Destination:            u_bpu/pc_reg[25]/D
                            (rising edge-triggered cell FDRE clocked by cpu_clk  {rise@0.000ns fall@5.556ns period=11.111ns})
  Path Group:             cpu_clk
  Path Type:              Setup (Max at Slow Process Corner)
  Requirement:            11.111ns  (cpu_clk rise@11.111ns - cpu_clk rise@0.000ns)
  Data Path Delay:        10.148ns  (logic 2.792ns (27.513%)  route 7.356ns (72.487%))
  Logic Levels:           16  (CARRY4=2 LUT2=1 LUT4=2 LUT5=4 LUT6=6 RAMD32=1)
  Clock Path Skew:        -0.039ns (DCD - SCD + CPR)
    Destination Clock Delay (DCD):    0.748ns = ( 11.859 - 11.111 ) 
    Source Clock Delay      (SCD):    0.787ns
    Clock Pessimism Removal (CPR):    0.000ns
  Clock Uncertainty:      0.035ns  ((TSJ^2 + TIJ^2)^1/2 + DJ) / 2 + PE
    Total System Jitter     (TSJ):    0.071ns
    Total Input Jitter      (TIJ):    0.000ns
    Discrete Jitter          (DJ):    0.000ns
    Phase Error              (PE):    0.000ns

    Location             Delay type                Incr(ns)  Path(ns)    Netlist Resource(s)
  -------------------------------------------------------------------    -------------------
                         (clock cpu_clk rise edge)    0.000     0.000 r  
                                                      0.000     0.000 r  aclk (IN)
                         net (fo=34009, unset)        0.787     0.787    u_bpu/aclk
                         FDRE                                         r  u_bpu/pc_reg[10]/C
  -------------------------------------------------------------------    -------------------
                         FDRE (Prop_fdre_C_Q)         0.379     1.166 r  u_bpu/pc_reg[10]/Q
                         net (fo=35, unplaced)        0.852     2.018    u_bpu/u_ubtb/bank0_btype_reg_0_15_0_0_i_188_0[7]
                         LUT6 (Prop_lut6_I0_O)        0.232     2.250 r  u_bpu/u_ubtb/bank0_btype_reg_0_15_0_0_i_274/O
                         net (fo=117, unplaced)       0.450     2.700    u_bpu/u_ubtb/bank0_btype_reg_0_15_0_0_i_274_n_0
                         LUT4 (Prop_lut4_I2_O)        0.105     2.805 f  u_bpu/u_ubtb/bank0_btype_reg_0_15_0_0_i_747/O
                         net (fo=1, unplaced)         0.347     3.152    u_bpu/u_ubtb/bank0_btype_reg_0_15_0_0_i_747_n_0
                         LUT6 (Prop_lut6_I5_O)        0.105     3.257 r  u_bpu/u_ubtb/bank0_btype_reg_0_15_0_0_i_526/O
                         net (fo=1, unplaced)         0.000     3.257    u_bpu/u_ubtb/bank0_btype_reg_0_15_0_0_i_526_n_0
                         CARRY4 (Prop_carry4_S[1]_CO[3])
                                                      0.457     3.714 r  u_bpu/u_ubtb/bank0_btype_reg_0_15_0_0_i_298/CO[3]
                         net (fo=1, unplaced)         0.008     3.722    u_bpu/u_ubtb/bank0_btype_reg_0_15_0_0_i_298_n_0
                         CARRY4 (Prop_carry4_CI_CO[2])
                                                      0.209     3.931 f  u_bpu/u_ubtb/bank0_btype_reg_0_15_0_0_i_166/CO[2]
                         net (fo=1, unplaced)         0.349     4.280    u_bpu/u_ubtb/q_hit_40
                         LUT4 (Prop_lut4_I0_O)        0.252     4.532 r  u_bpu/u_ubtb/bank0_btype_reg_0_15_0_0_i_82/O
                         net (fo=2, unplaced)         0.358     4.890    u_bpu/u_ubtb/bank0_btype_reg_0_15_0_0_i_82_n_0
                         LUT5 (Prop_lut5_I4_O)        0.105     4.995 f  u_bpu/u_ubtb/bank0_btype_reg_0_15_0_0_i_27/O
                         net (fo=2, unplaced)         0.358     5.353    u_bpu/u_ubtb/bank0_btype_reg_0_15_0_0_i_27_n_0
                         LUT5 (Prop_lut5_I4_O)        0.108     5.461 f  u_bpu/u_ubtb/bank0_btype_reg_0_15_0_0_i_74/O
                         net (fo=1, unplaced)         0.347     5.808    u_bpu/u_ubtb/bank0_btype_reg_0_15_0_0_i_74_n_0
                         LUT5 (Prop_lut5_I0_O)        0.105     5.913 f  u_bpu/u_ubtb/bank0_btype_reg_0_15_0_0_i_22/O
                         net (fo=5, unplaced)         0.375     6.288    u_bpu/u_ubtb/bank0_btype_reg_0_15_0_0_i_22_n_0
                         LUT6 (Prop_lut6_I0_O)        0.105     6.393 r  u_bpu/u_ubtb/bank0_btype_reg_0_15_0_0_i_34/O
                         net (fo=1, unplaced)         0.347     6.740    u_bpu/u_ubtb/bank0_btype_reg_0_15_0_0_i_34_n_0
                         LUT2 (Prop_lut2_I0_O)        0.105     6.845 r  u_bpu/u_ubtb/bank0_btype_reg_0_15_0_0_i_9/O
                         net (fo=72, unplaced)        0.673     7.518    u_bpu/u_ubtb/bank0_btype_reg_0_15_0_0/DPRA3
                         RAMD32 (Prop_ramd32_RADR3_O)
                                                      0.105     7.623 r  u_bpu/u_ubtb/bank0_btype_reg_0_15_0_0/DP/O
                         net (fo=3, unplaced)         0.956     8.579    u_bpu/u_ubtb/br_type_o0[0]
                         LUT6 (Prop_lut6_I5_O)        0.105     8.684 r  u_bpu/u_ubtb/p0_target_r[31]_i_8/O
                         net (fo=1, unplaced)         0.582     9.266    u_bpu/u_fallback_btb/p0_target_r_reg[0]_0
                         LUT6 (Prop_lut6_I2_O)        0.105     9.371 r  u_bpu/u_fallback_btb/p0_target_r[31]_i_4/O
                         net (fo=64, unplaced)        1.026    10.397    u_bpu/u_fallback_btb/spec_cnt_reg[5]
                         LUT6 (Prop_lut6_I1_O)        0.105    10.502 r  u_bpu/u_fallback_btb/pc[25]_i_3/O
                         net (fo=1, unplaced)         0.328    10.830    u_bpu/u_ftb/gen_ftb_way[1].u_way/pc_reg[25]_0
                         LUT5 (Prop_lut5_I1_O)        0.105    10.935 r  u_bpu/u_ftb/gen_ftb_way[1].u_way/pc[25]_i_1/O
                         net (fo=1, unplaced)         0.000    10.935    u_bpu/u_ftb_n_86
                         FDRE                                         r  u_bpu/pc_reg[25]/D
  -------------------------------------------------------------------    -------------------

                         (clock cpu_clk rise edge)   11.111    11.111 r  
                                                      0.000    11.111 r  aclk (IN)
                         net (fo=34009, unset)        0.748    11.859    u_bpu/aclk
                         FDRE                                         r  u_bpu/pc_reg[25]/C
                         clock pessimism              0.000    11.859    
                         clock uncertainty           -0.035    11.823    
                         FDRE (Setup_fdre_C_D)        0.029    11.852    u_bpu/pc_reg[25]
  -------------------------------------------------------------------
                         required time                         11.852    
                         arrival time                         -10.935    
  -------------------------------------------------------------------
                         slack                                  0.917    

Slack (MET) :             0.917ns  (required time - arrival time)
  Source:                 u_bpu/pc_reg[10]/C
                            (rising edge-triggered cell FDRE clocked by cpu_clk  {rise@0.000ns fall@5.556ns period=11.111ns})
  Destination:            u_bpu/pc_reg[28]/D
                            (rising edge-triggered cell FDRE clocked by cpu_clk  {rise@0.000ns fall@5.556ns period=11.111ns})
  Path Group:             cpu_clk
  Path Type:              Setup (Max at Slow Process Corner)
  Requirement:            11.111ns  (cpu_clk rise@11.111ns - cpu_clk rise@0.000ns)
  Data Path Delay:        10.148ns  (logic 2.792ns (27.513%)  route 7.356ns (72.487%))
  Logic Levels:           16  (CARRY4=2 LUT2=1 LUT4=2 LUT5=3 LUT6=7 RAMD32=1)
  Clock Path Skew:        -0.039ns (DCD - SCD + CPR)
    Destination Clock Delay (DCD):    0.748ns = ( 11.859 - 11.111 ) 
    Source Clock Delay      (SCD):    0.787ns
    Clock Pessimism Removal (CPR):    0.000ns
  Clock Uncertainty:      0.035ns  ((TSJ^2 + TIJ^2)^1/2 + DJ) / 2 + PE
    Total System Jitter     (TSJ):    0.071ns
    Total Input Jitter      (TIJ):    0.000ns
    Discrete Jitter          (DJ):    0.000ns
    Phase Error              (PE):    0.000ns

    Location             Delay type                Incr(ns)  Path(ns)    Netlist Resource(s)
  -------------------------------------------------------------------    -------------------
                         (clock cpu_clk rise edge)    0.000     0.000 r  
                                                      0.000     0.000 r  aclk (IN)
                         net (fo=34009, unset)        0.787     0.787    u_bpu/aclk
                         FDRE                                         r  u_bpu/pc_reg[10]/C
  -------------------------------------------------------------------    -------------------
                         FDRE (Prop_fdre_C_Q)         0.379     1.166 r  u_bpu/pc_reg[10]/Q
                         net (fo=35, unplaced)        0.852     2.018    u_bpu/u_ubtb/bank0_btype_reg_0_15_0_0_i_188_0[7]
                         LUT6 (Prop_lut6_I0_O)        0.232     2.250 r  u_bpu/u_ubtb/bank0_btype_reg_0_15_0_0_i_274/O
                         net (fo=117, unplaced)       0.450     2.700    u_bpu/u_ubtb/bank0_btype_reg_0_15_0_0_i_274_n_0
                         LUT4 (Prop_lut4_I2_O)        0.105     2.805 f  u_bpu/u_ubtb/bank0_btype_reg_0_15_0_0_i_747/O
                         net (fo=1, unplaced)         0.347     3.152    u_bpu/u_ubtb/bank0_btype_reg_0_15_0_0_i_747_n_0
                         LUT6 (Prop_lut6_I5_O)        0.105     3.257 r  u_bpu/u_ubtb/bank0_btype_reg_0_15_0_0_i_526/O
                         net (fo=1, unplaced)         0.000     3.257    u_bpu/u_ubtb/bank0_btype_reg_0_15_0_0_i_526_n_0
                         CARRY4 (Prop_carry4_S[1]_CO[3])
                                                      0.457     3.714 r  u_bpu/u_ubtb/bank0_btype_reg_0_15_0_0_i_298/CO[3]
                         net (fo=1, unplaced)         0.008     3.722    u_bpu/u_ubtb/bank0_btype_reg_0_15_0_0_i_298_n_0
                         CARRY4 (Prop_carry4_CI_CO[2])
                                                      0.209     3.931 f  u_bpu/u_ubtb/bank0_btype_reg_0_15_0_0_i_166/CO[2]
                         net (fo=1, unplaced)         0.349     4.280    u_bpu/u_ubtb/q_hit_40
                         LUT4 (Prop_lut4_I0_O)        0.252     4.532 r  u_bpu/u_ubtb/bank0_btype_reg_0_15_0_0_i_82/O
                         net (fo=2, unplaced)         0.358     4.890    u_bpu/u_ubtb/bank0_btype_reg_0_15_0_0_i_82_n_0
                         LUT5 (Prop_lut5_I4_O)        0.105     4.995 f  u_bpu/u_ubtb/bank0_btype_reg_0_15_0_0_i_27/O
                         net (fo=2, unplaced)         0.358     5.353    u_bpu/u_ubtb/bank0_btype_reg_0_15_0_0_i_27_n_0
                         LUT5 (Prop_lut5_I4_O)        0.108     5.461 f  u_bpu/u_ubtb/bank0_btype_reg_0_15_0_0_i_74/O
                         net (fo=1, unplaced)         0.347     5.808    u_bpu/u_ubtb/bank0_btype_reg_0_15_0_0_i_74_n_0
                         LUT5 (Prop_lut5_I0_O)        0.105     5.913 f  u_bpu/u_ubtb/bank0_btype_reg_0_15_0_0_i_22/O
                         net (fo=5, unplaced)         0.375     6.288    u_bpu/u_ubtb/bank0_btype_reg_0_15_0_0_i_22_n_0
                         LUT6 (Prop_lut6_I0_O)        0.105     6.393 r  u_bpu/u_ubtb/bank0_btype_reg_0_15_0_0_i_34/O
                         net (fo=1, unplaced)         0.347     6.740    u_bpu/u_ubtb/bank0_btype_reg_0_15_0_0_i_34_n_0
                         LUT2 (Prop_lut2_I0_O)        0.105     6.845 r  u_bpu/u_ubtb/bank0_btype_reg_0_15_0_0_i_9/O
                         net (fo=72, unplaced)        0.673     7.518    u_bpu/u_ubtb/bank0_btype_reg_0_15_0_0/DPRA3
                         RAMD32 (Prop_ramd32_RADR3_O)
                                                      0.105     7.623 r  u_bpu/u_ubtb/bank0_btype_reg_0_15_0_0/DP/O
                         net (fo=3, unplaced)         0.956     8.579    u_bpu/u_ubtb/br_type_o0[0]
                         LUT6 (Prop_lut6_I5_O)        0.105     8.684 r  u_bpu/u_ubtb/p0_target_r[31]_i_8/O
                         net (fo=1, unplaced)         0.582     9.266    u_bpu/u_fallback_btb/p0_target_r_reg[0]_0
                         LUT6 (Prop_lut6_I2_O)        0.105     9.371 r  u_bpu/u_fallback_btb/p0_target_r[31]_i_4/O
                         net (fo=64, unplaced)        1.026    10.397    u_bpu/u_fallback_btb/spec_cnt_reg[5]
                         LUT6 (Prop_lut6_I1_O)        0.105    10.502 r  u_bpu/u_fallback_btb/pc[28]_i_4/O
                         net (fo=1, unplaced)         0.328    10.830    u_bpu/u_ftb/gen_ftb_way[1].u_way/pc_reg[28]_1
                         LUT6 (Prop_lut6_I4_O)        0.105    10.935 r  u_bpu/u_ftb/gen_ftb_way[1].u_way/pc[28]_i_1/O
                         net (fo=1, unplaced)         0.000    10.935    u_bpu/u_ftb_n_40
                         FDRE                                         r  u_bpu/pc_reg[28]/D
  -------------------------------------------------------------------    -------------------

                         (clock cpu_clk rise edge)   11.111    11.111 r  
                                                      0.000    11.111 r  aclk (IN)
                         net (fo=34009, unset)        0.748    11.859    u_bpu/aclk
                         FDRE                                         r  u_bpu/pc_reg[28]/C
                         clock pessimism              0.000    11.859    
                         clock uncertainty           -0.035    11.823    
                         FDRE (Setup_fdre_C_D)        0.029    11.852    u_bpu/pc_reg[28]
  -------------------------------------------------------------------
                         required time                         11.852    
                         arrival time                         -10.935    
  -------------------------------------------------------------------
                         slack                                  0.917    

Slack (MET) :             0.917ns  (required time - arrival time)
  Source:                 u_bpu/pc_reg[10]/C
                            (rising edge-triggered cell FDRE clocked by cpu_clk  {rise@0.000ns fall@5.556ns period=11.111ns})
  Destination:            u_bpu/pc_reg[29]/D
                            (rising edge-triggered cell FDRE clocked by cpu_clk  {rise@0.000ns fall@5.556ns period=11.111ns})
  Path Group:             cpu_clk
  Path Type:              Setup (Max at Slow Process Corner)
  Requirement:            11.111ns  (cpu_clk rise@11.111ns - cpu_clk rise@0.000ns)
  Data Path Delay:        10.148ns  (logic 2.792ns (27.513%)  route 7.356ns (72.487%))
  Logic Levels:           16  (CARRY4=2 LUT2=1 LUT4=2 LUT5=4 LUT6=6 RAMD32=1)
  Clock Path Skew:        -0.039ns (DCD - SCD + CPR)
    Destination Clock Delay (DCD):    0.748ns = ( 11.859 - 11.111 ) 
    Source Clock Delay      (SCD):    0.787ns
    Clock Pessimism Removal (CPR):    0.000ns
  Clock Uncertainty:      0.035ns  ((TSJ^2 + TIJ^2)^1/2 + DJ) / 2 + PE
    Total System Jitter     (TSJ):    0.071ns
    Total Input Jitter      (TIJ):    0.000ns
    Discrete Jitter          (DJ):    0.000ns
    Phase Error              (PE):    0.000ns

    Location             Delay type                Incr(ns)  Path(ns)    Netlist Resource(s)
  -------------------------------------------------------------------    -------------------
                         (clock cpu_clk rise edge)    0.000     0.000 r  
                                                      0.000     0.000 r  aclk (IN)
                         net (fo=34009, unset)        0.787     0.787    u_bpu/aclk
                         FDRE                                         r  u_bpu/pc_reg[10]/C
  -------------------------------------------------------------------    -------------------
                         FDRE (Prop_fdre_C_Q)         0.379     1.166 r  u_bpu/pc_reg[10]/Q
                         net (fo=35, unplaced)        0.852     2.018    u_bpu/u_ubtb/bank0_btype_reg_0_15_0_0_i_188_0[7]
                         LUT6 (Prop_lut6_I0_O)        0.232     2.250 r  u_bpu/u_ubtb/bank0_btype_reg_0_15_0_0_i_274/O
                         net (fo=117, unplaced)       0.450     2.700    u_bpu/u_ubtb/bank0_btype_reg_0_15_0_0_i_274_n_0
                         LUT4 (Prop_lut4_I2_O)        0.105     2.805 f  u_bpu/u_ubtb/bank0_btype_reg_0_15_0_0_i_747/O
                         net (fo=1, unplaced)         0.347     3.152    u_bpu/u_ubtb/bank0_btype_reg_0_15_0_0_i_747_n_0
                         LUT6 (Prop_lut6_I5_O)        0.105     3.257 r  u_bpu/u_ubtb/bank0_btype_reg_0_15_0_0_i_526/O
                         net (fo=1, unplaced)         0.000     3.257    u_bpu/u_ubtb/bank0_btype_reg_0_15_0_0_i_526_n_0
                         CARRY4 (Prop_carry4_S[1]_CO[3])
                                                      0.457     3.714 r  u_bpu/u_ubtb/bank0_btype_reg_0_15_0_0_i_298/CO[3]
                         net (fo=1, unplaced)         0.008     3.722    u_bpu/u_ubtb/bank0_btype_reg_0_15_0_0_i_298_n_0
                         CARRY4 (Prop_carry4_CI_CO[2])
                                                      0.209     3.931 f  u_bpu/u_ubtb/bank0_btype_reg_0_15_0_0_i_166/CO[2]
                         net (fo=1, unplaced)         0.349     4.280    u_bpu/u_ubtb/q_hit_40
                         LUT4 (Prop_lut4_I0_O)        0.252     4.532 r  u_bpu/u_ubtb/bank0_btype_reg_0_15_0_0_i_82/O
                         net (fo=2, unplaced)         0.358     4.890    u_bpu/u_ubtb/bank0_btype_reg_0_15_0_0_i_82_n_0
                         LUT5 (Prop_lut5_I4_O)        0.105     4.995 f  u_bpu/u_ubtb/bank0_btype_reg_0_15_0_0_i_27/O
                         net (fo=2, unplaced)         0.358     5.353    u_bpu/u_ubtb/bank0_btype_reg_0_15_0_0_i_27_n_0
                         LUT5 (Prop_lut5_I4_O)        0.108     5.461 f  u_bpu/u_ubtb/bank0_btype_reg_0_15_0_0_i_74/O
                         net (fo=1, unplaced)         0.347     5.808    u_bpu/u_ubtb/bank0_btype_reg_0_15_0_0_i_74_n_0
                         LUT5 (Prop_lut5_I0_O)        0.105     5.913 f  u_bpu/u_ubtb/bank0_btype_reg_0_15_0_0_i_22/O
                         net (fo=5, unplaced)         0.375     6.288    u_bpu/u_ubtb/bank0_btype_reg_0_15_0_0_i_22_n_0
                         LUT6 (Prop_lut6_I0_O)        0.105     6.393 r  u_bpu/u_ubtb/bank0_btype_reg_0_15_0_0_i_34/O
                         net (fo=1, unplaced)         0.347     6.740    u_bpu/u_ubtb/bank0_btype_reg_0_15_0_0_i_34_n_0
                         LUT2 (Prop_lut2_I0_O)        0.105     6.845 r  u_bpu/u_ubtb/bank0_btype_reg_0_15_0_0_i_9/O
                         net (fo=72, unplaced)        0.673     7.518    u_bpu/u_ubtb/bank0_btype_reg_0_15_0_0/DPRA3
                         RAMD32 (Prop_ramd32_RADR3_O)
                                                      0.105     7.623 r  u_bpu/u_ubtb/bank0_btype_reg_0_15_0_0/DP/O
                         net (fo=3, unplaced)         0.956     8.579    u_bpu/u_ubtb/br_type_o0[0]
                         LUT6 (Prop_lut6_I5_O)        0.105     8.684 r  u_bpu/u_ubtb/p0_target_r[31]_i_8/O
                         net (fo=1, unplaced)         0.582     9.266    u_bpu/u_fallback_btb/p0_target_r_reg[0]_0
                         LUT6 (Prop_lut6_I2_O)        0.105     9.371 r  u_bpu/u_fallback_btb/p0_target_r[31]_i_4/O
                         net (fo=64, unplaced)        1.026    10.397    u_bpu/u_fallback_btb/spec_cnt_reg[5]
                         LUT6 (Prop_lut6_I1_O)        0.105    10.502 r  u_bpu/u_fallback_btb/pc[29]_i_3/O
                         net (fo=1, unplaced)         0.328    10.830    u_bpu/u_ftb/gen_ftb_way[1].u_way/pc_reg[29]_0
                         LUT5 (Prop_lut5_I1_O)        0.105    10.935 r  u_bpu/u_ftb/gen_ftb_way[1].u_way/pc[29]_i_1/O
                         net (fo=1, unplaced)         0.000    10.935    u_bpu/u_ftb_n_85
                         FDRE                                         r  u_bpu/pc_reg[29]/D
  -------------------------------------------------------------------    -------------------

                         (clock cpu_clk rise edge)   11.111    11.111 r  
                                                      0.000    11.111 r  aclk (IN)
                         net (fo=34009, unset)        0.748    11.859    u_bpu/aclk
                         FDRE                                         r  u_bpu/pc_reg[29]/C
                         clock pessimism              0.000    11.859    
                         clock uncertainty           -0.035    11.823    
                         FDRE (Setup_fdre_C_D)        0.029    11.852    u_bpu/pc_reg[29]
  -------------------------------------------------------------------
                         required time                         11.852    
                         arrival time                         -10.935    
  -------------------------------------------------------------------
                         slack                                  0.917    

Slack (MET) :             0.917ns  (required time - arrival time)
  Source:                 u_bpu/pc_reg[10]/C
                            (rising edge-triggered cell FDRE clocked by cpu_clk  {rise@0.000ns fall@5.556ns period=11.111ns})
  Destination:            u_bpu/pc_reg[30]/D
                            (rising edge-triggered cell FDRE clocked by cpu_clk  {rise@0.000ns fall@5.556ns period=11.111ns})
  Path Group:             cpu_clk
  Path Type:              Setup (Max at Slow Process Corner)
  Requirement:            11.111ns  (cpu_clk rise@11.111ns - cpu_clk rise@0.000ns)
  Data Path Delay:        10.148ns  (logic 2.792ns (27.513%)  route 7.356ns (72.487%))
  Logic Levels:           16  (CARRY4=2 LUT2=1 LUT4=2 LUT5=4 LUT6=6 RAMD32=1)
  Clock Path Skew:        -0.039ns (DCD - SCD + CPR)
    Destination Clock Delay (DCD):    0.748ns = ( 11.859 - 11.111 ) 
    Source Clock Delay      (SCD):    0.787ns
    Clock Pessimism Removal (CPR):    0.000ns
  Clock Uncertainty:      0.035ns  ((TSJ^2 + TIJ^2)^1/2 + DJ) / 2 + PE
    Total System Jitter     (TSJ):    0.071ns
    Total Input Jitter      (TIJ):    0.000ns
    Discrete Jitter          (DJ):    0.000ns
    Phase Error              (PE):    0.000ns

    Location             Delay type                Incr(ns)  Path(ns)    Netlist Resource(s)
  -------------------------------------------------------------------    -------------------
                         (clock cpu_clk rise edge)    0.000     0.000 r  
                                                      0.000     0.000 r  aclk (IN)
                         net (fo=34009, unset)        0.787     0.787    u_bpu/aclk
                         FDRE                                         r  u_bpu/pc_reg[10]/C
  -------------------------------------------------------------------    -------------------
                         FDRE (Prop_fdre_C_Q)         0.379     1.166 r  u_bpu/pc_reg[10]/Q
                         net (fo=35, unplaced)        0.852     2.018    u_bpu/u_ubtb/bank0_btype_reg_0_15_0_0_i_188_0[7]
                         LUT6 (Prop_lut6_I0_O)        0.232     2.250 r  u_bpu/u_ubtb/bank0_btype_reg_0_15_0_0_i_274/O
                         net (fo=117, unplaced)       0.450     2.700    u_bpu/u_ubtb/bank0_btype_reg_0_15_0_0_i_274_n_0
                         LUT4 (Prop_lut4_I2_O)        0.105     2.805 f  u_bpu/u_ubtb/bank0_btype_reg_0_15_0_0_i_747/O
                         net (fo=1, unplaced)         0.347     3.152    u_bpu/u_ubtb/bank0_btype_reg_0_15_0_0_i_747_n_0
                         LUT6 (Prop_lut6_I5_O)        0.105     3.257 r  u_bpu/u_ubtb/bank0_btype_reg_0_15_0_0_i_526/O
                         net (fo=1, unplaced)         0.000     3.257    u_bpu/u_ubtb/bank0_btype_reg_0_15_0_0_i_526_n_0
                         CARRY4 (Prop_carry4_S[1]_CO[3])
                                                      0.457     3.714 r  u_bpu/u_ubtb/bank0_btype_reg_0_15_0_0_i_298/CO[3]
                         net (fo=1, unplaced)         0.008     3.722    u_bpu/u_ubtb/bank0_btype_reg_0_15_0_0_i_298_n_0
                         CARRY4 (Prop_carry4_CI_CO[2])
                                                      0.209     3.931 f  u_bpu/u_ubtb/bank0_btype_reg_0_15_0_0_i_166/CO[2]
                         net (fo=1, unplaced)         0.349     4.280    u_bpu/u_ubtb/q_hit_40
                         LUT4 (Prop_lut4_I0_O)        0.252     4.532 r  u_bpu/u_ubtb/bank0_btype_reg_0_15_0_0_i_82/O
                         net (fo=2, unplaced)         0.358     4.890    u_bpu/u_ubtb/bank0_btype_reg_0_15_0_0_i_82_n_0
                         LUT5 (Prop_lut5_I4_O)        0.105     4.995 f  u_bpu/u_ubtb/bank0_btype_reg_0_15_0_0_i_27/O
                         net (fo=2, unplaced)         0.358     5.353    u_bpu/u_ubtb/bank0_btype_reg_0_15_0_0_i_27_n_0
                         LUT5 (Prop_lut5_I4_O)        0.108     5.461 f  u_bpu/u_ubtb/bank0_btype_reg_0_15_0_0_i_74/O
                         net (fo=1, unplaced)         0.347     5.808    u_bpu/u_ubtb/bank0_btype_reg_0_15_0_0_i_74_n_0
                         LUT5 (Prop_lut5_I0_O)        0.105     5.913 f  u_bpu/u_ubtb/bank0_btype_reg_0_15_0_0_i_22/O
                         net (fo=5, unplaced)         0.375     6.288    u_bpu/u_ubtb/bank0_btype_reg_0_15_0_0_i_22_n_0
                         LUT6 (Prop_lut6_I0_O)        0.105     6.393 r  u_bpu/u_ubtb/bank0_btype_reg_0_15_0_0_i_34/O
                         net (fo=1, unplaced)         0.347     6.740    u_bpu/u_ubtb/bank0_btype_reg_0_15_0_0_i_34_n_0
                         LUT2 (Prop_lut2_I0_O)        0.105     6.845 r  u_bpu/u_ubtb/bank0_btype_reg_0_15_0_0_i_9/O
                         net (fo=72, unplaced)        0.673     7.518    u_bpu/u_ubtb/bank0_btype_reg_0_15_0_0/DPRA3
                         RAMD32 (Prop_ramd32_RADR3_O)
                                                      0.105     7.623 r  u_bpu/u_ubtb/bank0_btype_reg_0_15_0_0/DP/O
                         net (fo=3, unplaced)         0.956     8.579    u_bpu/u_ubtb/br_type_o0[0]
                         LUT6 (Prop_lut6_I5_O)        0.105     8.684 r  u_bpu/u_ubtb/p0_target_r[31]_i_8/O
                         net (fo=1, unplaced)         0.582     9.266    u_bpu/u_fallback_btb/p0_target_r_reg[0]_0
                         LUT6 (Prop_lut6_I2_O)        0.105     9.371 r  u_bpu/u_fallback_btb/p0_target_r[31]_i_4/O
                         net (fo=64, unplaced)        1.026    10.397    u_bpu/u_fallback_btb/spec_cnt_reg[5]
                         LUT6 (Prop_lut6_I1_O)        0.105    10.502 r  u_bpu/u_fallback_btb/pc[30]_i_3/O
                         net (fo=1, unplaced)         0.328    10.830    u_bpu/u_ftb/gen_ftb_way[1].u_way/pc_reg[30]_0
                         LUT5 (Prop_lut5_I1_O)        0.105    10.935 r  u_bpu/u_ftb/gen_ftb_way[1].u_way/pc[30]_i_1/O
                         net (fo=1, unplaced)         0.000    10.935    u_bpu/u_ftb_n_84
                         FDRE                                         r  u_bpu/pc_reg[30]/D
  -------------------------------------------------------------------    -------------------

                         (clock cpu_clk rise edge)   11.111    11.111 r  
                                                      0.000    11.111 r  aclk (IN)
                         net (fo=34009, unset)        0.748    11.859    u_bpu/aclk
                         FDRE                                         r  u_bpu/pc_reg[30]/C
                         clock pessimism              0.000    11.859    
                         clock uncertainty           -0.035    11.823    
                         FDRE (Setup_fdre_C_D)        0.029    11.852    u_bpu/pc_reg[30]
  -------------------------------------------------------------------
                         required time                         11.852    
                         arrival time                         -10.935    
  -------------------------------------------------------------------
                         slack                                  0.917    

Slack (MET) :             0.917ns  (required time - arrival time)
  Source:                 u_bpu/pc_reg[10]/C
                            (rising edge-triggered cell FDRE clocked by cpu_clk  {rise@0.000ns fall@5.556ns period=11.111ns})
  Destination:            u_bpu/pc_reg[31]/D
                            (rising edge-triggered cell FDRE clocked by cpu_clk  {rise@0.000ns fall@5.556ns period=11.111ns})
  Path Group:             cpu_clk
  Path Type:              Setup (Max at Slow Process Corner)
  Requirement:            11.111ns  (cpu_clk rise@11.111ns - cpu_clk rise@0.000ns)
  Data Path Delay:        10.148ns  (logic 2.792ns (27.513%)  route 7.356ns (72.487%))
  Logic Levels:           16  (CARRY4=2 LUT2=1 LUT4=2 LUT5=4 LUT6=6 RAMD32=1)
  Clock Path Skew:        -0.039ns (DCD - SCD + CPR)
    Destination Clock Delay (DCD):    0.748ns = ( 11.859 - 11.111 ) 
    Source Clock Delay      (SCD):    0.787ns
    Clock Pessimism Removal (CPR):    0.000ns
  Clock Uncertainty:      0.035ns  ((TSJ^2 + TIJ^2)^1/2 + DJ) / 2 + PE
    Total System Jitter     (TSJ):    0.071ns
    Total Input Jitter      (TIJ):    0.000ns
    Discrete Jitter          (DJ):    0.000ns
    Phase Error              (PE):    0.000ns

    Location             Delay type                Incr(ns)  Path(ns)    Netlist Resource(s)
  -------------------------------------------------------------------    -------------------
                         (clock cpu_clk rise edge)    0.000     0.000 r  
                                                      0.000     0.000 r  aclk (IN)
                         net (fo=34009, unset)        0.787     0.787    u_bpu/aclk
                         FDRE                                         r  u_bpu/pc_reg[10]/C
  -------------------------------------------------------------------    -------------------
                         FDRE (Prop_fdre_C_Q)         0.379     1.166 r  u_bpu/pc_reg[10]/Q
                         net (fo=35, unplaced)        0.852     2.018    u_bpu/u_ubtb/bank0_btype_reg_0_15_0_0_i_188_0[7]
                         LUT6 (Prop_lut6_I0_O)        0.232     2.250 r  u_bpu/u_ubtb/bank0_btype_reg_0_15_0_0_i_274/O
                         net (fo=117, unplaced)       0.450     2.700    u_bpu/u_ubtb/bank0_btype_reg_0_15_0_0_i_274_n_0
                         LUT4 (Prop_lut4_I2_O)        0.105     2.805 f  u_bpu/u_ubtb/bank0_btype_reg_0_15_0_0_i_747/O
                         net (fo=1, unplaced)         0.347     3.152    u_bpu/u_ubtb/bank0_btype_reg_0_15_0_0_i_747_n_0
                         LUT6 (Prop_lut6_I5_O)        0.105     3.257 r  u_bpu/u_ubtb/bank0_btype_reg_0_15_0_0_i_526/O
                         net (fo=1, unplaced)         0.000     3.257    u_bpu/u_ubtb/bank0_btype_reg_0_15_0_0_i_526_n_0
                         CARRY4 (Prop_carry4_S[1]_CO[3])
                                                      0.457     3.714 r  u_bpu/u_ubtb/bank0_btype_reg_0_15_0_0_i_298/CO[3]
                         net (fo=1, unplaced)         0.008     3.722    u_bpu/u_ubtb/bank0_btype_reg_0_15_0_0_i_298_n_0
                         CARRY4 (Prop_carry4_CI_CO[2])
                                                      0.209     3.931 f  u_bpu/u_ubtb/bank0_btype_reg_0_15_0_0_i_166/CO[2]
                         net (fo=1, unplaced)         0.349     4.280    u_bpu/u_ubtb/q_hit_40
                         LUT4 (Prop_lut4_I0_O)        0.252     4.532 r  u_bpu/u_ubtb/bank0_btype_reg_0_15_0_0_i_82/O
                         net (fo=2, unplaced)         0.358     4.890    u_bpu/u_ubtb/bank0_btype_reg_0_15_0_0_i_82_n_0
                         LUT5 (Prop_lut5_I4_O)        0.105     4.995 f  u_bpu/u_ubtb/bank0_btype_reg_0_15_0_0_i_27/O
                         net (fo=2, unplaced)         0.358     5.353    u_bpu/u_ubtb/bank0_btype_reg_0_15_0_0_i_27_n_0
                         LUT5 (Prop_lut5_I4_O)        0.108     5.461 f  u_bpu/u_ubtb/bank0_btype_reg_0_15_0_0_i_74/O
                         net (fo=1, unplaced)         0.347     5.808    u_bpu/u_ubtb/bank0_btype_reg_0_15_0_0_i_74_n_0
                         LUT5 (Prop_lut5_I0_O)        0.105     5.913 f  u_bpu/u_ubtb/bank0_btype_reg_0_15_0_0_i_22/O
                         net (fo=5, unplaced)         0.375     6.288    u_bpu/u_ubtb/bank0_btype_reg_0_15_0_0_i_22_n_0
                         LUT6 (Prop_lut6_I0_O)        0.105     6.393 r  u_bpu/u_ubtb/bank0_btype_reg_0_15_0_0_i_34/O
                         net (fo=1, unplaced)         0.347     6.740    u_bpu/u_ubtb/bank0_btype_reg_0_15_0_0_i_34_n_0
                         LUT2 (Prop_lut2_I0_O)        0.105     6.845 r  u_bpu/u_ubtb/bank0_btype_reg_0_15_0_0_i_9/O
                         net (fo=72, unplaced)        0.673     7.518    u_bpu/u_ubtb/bank0_btype_reg_0_15_0_0/DPRA3
                         RAMD32 (Prop_ramd32_RADR3_O)
                                                      0.105     7.623 r  u_bpu/u_ubtb/bank0_btype_reg_0_15_0_0/DP/O
                         net (fo=3, unplaced)         0.956     8.579    u_bpu/u_ubtb/br_type_o0[0]
                         LUT6 (Prop_lut6_I5_O)        0.105     8.684 r  u_bpu/u_ubtb/p0_target_r[31]_i_8/O
                         net (fo=1, unplaced)         0.582     9.266    u_bpu/u_fallback_btb/p0_target_r_reg[0]_0
                         LUT6 (Prop_lut6_I2_O)        0.105     9.371 r  u_bpu/u_fallback_btb/p0_target_r[31]_i_4/O
                         net (fo=64, unplaced)        1.026    10.397    u_bpu/u_fallback_btb/spec_cnt_reg[5]
                         LUT6 (Prop_lut6_I1_O)        0.105    10.502 r  u_bpu/u_fallback_btb/pc[31]_i_3/O
                         net (fo=1, unplaced)         0.328    10.830    u_bpu/u_ftb/gen_ftb_way[1].u_way/pc_reg[31]_0
                         LUT5 (Prop_lut5_I1_O)        0.105    10.935 r  u_bpu/u_ftb/gen_ftb_way[1].u_way/pc[31]_i_1/O
                         net (fo=1, unplaced)         0.000    10.935    u_bpu/u_ftb_n_83
                         FDRE                                         r  u_bpu/pc_reg[31]/D
  -------------------------------------------------------------------    -------------------

                         (clock cpu_clk rise edge)   11.111    11.111 r  
                                                      0.000    11.111 r  aclk (IN)
                         net (fo=34009, unset)        0.748    11.859    u_bpu/aclk
                         FDRE                                         r  u_bpu/pc_reg[31]/C
                         clock pessimism              0.000    11.859    
                         clock uncertainty           -0.035    11.823    
                         FDRE (Setup_fdre_C_D)        0.029    11.852    u_bpu/pc_reg[31]
  -------------------------------------------------------------------
                         required time                         11.852    
                         arrival time                         -10.935    
  -------------------------------------------------------------------
                         slack                                  0.917    

Slack (MET) :             0.917ns  (required time - arrival time)
  Source:                 u_bpu/pc_reg[10]/C
                            (rising edge-triggered cell FDRE clocked by cpu_clk  {rise@0.000ns fall@5.556ns period=11.111ns})
  Destination:            u_bpu/pc_reg[9]/D
                            (rising edge-triggered cell FDRE clocked by cpu_clk  {rise@0.000ns fall@5.556ns period=11.111ns})
  Path Group:             cpu_clk
  Path Type:              Setup (Max at Slow Process Corner)
  Requirement:            11.111ns  (cpu_clk rise@11.111ns - cpu_clk rise@0.000ns)
  Data Path Delay:        10.148ns  (logic 2.792ns (27.513%)  route 7.356ns (72.487%))
  Logic Levels:           16  (CARRY4=2 LUT2=1 LUT4=2 LUT5=4 LUT6=6 RAMD32=1)
  Clock Path Skew:        -0.039ns (DCD - SCD + CPR)
    Destination Clock Delay (DCD):    0.748ns = ( 11.859 - 11.111 ) 
    Source Clock Delay      (SCD):    0.787ns
    Clock Pessimism Removal (CPR):    0.000ns
  Clock Uncertainty:      0.035ns  ((TSJ^2 + TIJ^2)^1/2 + DJ) / 2 + PE
    Total System Jitter     (TSJ):    0.071ns
    Total Input Jitter      (TIJ):    0.000ns
    Discrete Jitter          (DJ):    0.000ns
    Phase Error              (PE):    0.000ns

    Location             Delay type                Incr(ns)  Path(ns)    Netlist Resource(s)
  -------------------------------------------------------------------    -------------------
                         (clock cpu_clk rise edge)    0.000     0.000 r  
                                                      0.000     0.000 r  aclk (IN)
                         net (fo=34009, unset)        0.787     0.787    u_bpu/aclk
                         FDRE                                         r  u_bpu/pc_reg[10]/C
  -------------------------------------------------------------------    -------------------
                         FDRE (Prop_fdre_C_Q)         0.379     1.166 r  u_bpu/pc_reg[10]/Q
                         net (fo=35, unplaced)        0.852     2.018    u_bpu/u_ubtb/bank0_btype_reg_0_15_0_0_i_188_0[7]
                         LUT6 (Prop_lut6_I0_O)        0.232     2.250 r  u_bpu/u_ubtb/bank0_btype_reg_0_15_0_0_i_274/O
                         net (fo=117, unplaced)       0.450     2.700    u_bpu/u_ubtb/bank0_btype_reg_0_15_0_0_i_274_n_0
                         LUT4 (Prop_lut4_I2_O)        0.105     2.805 f  u_bpu/u_ubtb/bank0_btype_reg_0_15_0_0_i_747/O
                         net (fo=1, unplaced)         0.347     3.152    u_bpu/u_ubtb/bank0_btype_reg_0_15_0_0_i_747_n_0
                         LUT6 (Prop_lut6_I5_O)        0.105     3.257 r  u_bpu/u_ubtb/bank0_btype_reg_0_15_0_0_i_526/O
                         net (fo=1, unplaced)         0.000     3.257    u_bpu/u_ubtb/bank0_btype_reg_0_15_0_0_i_526_n_0
                         CARRY4 (Prop_carry4_S[1]_CO[3])
                                                      0.457     3.714 r  u_bpu/u_ubtb/bank0_btype_reg_0_15_0_0_i_298/CO[3]
                         net (fo=1, unplaced)         0.008     3.722    u_bpu/u_ubtb/bank0_btype_reg_0_15_0_0_i_298_n_0
                         CARRY4 (Prop_carry4_CI_CO[2])
                                                      0.209     3.931 f  u_bpu/u_ubtb/bank0_btype_reg_0_15_0_0_i_166/CO[2]
                         net (fo=1, unplaced)         0.349     4.280    u_bpu/u_ubtb/q_hit_40
                         LUT4 (Prop_lut4_I0_O)        0.252     4.532 r  u_bpu/u_ubtb/bank0_btype_reg_0_15_0_0_i_82/O
                         net (fo=2, unplaced)         0.358     4.890    u_bpu/u_ubtb/bank0_btype_reg_0_15_0_0_i_82_n_0
                         LUT5 (Prop_lut5_I4_O)        0.105     4.995 f  u_bpu/u_ubtb/bank0_btype_reg_0_15_0_0_i_27/O
                         net (fo=2, unplaced)         0.358     5.353    u_bpu/u_ubtb/bank0_btype_reg_0_15_0_0_i_27_n_0
                         LUT5 (Prop_lut5_I4_O)        0.108     5.461 f  u_bpu/u_ubtb/bank0_btype_reg_0_15_0_0_i_74/O
                         net (fo=1, unplaced)         0.347     5.808    u_bpu/u_ubtb/bank0_btype_reg_0_15_0_0_i_74_n_0
                         LUT5 (Prop_lut5_I0_O)        0.105     5.913 f  u_bpu/u_ubtb/bank0_btype_reg_0_15_0_0_i_22/O
                         net (fo=5, unplaced)         0.375     6.288    u_bpu/u_ubtb/bank0_btype_reg_0_15_0_0_i_22_n_0
                         LUT6 (Prop_lut6_I0_O)        0.105     6.393 r  u_bpu/u_ubtb/bank0_btype_reg_0_15_0_0_i_34/O
                         net (fo=1, unplaced)         0.347     6.740    u_bpu/u_ubtb/bank0_btype_reg_0_15_0_0_i_34_n_0
                         LUT2 (Prop_lut2_I0_O)        0.105     6.845 r  u_bpu/u_ubtb/bank0_btype_reg_0_15_0_0_i_9/O
                         net (fo=72, unplaced)        0.673     7.518    u_bpu/u_ubtb/bank0_btype_reg_0_15_0_0/DPRA3
                         RAMD32 (Prop_ramd32_RADR3_O)
                                                      0.105     7.623 r  u_bpu/u_ubtb/bank0_btype_reg_0_15_0_0/DP/O
                         net (fo=3, unplaced)         0.956     8.579    u_bpu/u_ubtb/br_type_o0[0]
                         LUT6 (Prop_lut6_I5_O)        0.105     8.684 r  u_bpu/u_ubtb/p0_target_r[31]_i_8/O
                         net (fo=1, unplaced)         0.582     9.266    u_bpu/u_fallback_btb/p0_target_r_reg[0]_0
                         LUT6 (Prop_lut6_I2_O)        0.105     9.371 r  u_bpu/u_fallback_btb/p0_target_r[31]_i_4/O
                         net (fo=64, unplaced)        1.026    10.397    u_bpu/u_fallback_btb/spec_cnt_reg[5]
                         LUT6 (Prop_lut6_I1_O)        0.105    10.502 r  u_bpu/u_fallback_btb/pc[9]_i_3/O
                         net (fo=1, unplaced)         0.328    10.830    u_bpu/u_ftb/gen_ftb_way[1].u_way/pc_reg[9]_0
                         LUT5 (Prop_lut5_I1_O)        0.105    10.935 r  u_bpu/u_ftb/gen_ftb_way[1].u_way/pc[9]_i_1/O
                         net (fo=1, unplaced)         0.000    10.935    u_bpu/u_ftb_n_102
                         FDRE                                         r  u_bpu/pc_reg[9]/D
  -------------------------------------------------------------------    -------------------

                         (clock cpu_clk rise edge)   11.111    11.111 r  
                                                      0.000    11.111 r  aclk (IN)
                         net (fo=34009, unset)        0.748    11.859    u_bpu/aclk
                         FDRE                                         r  u_bpu/pc_reg[9]/C
                         clock pessimism              0.000    11.859    
                         clock uncertainty           -0.035    11.823    
                         FDRE (Setup_fdre_C_D)        0.029    11.852    u_bpu/pc_reg[9]
  -------------------------------------------------------------------
                         required time                         11.852    
                         arrival time                         -10.935    
  -------------------------------------------------------------------
                         slack                                  0.917    

Slack (MET) :             0.953ns  (required time - arrival time)
  Source:                 u_fu_alu1/ex_robid_reg[0]/C
                            (rising edge-triggered cell FDRE clocked by cpu_clk  {rise@0.000ns fall@5.556ns period=11.111ns})
  Destination:            u_lsu/a_vaddr_reg[29]/D
                            (rising edge-triggered cell FDRE clocked by cpu_clk  {rise@0.000ns fall@5.556ns period=11.111ns})
  Path Group:             cpu_clk
  Path Type:              Setup (Max at Slow Process Corner)
  Requirement:            11.111ns  (cpu_clk rise@11.111ns - cpu_clk rise@0.000ns)
  Data Path Delay:        10.142ns  (logic 3.687ns (36.354%)  route 6.455ns (63.646%))
  Logic Levels:           21  (CARRY4=8 LUT3=1 LUT4=2 LUT5=1 LUT6=7 MUXF7=1 MUXF8=1)
  Clock Path Skew:        -0.039ns (DCD - SCD + CPR)
    Destination Clock Delay (DCD):    0.748ns = ( 11.859 - 11.111 ) 
    Source Clock Delay      (SCD):    0.787ns
    Clock Pessimism Removal (CPR):    0.000ns
  Clock Uncertainty:      0.035ns  ((TSJ^2 + TIJ^2)^1/2 + DJ) / 2 + PE
    Total System Jitter     (TSJ):    0.071ns
    Total Input Jitter      (TIJ):    0.000ns
    Discrete Jitter          (DJ):    0.000ns
    Phase Error              (PE):    0.000ns

    Location             Delay type                Incr(ns)  Path(ns)    Netlist Resource(s)
  -------------------------------------------------------------------    -------------------
                         (clock cpu_clk rise edge)    0.000     0.000 r  
                                                      0.000     0.000 r  aclk (IN)
                         net (fo=34009, unset)        0.787     0.787    u_fu_alu1/aclk
                         FDRE                                         r  u_fu_alu1/ex_robid_reg[0]/C
  -------------------------------------------------------------------    -------------------
                         FDRE (Prop_fdre_C_Q)         0.379     1.166 r  u_fu_alu1/ex_robid_reg[0]/Q
                         net (fo=116, unplaced)       0.882     2.048    u_fu_alu1/wb_robid_o[0]
                         LUT6 (Prop_lut6_I0_O)        0.232     2.280 r  u_fu_alu1/s0_val[1][31]_i_19/O
                         net (fo=2, unplaced)         0.793     3.073    u_fu_alu1/s0_val[1][31]_i_19_n_0
                         LUT6 (Prop_lut6_I0_O)        0.105     3.178 f  u_fu_alu1/q_wdata[31]_i_94/O
                         net (fo=1, unplaced)         0.582     3.760    u_rs_mem/head[2]_i_21_0
                         LUT6 (Prop_lut6_I0_O)        0.105     3.865 r  u_rs_mem/q_wdata[31]_i_69/O
                         net (fo=2, unplaced)         0.539     4.404    u_rs_mem/q_wdata[31]_i_69_n_0
                         LUT6 (Prop_lut6_I0_O)        0.105     4.509 r  u_rs_mem/q_wdata[31]_i_33/O
                         net (fo=1, unplaced)         0.582     5.091    u_rs_mem/q_wdata[31]_i_33_n_0
                         LUT6 (Prop_lut6_I5_O)        0.105     5.196 r  u_rs_mem/q_wdata[31]_i_13/O
                         net (fo=6, unplaced)         0.379     5.575    u_rs_mem/q_wdata[31]_i_13_n_0
                         LUT6 (Prop_lut6_I2_O)        0.105     5.680 f  u_rs_mem/head[2]_i_3/O
                         net (fo=8, unplaced)         0.620     6.300    u_rs_mem/head[2]_i_3_n_0
                         LUT6 (Prop_lut6_I1_O)        0.105     6.405 r  u_rs_mem/q_cacop_op[4]_i_8/O
                         net (fo=12, unplaced)        0.395     6.800    u_rs_mem/q_cacop_op[4]_i_8_n_0
                         LUT3 (Prop_lut3_I1_O)        0.105     6.905 r  u_rs_mem/q_vaddr[31]_i_26/O
                         net (fo=168, unplaced)       0.460     7.365    u_rs_mem/head_reg[0]_5
                         LUT4 (Prop_lut4_I2_O)        0.105     7.470 r  u_rs_mem/q_vaddr[31]_i_47/O
                         net (fo=1, unplaced)         0.347     7.817    u_rs_mem/q_vaddr[31]_i_47_n_0
                         LUT5 (Prop_lut5_I4_O)        0.105     7.922 r  u_rs_mem/q_vaddr[31]_i_30/O
                         net (fo=1, unplaced)         0.000     7.922    u_rs_mem/q_vaddr[31]_i_30_n_0
                         MUXF7 (Prop_muxf7_I1_O)      0.206     8.128 r  u_rs_mem/q_vaddr_reg[31]_i_11/O
                         net (fo=32, unplaced)        0.610     8.738    u_rs_mem/q_vaddr_reg[31]_i_11_n_0
                         MUXF8 (Prop_muxf8_S_O)       0.361     9.099 r  u_rs_mem/q_vaddr_reg[3]_i_5/O
                         net (fo=3, unplaced)         0.258     9.357    u_rs_mem/rsm_issue_base[0]
                         LUT4 (Prop_lut4_I1_O)        0.259     9.616 r  u_rs_mem/a_vaddr[3]_i_9/O
                         net (fo=1, unplaced)         0.000     9.616    u_rs_mem/a_vaddr[3]_i_9_n_0
                         CARRY4 (Prop_carry4_S[0]_CO[3])
                                                      0.440    10.056 r  u_rs_mem/a_vaddr_reg[3]_i_1/CO[3]
                         net (fo=1, unplaced)         0.008    10.064    u_rs_mem/a_vaddr_reg[3]_i_1_n_0
                         CARRY4 (Prop_carry4_CI_CO[3])
                                                      0.098    10.162 r  u_rs_mem/a_vaddr_reg[7]_i_1/CO[3]
                         net (fo=1, unplaced)         0.000    10.162    u_rs_mem/a_vaddr_reg[7]_i_1_n_0
                         CARRY4 (Prop_carry4_CI_CO[3])
                                                      0.098    10.260 r  u_rs_mem/a_vaddr_reg[11]_i_1/CO[3]
                         net (fo=1, unplaced)         0.000    10.260    u_rs_mem/a_vaddr_reg[11]_i_1_n_0
                         CARRY4 (Prop_carry4_CI_CO[3])
                                                      0.098    10.358 r  u_rs_mem/a_vaddr_reg[15]_i_1/CO[3]
                         net (fo=1, unplaced)         0.000    10.358    u_rs_mem/a_vaddr_reg[15]_i_1_n_0
                         CARRY4 (Prop_carry4_CI_CO[3])
                                                      0.098    10.456 r  u_rs_mem/a_vaddr_reg[19]_i_1/CO[3]
                         net (fo=1, unplaced)         0.000    10.456    u_rs_mem/a_vaddr_reg[19]_i_1_n_0
                         CARRY4 (Prop_carry4_CI_CO[3])
                                                      0.098    10.554 r  u_rs_mem/a_vaddr_reg[23]_i_1/CO[3]
                         net (fo=1, unplaced)         0.000    10.554    u_rs_mem/a_vaddr_reg[23]_i_1_n_0
                         CARRY4 (Prop_carry4_CI_CO[3])
                                                      0.098    10.652 r  u_rs_mem/a_vaddr_reg[27]_i_1/CO[3]
                         net (fo=1, unplaced)         0.000    10.652    u_rs_mem/a_vaddr_reg[27]_i_1_n_0
                         CARRY4 (Prop_carry4_CI_O[1])
                                                      0.277    10.929 r  u_rs_mem/a_vaddr_reg[31]_i_1/O[1]
                         net (fo=1, unplaced)         0.000    10.929    u_lsu/out[29]
                         FDRE                                         r  u_lsu/a_vaddr_reg[29]/D
  -------------------------------------------------------------------    -------------------

                         (clock cpu_clk rise edge)   11.111    11.111 r  
                                                      0.000    11.111 r  aclk (IN)
                         net (fo=34009, unset)        0.748    11.859    u_lsu/aclk
                         FDRE                                         r  u_lsu/a_vaddr_reg[29]/C
                         clock pessimism              0.000    11.859    
                         clock uncertainty           -0.035    11.823    
                         FDRE (Setup_fdre_C_D)        0.059    11.882    u_lsu/a_vaddr_reg[29]
  -------------------------------------------------------------------
                         required time                         11.882    
                         arrival time                         -10.929    
  -------------------------------------------------------------------
                         slack                                  0.953    

Slack (MET) :             0.955ns  (required time - arrival time)
  Source:                 u_fu_alu1/ex_robid_reg[0]/C
                            (rising edge-triggered cell FDRE clocked by cpu_clk  {rise@0.000ns fall@5.556ns period=11.111ns})
  Destination:            u_lsu/a_vaddr_reg[31]/D
                            (rising edge-triggered cell FDRE clocked by cpu_clk  {rise@0.000ns fall@5.556ns period=11.111ns})
  Path Group:             cpu_clk
  Path Type:              Setup (Max at Slow Process Corner)
  Requirement:            11.111ns  (cpu_clk rise@11.111ns - cpu_clk rise@0.000ns)
  Data Path Delay:        10.140ns  (logic 3.685ns (36.341%)  route 6.455ns (63.659%))
  Logic Levels:           21  (CARRY4=8 LUT3=1 LUT4=2 LUT5=1 LUT6=7 MUXF7=1 MUXF8=1)
  Clock Path Skew:        -0.039ns (DCD - SCD + CPR)
    Destination Clock Delay (DCD):    0.748ns = ( 11.859 - 11.111 ) 
    Source Clock Delay      (SCD):    0.787ns
    Clock Pessimism Removal (CPR):    0.000ns
  Clock Uncertainty:      0.035ns  ((TSJ^2 + TIJ^2)^1/2 + DJ) / 2 + PE
    Total System Jitter     (TSJ):    0.071ns
    Total Input Jitter      (TIJ):    0.000ns
    Discrete Jitter          (DJ):    0.000ns
    Phase Error              (PE):    0.000ns

    Location             Delay type                Incr(ns)  Path(ns)    Netlist Resource(s)
  -------------------------------------------------------------------    -------------------
                         (clock cpu_clk rise edge)    0.000     0.000 r  
                                                      0.000     0.000 r  aclk (IN)
                         net (fo=34009, unset)        0.787     0.787    u_fu_alu1/aclk
                         FDRE                                         r  u_fu_alu1/ex_robid_reg[0]/C
  -------------------------------------------------------------------    -------------------
                         FDRE (Prop_fdre_C_Q)         0.379     1.166 r  u_fu_alu1/ex_robid_reg[0]/Q
                         net (fo=116, unplaced)       0.882     2.048    u_fu_alu1/wb_robid_o[0]
                         LUT6 (Prop_lut6_I0_O)        0.232     2.280 r  u_fu_alu1/s0_val[1][31]_i_19/O
                         net (fo=2, unplaced)         0.793     3.073    u_fu_alu1/s0_val[1][31]_i_19_n_0
                         LUT6 (Prop_lut6_I0_O)        0.105     3.178 f  u_fu_alu1/q_wdata[31]_i_94/O
                         net (fo=1, unplaced)         0.582     3.760    u_rs_mem/head[2]_i_21_0
                         LUT6 (Prop_lut6_I0_O)        0.105     3.865 r  u_rs_mem/q_wdata[31]_i_69/O
                         net (fo=2, unplaced)         0.539     4.404    u_rs_mem/q_wdata[31]_i_69_n_0
                         LUT6 (Prop_lut6_I0_O)        0.105     4.509 r  u_rs_mem/q_wdata[31]_i_33/O
                         net (fo=1, unplaced)         0.582     5.091    u_rs_mem/q_wdata[31]_i_33_n_0
                         LUT6 (Prop_lut6_I5_O)        0.105     5.196 r  u_rs_mem/q_wdata[31]_i_13/O
                         net (fo=6, unplaced)         0.379     5.575    u_rs_mem/q_wdata[31]_i_13_n_0
                         LUT6 (Prop_lut6_I2_O)        0.105     5.680 f  u_rs_mem/head[2]_i_3/O
                         net (fo=8, unplaced)         0.620     6.300    u_rs_mem/head[2]_i_3_n_0
                         LUT6 (Prop_lut6_I1_O)        0.105     6.405 r  u_rs_mem/q_cacop_op[4]_i_8/O
                         net (fo=12, unplaced)        0.395     6.800    u_rs_mem/q_cacop_op[4]_i_8_n_0
                         LUT3 (Prop_lut3_I1_O)        0.105     6.905 r  u_rs_mem/q_vaddr[31]_i_26/O
                         net (fo=168, unplaced)       0.460     7.365    u_rs_mem/head_reg[0]_5
                         LUT4 (Prop_lut4_I2_O)        0.105     7.470 r  u_rs_mem/q_vaddr[31]_i_47/O
                         net (fo=1, unplaced)         0.347     7.817    u_rs_mem/q_vaddr[31]_i_47_n_0
                         LUT5 (Prop_lut5_I4_O)        0.105     7.922 r  u_rs_mem/q_vaddr[31]_i_30/O
                         net (fo=1, unplaced)         0.000     7.922    u_rs_mem/q_vaddr[31]_i_30_n_0
                         MUXF7 (Prop_muxf7_I1_O)      0.206     8.128 r  u_rs_mem/q_vaddr_reg[31]_i_11/O
                         net (fo=32, unplaced)        0.610     8.738    u_rs_mem/q_vaddr_reg[31]_i_11_n_0
                         MUXF8 (Prop_muxf8_S_O)       0.361     9.099 r  u_rs_mem/q_vaddr_reg[3]_i_5/O
                         net (fo=3, unplaced)         0.258     9.357    u_rs_mem/rsm_issue_base[0]
                         LUT4 (Prop_lut4_I1_O)        0.259     9.616 r  u_rs_mem/a_vaddr[3]_i_9/O
                         net (fo=1, unplaced)         0.000     9.616    u_rs_mem/a_vaddr[3]_i_9_n_0
                         CARRY4 (Prop_carry4_S[0]_CO[3])
                                                      0.440    10.056 r  u_rs_mem/a_vaddr_reg[3]_i_1/CO[3]
                         net (fo=1, unplaced)         0.008    10.064    u_rs_mem/a_vaddr_reg[3]_i_1_n_0
                         CARRY4 (Prop_carry4_CI_CO[3])
                                                      0.098    10.162 r  u_rs_mem/a_vaddr_reg[7]_i_1/CO[3]
                         net (fo=1, unplaced)         0.000    10.162    u_rs_mem/a_vaddr_reg[7]_i_1_n_0
                         CARRY4 (Prop_carry4_CI_CO[3])
                                                      0.098    10.260 r  u_rs_mem/a_vaddr_reg[11]_i_1/CO[3]
                         net (fo=1, unplaced)         0.000    10.260    u_rs_mem/a_vaddr_reg[11]_i_1_n_0
                         CARRY4 (Prop_carry4_CI_CO[3])
                                                      0.098    10.358 r  u_rs_mem/a_vaddr_reg[15]_i_1/CO[3]
                         net (fo=1, unplaced)         0.000    10.358    u_rs_mem/a_vaddr_reg[15]_i_1_n_0
                         CARRY4 (Prop_carry4_CI_CO[3])
                                                      0.098    10.456 r  u_rs_mem/a_vaddr_reg[19]_i_1/CO[3]
                         net (fo=1, unplaced)         0.000    10.456    u_rs_mem/a_vaddr_reg[19]_i_1_n_0
                         CARRY4 (Prop_carry4_CI_CO[3])
                                                      0.098    10.554 r  u_rs_mem/a_vaddr_reg[23]_i_1/CO[3]
                         net (fo=1, unplaced)         0.000    10.554    u_rs_mem/a_vaddr_reg[23]_i_1_n_0
                         CARRY4 (Prop_carry4_CI_CO[3])
                                                      0.098    10.652 r  u_rs_mem/a_vaddr_reg[27]_i_1/CO[3]
                         net (fo=1, unplaced)         0.000    10.652    u_rs_mem/a_vaddr_reg[27]_i_1_n_0
                         CARRY4 (Prop_carry4_CI_O[3])
                                                      0.275    10.927 r  u_rs_mem/a_vaddr_reg[31]_i_1/O[3]
                         net (fo=1, unplaced)         0.000    10.927    u_lsu/out[31]
                         FDRE                                         r  u_lsu/a_vaddr_reg[31]/D
  -------------------------------------------------------------------    -------------------

                         (clock cpu_clk rise edge)   11.111    11.111 r  
                                                      0.000    11.111 r  aclk (IN)
                         net (fo=34009, unset)        0.748    11.859    u_lsu/aclk
                         FDRE                                         r  u_lsu/a_vaddr_reg[31]/C
                         clock pessimism              0.000    11.859    
                         clock uncertainty           -0.035    11.823    
                         FDRE (Setup_fdre_C_D)        0.059    11.882    u_lsu/a_vaddr_reg[31]
  -------------------------------------------------------------------
                         required time                         11.882    
                         arrival time                         -10.927    
  -------------------------------------------------------------------
                         slack                                  0.955    

Slack (MET) :             0.963ns  (required time - arrival time)
  Source:                 u_fu_alu1/ex_robid_reg[0]/C
                            (rising edge-triggered cell FDRE clocked by cpu_clk  {rise@0.000ns fall@5.556ns period=11.111ns})
  Destination:            u_lsu/q_vaddr_reg[30]/D
                            (rising edge-triggered cell FDRE clocked by cpu_clk  {rise@0.000ns fall@5.556ns period=11.111ns})
  Path Group:             cpu_clk
  Path Type:              Setup (Max at Slow Process Corner)
  Requirement:            11.111ns  (cpu_clk rise@11.111ns - cpu_clk rise@0.000ns)
  Data Path Delay:        10.132ns  (logic 3.515ns (34.692%)  route 6.617ns (65.308%))
  Logic Levels:           20  (CARRY4=8 LUT3=1 LUT4=1 LUT5=1 LUT6=7 MUXF7=1 MUXF8=1)
  Clock Path Skew:        -0.039ns (DCD - SCD + CPR)
    Destination Clock Delay (DCD):    0.748ns = ( 11.859 - 11.111 ) 
    Source Clock Delay      (SCD):    0.787ns
    Clock Pessimism Removal (CPR):    0.000ns
  Clock Uncertainty:      0.035ns  ((TSJ^2 + TIJ^2)^1/2 + DJ) / 2 + PE
    Total System Jitter     (TSJ):    0.071ns
    Total Input Jitter      (TIJ):    0.000ns
    Discrete Jitter          (DJ):    0.000ns
    Phase Error              (PE):    0.000ns

    Location             Delay type                Incr(ns)  Path(ns)    Netlist Resource(s)
  -------------------------------------------------------------------    -------------------
                         (clock cpu_clk rise edge)    0.000     0.000 r  
                                                      0.000     0.000 r  aclk (IN)
                         net (fo=34009, unset)        0.787     0.787    u_fu_alu1/aclk
                         FDRE                                         r  u_fu_alu1/ex_robid_reg[0]/C
  -------------------------------------------------------------------    -------------------
                         FDRE (Prop_fdre_C_Q)         0.379     1.166 r  u_fu_alu1/ex_robid_reg[0]/Q
                         net (fo=116, unplaced)       0.882     2.048    u_fu_alu1/wb_robid_o[0]
                         LUT6 (Prop_lut6_I0_O)        0.232     2.280 r  u_fu_alu1/s0_val[1][31]_i_19/O
                         net (fo=2, unplaced)         0.793     3.073    u_fu_alu1/s0_val[1][31]_i_19_n_0
                         LUT6 (Prop_lut6_I0_O)        0.105     3.178 f  u_fu_alu1/q_wdata[31]_i_94/O
                         net (fo=1, unplaced)         0.582     3.760    u_rs_mem/head[2]_i_21_0
                         LUT6 (Prop_lut6_I0_O)        0.105     3.865 r  u_rs_mem/q_wdata[31]_i_69/O
                         net (fo=2, unplaced)         0.539     4.404    u_rs_mem/q_wdata[31]_i_69_n_0
                         LUT6 (Prop_lut6_I0_O)        0.105     4.509 r  u_rs_mem/q_wdata[31]_i_33/O
                         net (fo=1, unplaced)         0.582     5.091    u_rs_mem/q_wdata[31]_i_33_n_0
                         LUT6 (Prop_lut6_I5_O)        0.105     5.196 r  u_rs_mem/q_wdata[31]_i_13/O
                         net (fo=6, unplaced)         0.379     5.575    u_rs_mem/q_wdata[31]_i_13_n_0
                         LUT6 (Prop_lut6_I2_O)        0.105     5.680 f  u_rs_mem/head[2]_i_3/O
                         net (fo=8, unplaced)         0.620     6.300    u_rs_mem/head[2]_i_3_n_0
                         LUT6 (Prop_lut6_I1_O)        0.105     6.405 r  u_rs_mem/q_cacop_op[4]_i_8/O
                         net (fo=12, unplaced)        0.395     6.800    u_rs_mem/q_cacop_op[4]_i_8_n_0
                         LUT3 (Prop_lut3_I1_O)        0.105     6.905 r  u_rs_mem/q_vaddr[31]_i_26/O
                         net (fo=168, unplaced)       0.460     7.365    u_rs_mem/head_reg[0]_5
                         LUT4 (Prop_lut4_I2_O)        0.105     7.470 r  u_rs_mem/q_vaddr[31]_i_47/O
                         net (fo=1, unplaced)         0.347     7.817    u_rs_mem/q_vaddr[31]_i_47_n_0
                         LUT5 (Prop_lut5_I4_O)        0.105     7.922 r  u_rs_mem/q_vaddr[31]_i_30/O
                         net (fo=1, unplaced)         0.000     7.922    u_rs_mem/q_vaddr[31]_i_30_n_0
                         MUXF7 (Prop_muxf7_I1_O)      0.206     8.128 r  u_rs_mem/q_vaddr_reg[31]_i_11/O
                         net (fo=32, unplaced)        0.610     8.738    u_rs_mem/q_vaddr_reg[31]_i_11_n_0
                         MUXF8 (Prop_muxf8_S_O)       0.361     9.099 r  u_rs_mem/q_vaddr_reg[3]_i_5/O
                         net (fo=3, unplaced)         0.420     9.519    u_lsu/rsm_issue_base[0]
                         CARRY4 (Prop_carry4_DI[0]_CO[3])
                                                      0.590    10.109 r  u_lsu/q_vaddr_reg[3]_i_1/CO[3]
                         net (fo=1, unplaced)         0.008    10.117    u_lsu/q_vaddr_reg[3]_i_1_n_0
                         CARRY4 (Prop_carry4_CI_CO[3])
                                                      0.098    10.215 r  u_lsu/q_vaddr_reg[7]_i_1/CO[3]
                         net (fo=1, unplaced)         0.000    10.215    u_lsu/q_vaddr_reg[7]_i_1_n_0
                         CARRY4 (Prop_carry4_CI_CO[3])
                                                      0.098    10.313 r  u_lsu/q_vaddr_reg[11]_i_1/CO[3]
                         net (fo=1, unplaced)         0.000    10.313    u_lsu/q_vaddr_reg[11]_i_1_n_0
                         CARRY4 (Prop_carry4_CI_CO[3])
                                                      0.098    10.411 r  u_lsu/q_vaddr_reg[15]_i_1/CO[3]
                         net (fo=1, unplaced)         0.000    10.411    u_lsu/q_vaddr_reg[15]_i_1_n_0
                         CARRY4 (Prop_carry4_CI_CO[3])
                                                      0.098    10.509 r  u_lsu/q_vaddr_reg[19]_i_1/CO[3]
                         net (fo=1, unplaced)         0.000    10.509    u_lsu/q_vaddr_reg[19]_i_1_n_0
                         CARRY4 (Prop_carry4_CI_CO[3])
                                                      0.098    10.607 r  u_lsu/q_vaddr_reg[23]_i_1/CO[3]
                         net (fo=1, unplaced)         0.000    10.607    u_lsu/q_vaddr_reg[23]_i_1_n_0
                         CARRY4 (Prop_carry4_CI_CO[3])
                                                      0.098    10.705 r  u_lsu/q_vaddr_reg[27]_i_1/CO[3]
                         net (fo=1, unplaced)         0.000    10.705    u_lsu/q_vaddr_reg[27]_i_1_n_0
                         CARRY4 (Prop_carry4_CI_O[2])
                                                      0.214    10.919 r  u_lsu/q_vaddr_reg[31]_i_1/O[2]
                         net (fo=1, unplaced)         0.000    10.919    u_lsu/q_vaddr_reg[31]_i_1_n_5
                         FDRE                                         r  u_lsu/q_vaddr_reg[30]/D
  -------------------------------------------------------------------    -------------------

                         (clock cpu_clk rise edge)   11.111    11.111 r  
                                                      0.000    11.111 r  aclk (IN)
                         net (fo=34009, unset)        0.748    11.859    u_lsu/aclk
                         FDRE                                         r  u_lsu/q_vaddr_reg[30]/C
                         clock pessimism              0.000    11.859    
                         clock uncertainty           -0.035    11.823    
                         FDRE (Setup_fdre_C_D)        0.059    11.882    u_lsu/q_vaddr_reg[30]
  -------------------------------------------------------------------
                         required time                         11.882    
                         arrival time                         -10.919    
  -------------------------------------------------------------------
                         slack                                  0.963    

Slack (MET) :             0.973ns  (required time - arrival time)
  Source:                 u_dcache/valid_arr_reg[1][27]/C
                            (rising edge-triggered cell FDRE clocked by cpu_clk  {rise@0.000ns fall@5.556ns period=11.111ns})
  Destination:            u_lsu/m_robid_reg[0][0]/CE
                            (rising edge-triggered cell FDRE clocked by cpu_clk  {rise@0.000ns fall@5.556ns period=11.111ns})
  Path Group:             cpu_clk
  Path Type:              Setup (Max at Slow Process Corner)
  Requirement:            11.111ns  (cpu_clk rise@11.111ns - cpu_clk rise@0.000ns)
  Data Path Delay:        9.898ns  (logic 2.655ns (26.824%)  route 7.243ns (73.176%))
  Logic Levels:           16  (LUT2=2 LUT3=2 LUT5=1 LUT6=8 MUXF7=2 MUXF8=1)
  Clock Path Skew:        -0.039ns (DCD - SCD + CPR)
    Destination Clock Delay (DCD):    0.748ns = ( 11.859 - 11.111 ) 
    Source Clock Delay      (SCD):    0.787ns
    Clock Pessimism Removal (CPR):    0.000ns
  Clock Uncertainty:      0.035ns  ((TSJ^2 + TIJ^2)^1/2 + DJ) / 2 + PE
    Total System Jitter     (TSJ):    0.071ns
    Total Input Jitter      (TIJ):    0.000ns
    Discrete Jitter          (DJ):    0.000ns
    Phase Error              (PE):    0.000ns

    Location             Delay type                Incr(ns)  Path(ns)    Netlist Resource(s)
  -------------------------------------------------------------------    -------------------
                         (clock cpu_clk rise edge)    0.000     0.000 r  
                                                      0.000     0.000 r  aclk (IN)
                         net (fo=34009, unset)        0.787     0.787    u_dcache/aclk
                         FDRE                                         r  u_dcache/valid_arr_reg[1][27]/C
  -------------------------------------------------------------------    -------------------
                         FDRE (Prop_fdre_C_Q)         0.379     1.166 f  u_dcache/valid_arr_reg[1][27]/Q
                         net (fo=4, unplaced)         0.803     1.969    u_dcache/gen_dram[3].u_way_ram/valid_arr_reg[1]_10[27]
                         LUT6 (Prop_lut6_I0_O)        0.232     2.201 f  u_dcache/gen_dram[3].u_way_ram/mshr_way[1][1]_i_88/O
                         net (fo=1, unplaced)         0.582     2.783    u_dcache/gen_dram[3].u_way_ram/mshr_way[1][1]_i_88_n_0
                         LUT6 (Prop_lut6_I1_O)        0.105     2.888 r  u_dcache/gen_dram[3].u_way_ram/mshr_way[1][1]_i_34/O
                         net (fo=1, unplaced)         0.582     3.470    u_dcache/gen_dram[3].u_way_ram/mshr_way[1][1]_i_34_n_0
                         LUT6 (Prop_lut6_I5_O)        0.105     3.575 f  u_dcache/gen_dram[3].u_way_ram/mshr_way[1][1]_i_11/O
                         net (fo=1, unplaced)         0.000     3.575    u_dcache/gen_dram[3].u_way_ram/mshr_way[1][1]_i_11_n_0
                         MUXF7 (Prop_muxf7_I0_O)      0.199     3.774 f  u_dcache/gen_dram[3].u_way_ram/mshr_way_reg[1][1]_i_5/O
                         net (fo=25, unplaced)        0.649     4.423    u_dcache/gen_dram[3].u_way_ram_n_823
                         LUT6 (Prop_lut6_I2_O)        0.242     4.665 r  u_dcache/wb_addr[31]_i_227/O
                         net (fo=128, unplaced)       0.453     5.118    u_dcache/wb_addr[31]_i_227_n_0
                         LUT5 (Prop_lut5_I3_O)        0.105     5.223 r  u_dcache/wb_addr[31]_i_167/O
                         net (fo=1, unplaced)         0.938     6.161    u_dcache/wb_addr[31]_i_167_n_0
                         LUT6 (Prop_lut6_I1_O)        0.105     6.266 r  u_dcache/wb_addr[31]_i_72/O
                         net (fo=1, unplaced)         0.528     6.794    u_dcache/wb_addr[31]_i_72_n_0
                         LUT6 (Prop_lut6_I0_O)        0.105     6.899 r  u_dcache/wb_addr[31]_i_37/O
                         net (fo=1, unplaced)         0.000     6.899    u_dcache/wb_addr[31]_i_37_n_0
                         MUXF7 (Prop_muxf7_I1_O)      0.206     7.105 r  u_dcache/wb_addr_reg[31]_i_22/O
                         net (fo=1, unplaced)         0.000     7.105    u_dcache/wb_addr_reg[31]_i_22_n_0
                         MUXF8 (Prop_muxf8_I0_O)      0.085     7.190 r  u_dcache/wb_addr_reg[31]_i_9/O
                         net (fo=2, unplaced)         0.483     7.673    u_dcache/wb_addr_reg[31]_i_9_n_0
                         LUT6 (Prop_lut6_I3_O)        0.259     7.932 r  u_dcache/FSM_onehot_state[5]_i_12/O
                         net (fo=2, unplaced)         0.339     8.271    u_dcache/FSM_onehot_state[5]_i_12_n_0
                         LUT6 (Prop_lut6_I2_O)        0.105     8.376 r  u_dcache/rr_ptr_reg_0_127_0_0_i_4/O
                         net (fo=3, unplaced)         0.365     8.741    u_dcache/rr_ptr_reg_0_127_0_0_i_4_n_0
                         LUT2 (Prop_lut2_I1_O)        0.108     8.849 f  u_dcache/rr_ptr_reg_0_127_0_0_i_3/O
                         net (fo=3, unplaced)         0.365     9.214    u_dcache/rr_ptr_reg_0_127_0_0_i_3_n_0
                         LUT2 (Prop_lut2_I1_O)        0.105     9.319 r  u_dcache/m_valid[1]_i_2/O
                         net (fo=13, unplaced)        0.397     9.716    u_lsu/dc_lsu_miss
                         LUT3 (Prop_lut3_I0_O)        0.105     9.821 r  u_lsu/m_valid[0]_i_4/O
                         net (fo=3, unplaced)         0.365    10.186    u_lsu/m_valid24_out
                         LUT3 (Prop_lut3_I0_O)        0.105    10.291 r  u_lsu/m_robid[0][4]_i_1/O
                         net (fo=5, unplaced)         0.394    10.685    u_lsu/m_robid[0][4]_i_1_n_0
                         FDRE                                         r  u_lsu/m_robid_reg[0][0]/CE
  -------------------------------------------------------------------    -------------------

                         (clock cpu_clk rise edge)   11.111    11.111 r  
                                                      0.000    11.111 r  aclk (IN)
                         net (fo=34009, unset)        0.748    11.859    u_lsu/aclk
                         FDRE                                         r  u_lsu/m_robid_reg[0][0]/C
                         clock pessimism              0.000    11.859    
                         clock uncertainty           -0.035    11.823    
                         FDRE (Setup_fdre_C_CE)      -0.165    11.658    u_lsu/m_robid_reg[0][0]
  -------------------------------------------------------------------
                         required time                         11.658    
                         arrival time                         -10.685    
  -------------------------------------------------------------------
                         slack                                  0.973    

Slack (MET) :             0.973ns  (required time - arrival time)
  Source:                 u_dcache/valid_arr_reg[1][27]/C
                            (rising edge-triggered cell FDRE clocked by cpu_clk  {rise@0.000ns fall@5.556ns period=11.111ns})
  Destination:            u_lsu/m_robid_reg[0][1]/CE
                            (rising edge-triggered cell FDRE clocked by cpu_clk  {rise@0.000ns fall@5.556ns period=11.111ns})
  Path Group:             cpu_clk
  Path Type:              Setup (Max at Slow Process Corner)
  Requirement:            11.111ns  (cpu_clk rise@11.111ns - cpu_clk rise@0.000ns)
  Data Path Delay:        9.898ns  (logic 2.655ns (26.824%)  route 7.243ns (73.176%))
  Logic Levels:           16  (LUT2=2 LUT3=2 LUT5=1 LUT6=8 MUXF7=2 MUXF8=1)
  Clock Path Skew:        -0.039ns (DCD - SCD + CPR)
    Destination Clock Delay (DCD):    0.748ns = ( 11.859 - 11.111 ) 
    Source Clock Delay      (SCD):    0.787ns
    Clock Pessimism Removal (CPR):    0.000ns
  Clock Uncertainty:      0.035ns  ((TSJ^2 + TIJ^2)^1/2 + DJ) / 2 + PE
    Total System Jitter     (TSJ):    0.071ns
    Total Input Jitter      (TIJ):    0.000ns
    Discrete Jitter          (DJ):    0.000ns
    Phase Error              (PE):    0.000ns

    Location             Delay type                Incr(ns)  Path(ns)    Netlist Resource(s)
  -------------------------------------------------------------------    -------------------
                         (clock cpu_clk rise edge)    0.000     0.000 r  
                                                      0.000     0.000 r  aclk (IN)
                         net (fo=34009, unset)        0.787     0.787    u_dcache/aclk
                         FDRE                                         r  u_dcache/valid_arr_reg[1][27]/C
  -------------------------------------------------------------------    -------------------
                         FDRE (Prop_fdre_C_Q)         0.379     1.166 f  u_dcache/valid_arr_reg[1][27]/Q
                         net (fo=4, unplaced)         0.803     1.969    u_dcache/gen_dram[3].u_way_ram/valid_arr_reg[1]_10[27]
                         LUT6 (Prop_lut6_I0_O)        0.232     2.201 f  u_dcache/gen_dram[3].u_way_ram/mshr_way[1][1]_i_88/O
                         net (fo=1, unplaced)         0.582     2.783    u_dcache/gen_dram[3].u_way_ram/mshr_way[1][1]_i_88_n_0
                         LUT6 (Prop_lut6_I1_O)        0.105     2.888 r  u_dcache/gen_dram[3].u_way_ram/mshr_way[1][1]_i_34/O
                         net (fo=1, unplaced)         0.582     3.470    u_dcache/gen_dram[3].u_way_ram/mshr_way[1][1]_i_34_n_0
                         LUT6 (Prop_lut6_I5_O)        0.105     3.575 f  u_dcache/gen_dram[3].u_way_ram/mshr_way[1][1]_i_11/O
                         net (fo=1, unplaced)         0.000     3.575    u_dcache/gen_dram[3].u_way_ram/mshr_way[1][1]_i_11_n_0
                         MUXF7 (Prop_muxf7_I0_O)      0.199     3.774 f  u_dcache/gen_dram[3].u_way_ram/mshr_way_reg[1][1]_i_5/O
                         net (fo=25, unplaced)        0.649     4.423    u_dcache/gen_dram[3].u_way_ram_n_823
                         LUT6 (Prop_lut6_I2_O)        0.242     4.665 r  u_dcache/wb_addr[31]_i_227/O
                         net (fo=128, unplaced)       0.453     5.118    u_dcache/wb_addr[31]_i_227_n_0
                         LUT5 (Prop_lut5_I3_O)        0.105     5.223 r  u_dcache/wb_addr[31]_i_167/O
                         net (fo=1, unplaced)         0.938     6.161    u_dcache/wb_addr[31]_i_167_n_0
                         LUT6 (Prop_lut6_I1_O)        0.105     6.266 r  u_dcache/wb_addr[31]_i_72/O
                         net (fo=1, unplaced)         0.528     6.794    u_dcache/wb_addr[31]_i_72_n_0
                         LUT6 (Prop_lut6_I0_O)        0.105     6.899 r  u_dcache/wb_addr[31]_i_37/O
                         net (fo=1, unplaced)         0.000     6.899    u_dcache/wb_addr[31]_i_37_n_0
                         MUXF7 (Prop_muxf7_I1_O)      0.206     7.105 r  u_dcache/wb_addr_reg[31]_i_22/O
                         net (fo=1, unplaced)         0.000     7.105    u_dcache/wb_addr_reg[31]_i_22_n_0
                         MUXF8 (Prop_muxf8_I0_O)      0.085     7.190 r  u_dcache/wb_addr_reg[31]_i_9/O
                         net (fo=2, unplaced)         0.483     7.673    u_dcache/wb_addr_reg[31]_i_9_n_0
                         LUT6 (Prop_lut6_I3_O)        0.259     7.932 r  u_dcache/FSM_onehot_state[5]_i_12/O
                         net (fo=2, unplaced)         0.339     8.271    u_dcache/FSM_onehot_state[5]_i_12_n_0
                         LUT6 (Prop_lut6_I2_O)        0.105     8.376 r  u_dcache/rr_ptr_reg_0_127_0_0_i_4/O
                         net (fo=3, unplaced)         0.365     8.741    u_dcache/rr_ptr_reg_0_127_0_0_i_4_n_0
                         LUT2 (Prop_lut2_I1_O)        0.108     8.849 f  u_dcache/rr_ptr_reg_0_127_0_0_i_3/O
                         net (fo=3, unplaced)         0.365     9.214    u_dcache/rr_ptr_reg_0_127_0_0_i_3_n_0
                         LUT2 (Prop_lut2_I1_O)        0.105     9.319 r  u_dcache/m_valid[1]_i_2/O
                         net (fo=13, unplaced)        0.397     9.716    u_lsu/dc_lsu_miss
                         LUT3 (Prop_lut3_I0_O)        0.105     9.821 r  u_lsu/m_valid[0]_i_4/O
                         net (fo=3, unplaced)         0.365    10.186    u_lsu/m_valid24_out
                         LUT3 (Prop_lut3_I0_O)        0.105    10.291 r  u_lsu/m_robid[0][4]_i_1/O
                         net (fo=5, unplaced)         0.394    10.685    u_lsu/m_robid[0][4]_i_1_n_0
                         FDRE                                         r  u_lsu/m_robid_reg[0][1]/CE
  -------------------------------------------------------------------    -------------------

                         (clock cpu_clk rise edge)   11.111    11.111 r  
                                                      0.000    11.111 r  aclk (IN)
                         net (fo=34009, unset)        0.748    11.859    u_lsu/aclk
                         FDRE                                         r  u_lsu/m_robid_reg[0][1]/C
                         clock pessimism              0.000    11.859    
                         clock uncertainty           -0.035    11.823    
                         FDRE (Setup_fdre_C_CE)      -0.165    11.658    u_lsu/m_robid_reg[0][1]
  -------------------------------------------------------------------
                         required time                         11.658    
                         arrival time                         -10.685    
  -------------------------------------------------------------------
                         slack                                  0.973    

Slack (MET) :             0.973ns  (required time - arrival time)
  Source:                 u_dcache/valid_arr_reg[1][27]/C
                            (rising edge-triggered cell FDRE clocked by cpu_clk  {rise@0.000ns fall@5.556ns period=11.111ns})
  Destination:            u_lsu/m_robid_reg[0][2]/CE
                            (rising edge-triggered cell FDRE clocked by cpu_clk  {rise@0.000ns fall@5.556ns period=11.111ns})
  Path Group:             cpu_clk
  Path Type:              Setup (Max at Slow Process Corner)
  Requirement:            11.111ns  (cpu_clk rise@11.111ns - cpu_clk rise@0.000ns)
  Data Path Delay:        9.898ns  (logic 2.655ns (26.824%)  route 7.243ns (73.176%))
  Logic Levels:           16  (LUT2=2 LUT3=2 LUT5=1 LUT6=8 MUXF7=2 MUXF8=1)
  Clock Path Skew:        -0.039ns (DCD - SCD + CPR)
    Destination Clock Delay (DCD):    0.748ns = ( 11.859 - 11.111 ) 
    Source Clock Delay      (SCD):    0.787ns
    Clock Pessimism Removal (CPR):    0.000ns
  Clock Uncertainty:      0.035ns  ((TSJ^2 + TIJ^2)^1/2 + DJ) / 2 + PE
    Total System Jitter     (TSJ):    0.071ns
    Total Input Jitter      (TIJ):    0.000ns
    Discrete Jitter          (DJ):    0.000ns
    Phase Error              (PE):    0.000ns

    Location             Delay type                Incr(ns)  Path(ns)    Netlist Resource(s)
  -------------------------------------------------------------------    -------------------
                         (clock cpu_clk rise edge)    0.000     0.000 r  
                                                      0.000     0.000 r  aclk (IN)
                         net (fo=34009, unset)        0.787     0.787    u_dcache/aclk
                         FDRE                                         r  u_dcache/valid_arr_reg[1][27]/C
  -------------------------------------------------------------------    -------------------
                         FDRE (Prop_fdre_C_Q)         0.379     1.166 f  u_dcache/valid_arr_reg[1][27]/Q
                         net (fo=4, unplaced)         0.803     1.969    u_dcache/gen_dram[3].u_way_ram/valid_arr_reg[1]_10[27]
                         LUT6 (Prop_lut6_I0_O)        0.232     2.201 f  u_dcache/gen_dram[3].u_way_ram/mshr_way[1][1]_i_88/O
                         net (fo=1, unplaced)         0.582     2.783    u_dcache/gen_dram[3].u_way_ram/mshr_way[1][1]_i_88_n_0
                         LUT6 (Prop_lut6_I1_O)        0.105     2.888 r  u_dcache/gen_dram[3].u_way_ram/mshr_way[1][1]_i_34/O
                         net (fo=1, unplaced)         0.582     3.470    u_dcache/gen_dram[3].u_way_ram/mshr_way[1][1]_i_34_n_0
                         LUT6 (Prop_lut6_I5_O)        0.105     3.575 f  u_dcache/gen_dram[3].u_way_ram/mshr_way[1][1]_i_11/O
                         net (fo=1, unplaced)         0.000     3.575    u_dcache/gen_dram[3].u_way_ram/mshr_way[1][1]_i_11_n_0
                         MUXF7 (Prop_muxf7_I0_O)      0.199     3.774 f  u_dcache/gen_dram[3].u_way_ram/mshr_way_reg[1][1]_i_5/O
                         net (fo=25, unplaced)        0.649     4.423    u_dcache/gen_dram[3].u_way_ram_n_823
                         LUT6 (Prop_lut6_I2_O)        0.242     4.665 r  u_dcache/wb_addr[31]_i_227/O
                         net (fo=128, unplaced)       0.453     5.118    u_dcache/wb_addr[31]_i_227_n_0
                         LUT5 (Prop_lut5_I3_O)        0.105     5.223 r  u_dcache/wb_addr[31]_i_167/O
                         net (fo=1, unplaced)         0.938     6.161    u_dcache/wb_addr[31]_i_167_n_0
                         LUT6 (Prop_lut6_I1_O)        0.105     6.266 r  u_dcache/wb_addr[31]_i_72/O
                         net (fo=1, unplaced)         0.528     6.794    u_dcache/wb_addr[31]_i_72_n_0
                         LUT6 (Prop_lut6_I0_O)        0.105     6.899 r  u_dcache/wb_addr[31]_i_37/O
                         net (fo=1, unplaced)         0.000     6.899    u_dcache/wb_addr[31]_i_37_n_0
                         MUXF7 (Prop_muxf7_I1_O)      0.206     7.105 r  u_dcache/wb_addr_reg[31]_i_22/O
                         net (fo=1, unplaced)         0.000     7.105    u_dcache/wb_addr_reg[31]_i_22_n_0
                         MUXF8 (Prop_muxf8_I0_O)      0.085     7.190 r  u_dcache/wb_addr_reg[31]_i_9/O
                         net (fo=2, unplaced)         0.483     7.673    u_dcache/wb_addr_reg[31]_i_9_n_0
                         LUT6 (Prop_lut6_I3_O)        0.259     7.932 r  u_dcache/FSM_onehot_state[5]_i_12/O
                         net (fo=2, unplaced)         0.339     8.271    u_dcache/FSM_onehot_state[5]_i_12_n_0
                         LUT6 (Prop_lut6_I2_O)        0.105     8.376 r  u_dcache/rr_ptr_reg_0_127_0_0_i_4/O
                         net (fo=3, unplaced)         0.365     8.741    u_dcache/rr_ptr_reg_0_127_0_0_i_4_n_0
                         LUT2 (Prop_lut2_I1_O)        0.108     8.849 f  u_dcache/rr_ptr_reg_0_127_0_0_i_3/O
                         net (fo=3, unplaced)         0.365     9.214    u_dcache/rr_ptr_reg_0_127_0_0_i_3_n_0
                         LUT2 (Prop_lut2_I1_O)        0.105     9.319 r  u_dcache/m_valid[1]_i_2/O
                         net (fo=13, unplaced)        0.397     9.716    u_lsu/dc_lsu_miss
                         LUT3 (Prop_lut3_I0_O)        0.105     9.821 r  u_lsu/m_valid[0]_i_4/O
                         net (fo=3, unplaced)         0.365    10.186    u_lsu/m_valid24_out
                         LUT3 (Prop_lut3_I0_O)        0.105    10.291 r  u_lsu/m_robid[0][4]_i_1/O
                         net (fo=5, unplaced)         0.394    10.685    u_lsu/m_robid[0][4]_i_1_n_0
                         FDRE                                         r  u_lsu/m_robid_reg[0][2]/CE
  -------------------------------------------------------------------    -------------------

                         (clock cpu_clk rise edge)   11.111    11.111 r  
                                                      0.000    11.111 r  aclk (IN)
                         net (fo=34009, unset)        0.748    11.859    u_lsu/aclk
                         FDRE                                         r  u_lsu/m_robid_reg[0][2]/C
                         clock pessimism              0.000    11.859    
                         clock uncertainty           -0.035    11.823    
                         FDRE (Setup_fdre_C_CE)      -0.165    11.658    u_lsu/m_robid_reg[0][2]
  -------------------------------------------------------------------
                         required time                         11.658    
                         arrival time                         -10.685    
  -------------------------------------------------------------------
                         slack                                  0.973    

Slack (MET) :             0.973ns  (required time - arrival time)
  Source:                 u_dcache/valid_arr_reg[1][27]/C
                            (rising edge-triggered cell FDRE clocked by cpu_clk  {rise@0.000ns fall@5.556ns period=11.111ns})
  Destination:            u_lsu/m_robid_reg[0][3]/CE
                            (rising edge-triggered cell FDRE clocked by cpu_clk  {rise@0.000ns fall@5.556ns period=11.111ns})
  Path Group:             cpu_clk
  Path Type:              Setup (Max at Slow Process Corner)
  Requirement:            11.111ns  (cpu_clk rise@11.111ns - cpu_clk rise@0.000ns)
  Data Path Delay:        9.898ns  (logic 2.655ns (26.824%)  route 7.243ns (73.176%))
  Logic Levels:           16  (LUT2=2 LUT3=2 LUT5=1 LUT6=8 MUXF7=2 MUXF8=1)
  Clock Path Skew:        -0.039ns (DCD - SCD + CPR)
    Destination Clock Delay (DCD):    0.748ns = ( 11.859 - 11.111 ) 
    Source Clock Delay      (SCD):    0.787ns
    Clock Pessimism Removal (CPR):    0.000ns
  Clock Uncertainty:      0.035ns  ((TSJ^2 + TIJ^2)^1/2 + DJ) / 2 + PE
    Total System Jitter     (TSJ):    0.071ns
    Total Input Jitter      (TIJ):    0.000ns
    Discrete Jitter          (DJ):    0.000ns
    Phase Error              (PE):    0.000ns

    Location             Delay type                Incr(ns)  Path(ns)    Netlist Resource(s)
  -------------------------------------------------------------------    -------------------
                         (clock cpu_clk rise edge)    0.000     0.000 r  
                                                      0.000     0.000 r  aclk (IN)
                         net (fo=34009, unset)        0.787     0.787    u_dcache/aclk
                         FDRE                                         r  u_dcache/valid_arr_reg[1][27]/C
  -------------------------------------------------------------------    -------------------
                         FDRE (Prop_fdre_C_Q)         0.379     1.166 f  u_dcache/valid_arr_reg[1][27]/Q
                         net (fo=4, unplaced)         0.803     1.969    u_dcache/gen_dram[3].u_way_ram/valid_arr_reg[1]_10[27]
                         LUT6 (Prop_lut6_I0_O)        0.232     2.201 f  u_dcache/gen_dram[3].u_way_ram/mshr_way[1][1]_i_88/O
                         net (fo=1, unplaced)         0.582     2.783    u_dcache/gen_dram[3].u_way_ram/mshr_way[1][1]_i_88_n_0
                         LUT6 (Prop_lut6_I1_O)        0.105     2.888 r  u_dcache/gen_dram[3].u_way_ram/mshr_way[1][1]_i_34/O
                         net (fo=1, unplaced)         0.582     3.470    u_dcache/gen_dram[3].u_way_ram/mshr_way[1][1]_i_34_n_0
                         LUT6 (Prop_lut6_I5_O)        0.105     3.575 f  u_dcache/gen_dram[3].u_way_ram/mshr_way[1][1]_i_11/O
                         net (fo=1, unplaced)         0.000     3.575    u_dcache/gen_dram[3].u_way_ram/mshr_way[1][1]_i_11_n_0
                         MUXF7 (Prop_muxf7_I0_O)      0.199     3.774 f  u_dcache/gen_dram[3].u_way_ram/mshr_way_reg[1][1]_i_5/O
                         net (fo=25, unplaced)        0.649     4.423    u_dcache/gen_dram[3].u_way_ram_n_823
                         LUT6 (Prop_lut6_I2_O)        0.242     4.665 r  u_dcache/wb_addr[31]_i_227/O
                         net (fo=128, unplaced)       0.453     5.118    u_dcache/wb_addr[31]_i_227_n_0
                         LUT5 (Prop_lut5_I3_O)        0.105     5.223 r  u_dcache/wb_addr[31]_i_167/O
                         net (fo=1, unplaced)         0.938     6.161    u_dcache/wb_addr[31]_i_167_n_0
                         LUT6 (Prop_lut6_I1_O)        0.105     6.266 r  u_dcache/wb_addr[31]_i_72/O
                         net (fo=1, unplaced)         0.528     6.794    u_dcache/wb_addr[31]_i_72_n_0
                         LUT6 (Prop_lut6_I0_O)        0.105     6.899 r  u_dcache/wb_addr[31]_i_37/O
                         net (fo=1, unplaced)         0.000     6.899    u_dcache/wb_addr[31]_i_37_n_0
                         MUXF7 (Prop_muxf7_I1_O)      0.206     7.105 r  u_dcache/wb_addr_reg[31]_i_22/O
                         net (fo=1, unplaced)         0.000     7.105    u_dcache/wb_addr_reg[31]_i_22_n_0
                         MUXF8 (Prop_muxf8_I0_O)      0.085     7.190 r  u_dcache/wb_addr_reg[31]_i_9/O
                         net (fo=2, unplaced)         0.483     7.673    u_dcache/wb_addr_reg[31]_i_9_n_0
                         LUT6 (Prop_lut6_I3_O)        0.259     7.932 r  u_dcache/FSM_onehot_state[5]_i_12/O
                         net (fo=2, unplaced)         0.339     8.271    u_dcache/FSM_onehot_state[5]_i_12_n_0
                         LUT6 (Prop_lut6_I2_O)        0.105     8.376 r  u_dcache/rr_ptr_reg_0_127_0_0_i_4/O
                         net (fo=3, unplaced)         0.365     8.741    u_dcache/rr_ptr_reg_0_127_0_0_i_4_n_0
                         LUT2 (Prop_lut2_I1_O)        0.108     8.849 f  u_dcache/rr_ptr_reg_0_127_0_0_i_3/O
                         net (fo=3, unplaced)         0.365     9.214    u_dcache/rr_ptr_reg_0_127_0_0_i_3_n_0
                         LUT2 (Prop_lut2_I1_O)        0.105     9.319 r  u_dcache/m_valid[1]_i_2/O
                         net (fo=13, unplaced)        0.397     9.716    u_lsu/dc_lsu_miss
                         LUT3 (Prop_lut3_I0_O)        0.105     9.821 r  u_lsu/m_valid[0]_i_4/O
                         net (fo=3, unplaced)         0.365    10.186    u_lsu/m_valid24_out
                         LUT3 (Prop_lut3_I0_O)        0.105    10.291 r  u_lsu/m_robid[0][4]_i_1/O
                         net (fo=5, unplaced)         0.394    10.685    u_lsu/m_robid[0][4]_i_1_n_0
                         FDRE                                         r  u_lsu/m_robid_reg[0][3]/CE
  -------------------------------------------------------------------    -------------------

                         (clock cpu_clk rise edge)   11.111    11.111 r  
                                                      0.000    11.111 r  aclk (IN)
                         net (fo=34009, unset)        0.748    11.859    u_lsu/aclk
                         FDRE                                         r  u_lsu/m_robid_reg[0][3]/C
                         clock pessimism              0.000    11.859    
                         clock uncertainty           -0.035    11.823    
                         FDRE (Setup_fdre_C_CE)      -0.165    11.658    u_lsu/m_robid_reg[0][3]
  -------------------------------------------------------------------
                         required time                         11.658    
                         arrival time                         -10.685    
  -------------------------------------------------------------------
                         slack                                  0.973    

Slack (MET) :             0.973ns  (required time - arrival time)
  Source:                 u_dcache/valid_arr_reg[1][27]/C
                            (rising edge-triggered cell FDRE clocked by cpu_clk  {rise@0.000ns fall@5.556ns period=11.111ns})
  Destination:            u_lsu/m_robid_reg[0][4]/CE
                            (rising edge-triggered cell FDRE clocked by cpu_clk  {rise@0.000ns fall@5.556ns period=11.111ns})
  Path Group:             cpu_clk
  Path Type:              Setup (Max at Slow Process Corner)
  Requirement:            11.111ns  (cpu_clk rise@11.111ns - cpu_clk rise@0.000ns)
  Data Path Delay:        9.898ns  (logic 2.655ns (26.824%)  route 7.243ns (73.176%))
  Logic Levels:           16  (LUT2=2 LUT3=2 LUT5=1 LUT6=8 MUXF7=2 MUXF8=1)
  Clock Path Skew:        -0.039ns (DCD - SCD + CPR)
    Destination Clock Delay (DCD):    0.748ns = ( 11.859 - 11.111 ) 
    Source Clock Delay      (SCD):    0.787ns
    Clock Pessimism Removal (CPR):    0.000ns
  Clock Uncertainty:      0.035ns  ((TSJ^2 + TIJ^2)^1/2 + DJ) / 2 + PE
    Total System Jitter     (TSJ):    0.071ns
    Total Input Jitter      (TIJ):    0.000ns
    Discrete Jitter          (DJ):    0.000ns
    Phase Error              (PE):    0.000ns

    Location             Delay type                Incr(ns)  Path(ns)    Netlist Resource(s)
  -------------------------------------------------------------------    -------------------
                         (clock cpu_clk rise edge)    0.000     0.000 r  
                                                      0.000     0.000 r  aclk (IN)
                         net (fo=34009, unset)        0.787     0.787    u_dcache/aclk
                         FDRE                                         r  u_dcache/valid_arr_reg[1][27]/C
  -------------------------------------------------------------------    -------------------
                         FDRE (Prop_fdre_C_Q)         0.379     1.166 f  u_dcache/valid_arr_reg[1][27]/Q
                         net (fo=4, unplaced)         0.803     1.969    u_dcache/gen_dram[3].u_way_ram/valid_arr_reg[1]_10[27]
                         LUT6 (Prop_lut6_I0_O)        0.232     2.201 f  u_dcache/gen_dram[3].u_way_ram/mshr_way[1][1]_i_88/O
                         net (fo=1, unplaced)         0.582     2.783    u_dcache/gen_dram[3].u_way_ram/mshr_way[1][1]_i_88_n_0
                         LUT6 (Prop_lut6_I1_O)        0.105     2.888 r  u_dcache/gen_dram[3].u_way_ram/mshr_way[1][1]_i_34/O
                         net (fo=1, unplaced)         0.582     3.470    u_dcache/gen_dram[3].u_way_ram/mshr_way[1][1]_i_34_n_0
                         LUT6 (Prop_lut6_I5_O)        0.105     3.575 f  u_dcache/gen_dram[3].u_way_ram/mshr_way[1][1]_i_11/O
                         net (fo=1, unplaced)         0.000     3.575    u_dcache/gen_dram[3].u_way_ram/mshr_way[1][1]_i_11_n_0
                         MUXF7 (Prop_muxf7_I0_O)      0.199     3.774 f  u_dcache/gen_dram[3].u_way_ram/mshr_way_reg[1][1]_i_5/O
                         net (fo=25, unplaced)        0.649     4.423    u_dcache/gen_dram[3].u_way_ram_n_823
                         LUT6 (Prop_lut6_I2_O)        0.242     4.665 r  u_dcache/wb_addr[31]_i_227/O
                         net (fo=128, unplaced)       0.453     5.118    u_dcache/wb_addr[31]_i_227_n_0
                         LUT5 (Prop_lut5_I3_O)        0.105     5.223 r  u_dcache/wb_addr[31]_i_167/O
                         net (fo=1, unplaced)         0.938     6.161    u_dcache/wb_addr[31]_i_167_n_0
                         LUT6 (Prop_lut6_I1_O)        0.105     6.266 r  u_dcache/wb_addr[31]_i_72/O
                         net (fo=1, unplaced)         0.528     6.794    u_dcache/wb_addr[31]_i_72_n_0
                         LUT6 (Prop_lut6_I0_O)        0.105     6.899 r  u_dcache/wb_addr[31]_i_37/O
                         net (fo=1, unplaced)         0.000     6.899    u_dcache/wb_addr[31]_i_37_n_0
                         MUXF7 (Prop_muxf7_I1_O)      0.206     7.105 r  u_dcache/wb_addr_reg[31]_i_22/O
                         net (fo=1, unplaced)         0.000     7.105    u_dcache/wb_addr_reg[31]_i_22_n_0
                         MUXF8 (Prop_muxf8_I0_O)      0.085     7.190 r  u_dcache/wb_addr_reg[31]_i_9/O
                         net (fo=2, unplaced)         0.483     7.673    u_dcache/wb_addr_reg[31]_i_9_n_0
                         LUT6 (Prop_lut6_I3_O)        0.259     7.932 r  u_dcache/FSM_onehot_state[5]_i_12/O
                         net (fo=2, unplaced)         0.339     8.271    u_dcache/FSM_onehot_state[5]_i_12_n_0
                         LUT6 (Prop_lut6_I2_O)        0.105     8.376 r  u_dcache/rr_ptr_reg_0_127_0_0_i_4/O
                         net (fo=3, unplaced)         0.365     8.741    u_dcache/rr_ptr_reg_0_127_0_0_i_4_n_0
                         LUT2 (Prop_lut2_I1_O)        0.108     8.849 f  u_dcache/rr_ptr_reg_0_127_0_0_i_3/O
                         net (fo=3, unplaced)         0.365     9.214    u_dcache/rr_ptr_reg_0_127_0_0_i_3_n_0
                         LUT2 (Prop_lut2_I1_O)        0.105     9.319 r  u_dcache/m_valid[1]_i_2/O
                         net (fo=13, unplaced)        0.397     9.716    u_lsu/dc_lsu_miss
                         LUT3 (Prop_lut3_I0_O)        0.105     9.821 r  u_lsu/m_valid[0]_i_4/O
                         net (fo=3, unplaced)         0.365    10.186    u_lsu/m_valid24_out
                         LUT3 (Prop_lut3_I0_O)        0.105    10.291 r  u_lsu/m_robid[0][4]_i_1/O
                         net (fo=5, unplaced)         0.394    10.685    u_lsu/m_robid[0][4]_i_1_n_0
                         FDRE                                         r  u_lsu/m_robid_reg[0][4]/CE
  -------------------------------------------------------------------    -------------------

                         (clock cpu_clk rise edge)   11.111    11.111 r  
                                                      0.000    11.111 r  aclk (IN)
                         net (fo=34009, unset)        0.748    11.859    u_lsu/aclk
                         FDRE                                         r  u_lsu/m_robid_reg[0][4]/C
                         clock pessimism              0.000    11.859    
                         clock uncertainty           -0.035    11.823    
                         FDRE (Setup_fdre_C_CE)      -0.165    11.658    u_lsu/m_robid_reg[0][4]
  -------------------------------------------------------------------
                         required time                         11.658    
                         arrival time                         -10.685    
  -------------------------------------------------------------------
                         slack                                  0.973    

Slack (MET) :             0.986ns  (required time - arrival time)
  Source:                 u_fu_alu1/ex_robid_reg[0]/C
                            (rising edge-triggered cell FDRE clocked by cpu_clk  {rise@0.000ns fall@5.556ns period=11.111ns})
  Destination:            u_lsu/q_vaddr_reg[28]/D
                            (rising edge-triggered cell FDRE clocked by cpu_clk  {rise@0.000ns fall@5.556ns period=11.111ns})
  Path Group:             cpu_clk
  Path Type:              Setup (Max at Slow Process Corner)
  Requirement:            11.111ns  (cpu_clk rise@11.111ns - cpu_clk rise@0.000ns)
  Data Path Delay:        10.109ns  (logic 3.492ns (34.543%)  route 6.617ns (65.457%))
  Logic Levels:           20  (CARRY4=8 LUT3=1 LUT4=1 LUT5=1 LUT6=7 MUXF7=1 MUXF8=1)
  Clock Path Skew:        -0.039ns (DCD - SCD + CPR)
    Destination Clock Delay (DCD):    0.748ns = ( 11.859 - 11.111 ) 
    Source Clock Delay      (SCD):    0.787ns
    Clock Pessimism Removal (CPR):    0.000ns
  Clock Uncertainty:      0.035ns  ((TSJ^2 + TIJ^2)^1/2 + DJ) / 2 + PE
    Total System Jitter     (TSJ):    0.071ns
    Total Input Jitter      (TIJ):    0.000ns
    Discrete Jitter          (DJ):    0.000ns
    Phase Error              (PE):    0.000ns

    Location             Delay type                Incr(ns)  Path(ns)    Netlist Resource(s)
  -------------------------------------------------------------------    -------------------
                         (clock cpu_clk rise edge)    0.000     0.000 r  
                                                      0.000     0.000 r  aclk (IN)
                         net (fo=34009, unset)        0.787     0.787    u_fu_alu1/aclk
                         FDRE                                         r  u_fu_alu1/ex_robid_reg[0]/C
  -------------------------------------------------------------------    -------------------
                         FDRE (Prop_fdre_C_Q)         0.379     1.166 r  u_fu_alu1/ex_robid_reg[0]/Q
                         net (fo=116, unplaced)       0.882     2.048    u_fu_alu1/wb_robid_o[0]
                         LUT6 (Prop_lut6_I0_O)        0.232     2.280 r  u_fu_alu1/s0_val[1][31]_i_19/O
                         net (fo=2, unplaced)         0.793     3.073    u_fu_alu1/s0_val[1][31]_i_19_n_0
                         LUT6 (Prop_lut6_I0_O)        0.105     3.178 f  u_fu_alu1/q_wdata[31]_i_94/O
                         net (fo=1, unplaced)         0.582     3.760    u_rs_mem/head[2]_i_21_0
                         LUT6 (Prop_lut6_I0_O)        0.105     3.865 r  u_rs_mem/q_wdata[31]_i_69/O
                         net (fo=2, unplaced)         0.539     4.404    u_rs_mem/q_wdata[31]_i_69_n_0
                         LUT6 (Prop_lut6_I0_O)        0.105     4.509 r  u_rs_mem/q_wdata[31]_i_33/O
                         net (fo=1, unplaced)         0.582     5.091    u_rs_mem/q_wdata[31]_i_33_n_0
                         LUT6 (Prop_lut6_I5_O)        0.105     5.196 r  u_rs_mem/q_wdata[31]_i_13/O
                         net (fo=6, unplaced)         0.379     5.575    u_rs_mem/q_wdata[31]_i_13_n_0
                         LUT6 (Prop_lut6_I2_O)        0.105     5.680 f  u_rs_mem/head[2]_i_3/O
                         net (fo=8, unplaced)         0.620     6.300    u_rs_mem/head[2]_i_3_n_0
                         LUT6 (Prop_lut6_I1_O)        0.105     6.405 r  u_rs_mem/q_cacop_op[4]_i_8/O
                         net (fo=12, unplaced)        0.395     6.800    u_rs_mem/q_cacop_op[4]_i_8_n_0
                         LUT3 (Prop_lut3_I1_O)        0.105     6.905 r  u_rs_mem/q_vaddr[31]_i_26/O
                         net (fo=168, unplaced)       0.460     7.365    u_rs_mem/head_reg[0]_5
                         LUT4 (Prop_lut4_I2_O)        0.105     7.470 r  u_rs_mem/q_vaddr[31]_i_47/O
                         net (fo=1, unplaced)         0.347     7.817    u_rs_mem/q_vaddr[31]_i_47_n_0
                         LUT5 (Prop_lut5_I4_O)        0.105     7.922 r  u_rs_mem/q_vaddr[31]_i_30/O
                         net (fo=1, unplaced)         0.000     7.922    u_rs_mem/q_vaddr[31]_i_30_n_0
                         MUXF7 (Prop_muxf7_I1_O)      0.206     8.128 r  u_rs_mem/q_vaddr_reg[31]_i_11/O
                         net (fo=32, unplaced)        0.610     8.738    u_rs_mem/q_vaddr_reg[31]_i_11_n_0
                         MUXF8 (Prop_muxf8_S_O)       0.361     9.099 r  u_rs_mem/q_vaddr_reg[3]_i_5/O
                         net (fo=3, unplaced)         0.420     9.519    u_lsu/rsm_issue_base[0]
                         CARRY4 (Prop_carry4_DI[0]_CO[3])
                                                      0.590    10.109 r  u_lsu/q_vaddr_reg[3]_i_1/CO[3]
                         net (fo=1, unplaced)         0.008    10.117    u_lsu/q_vaddr_reg[3]_i_1_n_0
                         CARRY4 (Prop_carry4_CI_CO[3])
                                                      0.098    10.215 r  u_lsu/q_vaddr_reg[7]_i_1/CO[3]
                         net (fo=1, unplaced)         0.000    10.215    u_lsu/q_vaddr_reg[7]_i_1_n_0
                         CARRY4 (Prop_carry4_CI_CO[3])
                                                      0.098    10.313 r  u_lsu/q_vaddr_reg[11]_i_1/CO[3]
                         net (fo=1, unplaced)         0.000    10.313    u_lsu/q_vaddr_reg[11]_i_1_n_0
                         CARRY4 (Prop_carry4_CI_CO[3])
                                                      0.098    10.411 r  u_lsu/q_vaddr_reg[15]_i_1/CO[3]
                         net (fo=1, unplaced)         0.000    10.411    u_lsu/q_vaddr_reg[15]_i_1_n_0
                         CARRY4 (Prop_carry4_CI_CO[3])
                                                      0.098    10.509 r  u_lsu/q_vaddr_reg[19]_i_1/CO[3]
                         net (fo=1, unplaced)         0.000    10.509    u_lsu/q_vaddr_reg[19]_i_1_n_0
                         CARRY4 (Prop_carry4_CI_CO[3])
                                                      0.098    10.607 r  u_lsu/q_vaddr_reg[23]_i_1/CO[3]
                         net (fo=1, unplaced)         0.000    10.607    u_lsu/q_vaddr_reg[23]_i_1_n_0
                         CARRY4 (Prop_carry4_CI_CO[3])
                                                      0.098    10.705 r  u_lsu/q_vaddr_reg[27]_i_1/CO[3]
                         net (fo=1, unplaced)         0.000    10.705    u_lsu/q_vaddr_reg[27]_i_1_n_0
                         CARRY4 (Prop_carry4_CI_O[0])
                                                      0.191    10.896 r  u_lsu/q_vaddr_reg[31]_i_1/O[0]
                         net (fo=1, unplaced)         0.000    10.896    u_lsu/q_vaddr_reg[31]_i_1_n_7
                         FDRE                                         r  u_lsu/q_vaddr_reg[28]/D
  -------------------------------------------------------------------    -------------------

                         (clock cpu_clk rise edge)   11.111    11.111 r  
                                                      0.000    11.111 r  aclk (IN)
                         net (fo=34009, unset)        0.748    11.859    u_lsu/aclk
                         FDRE                                         r  u_lsu/q_vaddr_reg[28]/C
                         clock pessimism              0.000    11.859    
                         clock uncertainty           -0.035    11.823    
                         FDRE (Setup_fdre_C_D)        0.059    11.882    u_lsu/q_vaddr_reg[28]
  -------------------------------------------------------------------
                         required time                         11.882    
                         arrival time                         -10.896    
  -------------------------------------------------------------------
                         slack                                  0.986    





Pulse Width Checks
--------------------------------------------------------------------------------------
Clock Name:         cpu_clk
Waveform(ns):       { 0.000 5.556 }
Period(ns):         11.111
Sources:            { aclk }

Check Type        Corner  Lib Pin             Reference Pin  Required(ns)  Actual(ns)  Slack(ns)  Location  Pin
Min Period        n/a     DSP48E1/CLK         n/a            3.272         11.111      7.839                u_fu_mdu/u_mul/prod_r_reg/CLK
Min Period        n/a     DSP48E1/CLK         n/a            3.272         11.111      7.839                u_fu_mdu/u_mul/prod_r_reg__0/CLK
Min Period        n/a     RAMB36E1/CLKARDCLK  n/a            2.472         11.111      8.639                u_bpu/u_ftb/gen_ftb_way[0].u_way/mem_reg_0/CLKARDCLK
Min Period        n/a     RAMB36E1/CLKARDCLK  n/a            2.472         11.111      8.639                u_bpu/u_ftb/gen_ftb_way[0].u_way/mem_reg_1/CLKARDCLK
Min Period        n/a     RAMB36E1/CLKARDCLK  n/a            2.472         11.111      8.639                u_bpu/u_ftb/gen_ftb_way[0].u_way/mem_reg_2/CLKARDCLK
Min Period        n/a     RAMB36E1/CLKARDCLK  n/a            2.472         11.111      8.639                u_bpu/u_ftb/gen_ftb_way[0].u_way/mem_reg_3/CLKARDCLK
Min Period        n/a     RAMB36E1/CLKARDCLK  n/a            2.472         11.111      8.639                u_bpu/u_ftb/gen_ftb_way[0].u_way/mem_reg_4/CLKARDCLK
Min Period        n/a     RAMB36E1/CLKARDCLK  n/a            2.472         11.111      8.639                u_bpu/u_ftb/gen_ftb_way[1].u_way/mem_reg_0/CLKARDCLK
Min Period        n/a     RAMB36E1/CLKARDCLK  n/a            2.472         11.111      8.639                u_bpu/u_ftb/gen_ftb_way[1].u_way/mem_reg_1/CLKARDCLK
Min Period        n/a     RAMB36E1/CLKARDCLK  n/a            2.472         11.111      8.639                u_bpu/u_ftb/gen_ftb_way[1].u_way/mem_reg_2/CLKARDCLK
Min Period        n/a     RAMB36E1/CLKARDCLK  n/a            2.472         11.111      8.639                u_bpu/u_ftb/gen_ftb_way[1].u_way/mem_reg_3/CLKARDCLK
Min Period        n/a     RAMB36E1/CLKARDCLK  n/a            2.472         11.111      8.639                u_bpu/u_ftb/gen_ftb_way[1].u_way/mem_reg_4/CLKARDCLK
Min Period        n/a     RAMB36E1/CLKARDCLK  n/a            2.472         11.111      8.639                u_bpu/u_ftb/gen_ftb_way[2].u_way/mem_reg_0/CLKARDCLK
Min Period        n/a     RAMB36E1/CLKARDCLK  n/a            2.472         11.111      8.639                u_bpu/u_ftb/gen_ftb_way[2].u_way/mem_reg_1/CLKARDCLK
Min Period        n/a     RAMB36E1/CLKARDCLK  n/a            2.472         11.111      8.639                u_bpu/u_ftb/gen_ftb_way[2].u_way/mem_reg_2/CLKARDCLK
Min Period        n/a     RAMB36E1/CLKARDCLK  n/a            2.472         11.111      8.639                u_bpu/u_ftb/gen_ftb_way[2].u_way/mem_reg_3/CLKARDCLK
Min Period        n/a     RAMB36E1/CLKARDCLK  n/a            2.472         11.111      8.639                u_bpu/u_ftb/gen_ftb_way[2].u_way/mem_reg_4/CLKARDCLK
Min Period        n/a     RAMB36E1/CLKARDCLK  n/a            2.472         11.111      8.639                u_bpu/u_ftb/gen_ftb_way[3].u_way/mem_reg_0/CLKARDCLK
Min Period        n/a     RAMB36E1/CLKARDCLK  n/a            2.472         11.111      8.639                u_bpu/u_ftb/gen_ftb_way[3].u_way/mem_reg_1/CLKARDCLK
Min Period        n/a     RAMB36E1/CLKARDCLK  n/a            2.472         11.111      8.639                u_bpu/u_ftb/gen_ftb_way[3].u_way/mem_reg_2/CLKARDCLK
Min Period        n/a     RAMB36E1/CLKARDCLK  n/a            2.472         11.111      8.639                u_bpu/u_ftb/gen_ftb_way[3].u_way/mem_reg_3/CLKARDCLK
Min Period        n/a     RAMB36E1/CLKARDCLK  n/a            2.472         11.111      8.639                u_bpu/u_ftb/gen_ftb_way[3].u_way/mem_reg_4/CLKARDCLK
Min Period        n/a     RAMB18E1/CLKARDCLK  n/a            2.472         11.111      8.639                u_bpu/u_tage/gen_ttab[0].u_ttab/q_mem_reg/CLKARDCLK
Min Period        n/a     RAMB18E1/CLKARDCLK  n/a            2.472         11.111      8.639                u_bpu/u_tage/gen_ttab[0].u_ttab/t_mem_reg/CLKARDCLK
Min Period        n/a     RAMB18E1/CLKARDCLK  n/a            2.472         11.111      8.639                u_bpu/u_tage/gen_ttab[1].u_ttab/q_mem_reg/CLKARDCLK
Min Period        n/a     RAMB18E1/CLKARDCLK  n/a            2.472         11.111      8.639                u_bpu/u_tage/gen_ttab[1].u_ttab/t_mem_reg/CLKARDCLK
Min Period        n/a     RAMB18E1/CLKARDCLK  n/a            2.472         11.111      8.639                u_bpu/u_tage/gen_ttab[2].u_ttab/q_mem_reg/CLKARDCLK
Min Period        n/a     RAMB18E1/CLKARDCLK  n/a            2.472         11.111      8.639                u_bpu/u_tage/gen_ttab[2].u_ttab/t_mem_reg/CLKARDCLK
Min Period        n/a     RAMB18E1/CLKARDCLK  n/a            2.472         11.111      8.639                u_bpu/u_tage/gen_ttab[3].u_ttab/q_mem_reg/CLKARDCLK
Min Period        n/a     RAMB18E1/CLKARDCLK  n/a            2.472         11.111      8.639                u_bpu/u_tage/gen_ttab[3].u_ttab/t_mem_reg/CLKARDCLK
Min Period        n/a     RAMB18E1/CLKARDCLK  n/a            2.472         11.111      8.639                u_bpu/u_tage/u_base/q_mem_reg/CLKARDCLK
Min Period        n/a     RAMB36E1/CLKBWRCLK  n/a            2.170         11.111      8.941                u_bpu/u_ftb/gen_ftb_way[0].u_way/mem_reg_0/CLKBWRCLK
Min Period        n/a     RAMB36E1/CLKBWRCLK  n/a            2.170         11.111      8.941                u_bpu/u_ftb/gen_ftb_way[0].u_way/mem_reg_1/CLKBWRCLK
Min Period        n/a     RAMB36E1/CLKBWRCLK  n/a            2.170         11.111      8.941                u_bpu/u_ftb/gen_ftb_way[0].u_way/mem_reg_2/CLKBWRCLK
Min Period        n/a     RAMB36E1/CLKBWRCLK  n/a            2.170         11.111      8.941                u_bpu/u_ftb/gen_ftb_way[0].u_way/mem_reg_3/CLKBWRCLK
Min Period        n/a     RAMB36E1/CLKBWRCLK  n/a            2.170         11.111      8.941                u_bpu/u_ftb/gen_ftb_way[0].u_way/mem_reg_4/CLKBWRCLK
Min Period        n/a     RAMB36E1/CLKBWRCLK  n/a            2.170         11.111      8.941                u_bpu/u_ftb/gen_ftb_way[1].u_way/mem_reg_0/CLKBWRCLK
Min Period        n/a     RAMB36E1/CLKBWRCLK  n/a            2.170         11.111      8.941                u_bpu/u_ftb/gen_ftb_way[1].u_way/mem_reg_1/CLKBWRCLK
Min Period        n/a     RAMB36E1/CLKBWRCLK  n/a            2.170         11.111      8.941                u_bpu/u_ftb/gen_ftb_way[1].u_way/mem_reg_2/CLKBWRCLK
Min Period        n/a     RAMB36E1/CLKBWRCLK  n/a            2.170         11.111      8.941                u_bpu/u_ftb/gen_ftb_way[1].u_way/mem_reg_3/CLKBWRCLK
Min Period        n/a     RAMB36E1/CLKBWRCLK  n/a            2.170         11.111      8.941                u_bpu/u_ftb/gen_ftb_way[1].u_way/mem_reg_4/CLKBWRCLK
Min Period        n/a     RAMB36E1/CLKBWRCLK  n/a            2.170         11.111      8.941                u_bpu/u_ftb/gen_ftb_way[2].u_way/mem_reg_0/CLKBWRCLK
Min Period        n/a     RAMB36E1/CLKBWRCLK  n/a            2.170         11.111      8.941                u_bpu/u_ftb/gen_ftb_way[2].u_way/mem_reg_1/CLKBWRCLK
Min Period        n/a     RAMB36E1/CLKBWRCLK  n/a            2.170         11.111      8.941                u_bpu/u_ftb/gen_ftb_way[2].u_way/mem_reg_2/CLKBWRCLK
Min Period        n/a     RAMB36E1/CLKBWRCLK  n/a            2.170         11.111      8.941                u_bpu/u_ftb/gen_ftb_way[2].u_way/mem_reg_3/CLKBWRCLK
Min Period        n/a     RAMB36E1/CLKBWRCLK  n/a            2.170         11.111      8.941                u_bpu/u_ftb/gen_ftb_way[2].u_way/mem_reg_4/CLKBWRCLK
Min Period        n/a     RAMB36E1/CLKBWRCLK  n/a            2.170         11.111      8.941                u_bpu/u_ftb/gen_ftb_way[3].u_way/mem_reg_0/CLKBWRCLK
Min Period        n/a     RAMB36E1/CLKBWRCLK  n/a            2.170         11.111      8.941                u_bpu/u_ftb/gen_ftb_way[3].u_way/mem_reg_1/CLKBWRCLK
Min Period        n/a     RAMB36E1/CLKBWRCLK  n/a            2.170         11.111      8.941                u_bpu/u_ftb/gen_ftb_way[3].u_way/mem_reg_2/CLKBWRCLK
Min Period        n/a     RAMB36E1/CLKBWRCLK  n/a            2.170         11.111      8.941                u_bpu/u_ftb/gen_ftb_way[3].u_way/mem_reg_3/CLKBWRCLK
Min Period        n/a     RAMB36E1/CLKBWRCLK  n/a            2.170         11.111      8.941                u_bpu/u_ftb/gen_ftb_way[3].u_way/mem_reg_4/CLKBWRCLK
Min Period        n/a     RAMB18E1/CLKBWRCLK  n/a            2.170         11.111      8.941                u_bpu/u_tage/gen_ttab[0].u_ttab/q_mem_reg/CLKBWRCLK
Min Period        n/a     RAMB18E1/CLKBWRCLK  n/a            2.170         11.111      8.941                u_bpu/u_tage/gen_ttab[0].u_ttab/t_mem_reg/CLKBWRCLK
Min Period        n/a     RAMB18E1/CLKBWRCLK  n/a            2.170         11.111      8.941                u_bpu/u_tage/gen_ttab[1].u_ttab/q_mem_reg/CLKBWRCLK
Min Period        n/a     RAMB18E1/CLKBWRCLK  n/a            2.170         11.111      8.941                u_bpu/u_tage/gen_ttab[1].u_ttab/t_mem_reg/CLKBWRCLK
Min Period        n/a     RAMB18E1/CLKBWRCLK  n/a            2.170         11.111      8.941                u_bpu/u_tage/gen_ttab[2].u_ttab/q_mem_reg/CLKBWRCLK
Min Period        n/a     RAMB18E1/CLKBWRCLK  n/a            2.170         11.111      8.941                u_bpu/u_tage/gen_ttab[2].u_ttab/t_mem_reg/CLKBWRCLK
Min Period        n/a     RAMB18E1/CLKBWRCLK  n/a            2.170         11.111      8.941                u_bpu/u_tage/gen_ttab[3].u_ttab/q_mem_reg/CLKBWRCLK
Min Period        n/a     RAMB18E1/CLKBWRCLK  n/a            2.170         11.111      8.941                u_bpu/u_tage/gen_ttab[3].u_ttab/t_mem_reg/CLKBWRCLK
Min Period        n/a     RAMB18E1/CLKBWRCLK  n/a            2.170         11.111      8.941                u_bpu/u_tage/u_base/q_mem_reg/CLKBWRCLK
Min Period        n/a     RAMB36E1/CLKARDCLK  n/a            2.170         11.111      8.941                u_dcache/gen_dram[0].u_way_ram/mem_reg_0/CLKARDCLK
Min Period        n/a     RAMB36E1/CLKBWRCLK  n/a            2.170         11.111      8.941                u_dcache/gen_dram[0].u_way_ram/mem_reg_0/CLKBWRCLK
Min Period        n/a     RAMB36E1/CLKARDCLK  n/a            2.170         11.111      8.941                u_dcache/gen_dram[0].u_way_ram/mem_reg_1/CLKARDCLK
Min Period        n/a     RAMB36E1/CLKBWRCLK  n/a            2.170         11.111      8.941                u_dcache/gen_dram[0].u_way_ram/mem_reg_1/CLKBWRCLK
Min Period        n/a     RAMB36E1/CLKARDCLK  n/a            2.170         11.111      8.941                u_dcache/gen_dram[0].u_way_ram/mem_reg_2/CLKARDCLK
Min Period        n/a     RAMB36E1/CLKBWRCLK  n/a            2.170         11.111      8.941                u_dcache/gen_dram[0].u_way_ram/mem_reg_2/CLKBWRCLK
Min Period        n/a     RAMB36E1/CLKARDCLK  n/a            2.170         11.111      8.941                u_dcache/gen_dram[0].u_way_ram/mem_reg_3/CLKARDCLK
Min Period        n/a     RAMB36E1/CLKBWRCLK  n/a            2.170         11.111      8.941                u_dcache/gen_dram[0].u_way_ram/mem_reg_3/CLKBWRCLK
Min Period        n/a     RAMB36E1/CLKARDCLK  n/a            2.170         11.111      8.941                u_dcache/gen_dram[1].u_way_ram/mem_reg_0/CLKARDCLK
Min Period        n/a     RAMB36E1/CLKBWRCLK  n/a            2.170         11.111      8.941                u_dcache/gen_dram[1].u_way_ram/mem_reg_0/CLKBWRCLK
Min Period        n/a     RAMB36E1/CLKARDCLK  n/a            2.170         11.111      8.941                u_dcache/gen_dram[1].u_way_ram/mem_reg_1/CLKARDCLK
Min Period        n/a     RAMB36E1/CLKBWRCLK  n/a            2.170         11.111      8.941                u_dcache/gen_dram[1].u_way_ram/mem_reg_1/CLKBWRCLK
Min Period        n/a     RAMB36E1/CLKARDCLK  n/a            2.170         11.111      8.941                u_dcache/gen_dram[1].u_way_ram/mem_reg_2/CLKARDCLK
Min Period        n/a     RAMB36E1/CLKBWRCLK  n/a            2.170         11.111      8.941                u_dcache/gen_dram[1].u_way_ram/mem_reg_2/CLKBWRCLK
Min Period        n/a     RAMB36E1/CLKARDCLK  n/a            2.170         11.111      8.941                u_dcache/gen_dram[1].u_way_ram/mem_reg_3/CLKARDCLK
Min Period        n/a     RAMB36E1/CLKBWRCLK  n/a            2.170         11.111      8.941                u_dcache/gen_dram[1].u_way_ram/mem_reg_3/CLKBWRCLK
Min Period        n/a     RAMB36E1/CLKARDCLK  n/a            2.170         11.111      8.941                u_dcache/gen_dram[2].u_way_ram/mem_reg_0/CLKARDCLK
Min Period        n/a     RAMB36E1/CLKBWRCLK  n/a            2.170         11.111      8.941                u_dcache/gen_dram[2].u_way_ram/mem_reg_0/CLKBWRCLK
Min Period        n/a     RAMB36E1/CLKARDCLK  n/a            2.170         11.111      8.941                u_dcache/gen_dram[2].u_way_ram/mem_reg_1/CLKARDCLK
Min Period        n/a     RAMB36E1/CLKBWRCLK  n/a            2.170         11.111      8.941                u_dcache/gen_dram[2].u_way_ram/mem_reg_1/CLKBWRCLK
Min Period        n/a     RAMB36E1/CLKARDCLK  n/a            2.170         11.111      8.941                u_dcache/gen_dram[2].u_way_ram/mem_reg_2/CLKARDCLK
Min Period        n/a     RAMB36E1/CLKBWRCLK  n/a            2.170         11.111      8.941                u_dcache/gen_dram[2].u_way_ram/mem_reg_2/CLKBWRCLK
Min Period        n/a     RAMB36E1/CLKARDCLK  n/a            2.170         11.111      8.941                u_dcache/gen_dram[2].u_way_ram/mem_reg_3/CLKARDCLK
Min Period        n/a     RAMB36E1/CLKBWRCLK  n/a            2.170         11.111      8.941                u_dcache/gen_dram[2].u_way_ram/mem_reg_3/CLKBWRCLK
Min Period        n/a     RAMB36E1/CLKARDCLK  n/a            2.170         11.111      8.941                u_dcache/gen_dram[3].u_way_ram/mem_reg_0/CLKARDCLK
Min Period        n/a     RAMB36E1/CLKBWRCLK  n/a            2.170         11.111      8.941                u_dcache/gen_dram[3].u_way_ram/mem_reg_0/CLKBWRCLK
Min Period        n/a     RAMB36E1/CLKARDCLK  n/a            2.170         11.111      8.941                u_dcache/gen_dram[3].u_way_ram/mem_reg_1/CLKARDCLK
Min Period        n/a     RAMB36E1/CLKBWRCLK  n/a            2.170         11.111      8.941                u_dcache/gen_dram[3].u_way_ram/mem_reg_1/CLKBWRCLK
Min Period        n/a     RAMB36E1/CLKARDCLK  n/a            2.170         11.111      8.941                u_dcache/gen_dram[3].u_way_ram/mem_reg_2/CLKARDCLK
Min Period        n/a     RAMB36E1/CLKBWRCLK  n/a            2.170         11.111      8.941                u_dcache/gen_dram[3].u_way_ram/mem_reg_2/CLKBWRCLK
Min Period        n/a     RAMB36E1/CLKARDCLK  n/a            2.170         11.111      8.941                u_dcache/gen_dram[3].u_way_ram/mem_reg_3/CLKARDCLK
Min Period        n/a     RAMB36E1/CLKBWRCLK  n/a            2.170         11.111      8.941                u_dcache/gen_dram[3].u_way_ram/mem_reg_3/CLKBWRCLK
Min Period        n/a     RAMB36E1/CLKARDCLK  n/a            2.170         11.111      8.941                u_icache/gen_iram[0].u_way_ram/mem_reg_0/CLKARDCLK
Min Period        n/a     RAMB36E1/CLKBWRCLK  n/a            2.170         11.111      8.941                u_icache/gen_iram[0].u_way_ram/mem_reg_0/CLKBWRCLK
Min Period        n/a     RAMB36E1/CLKARDCLK  n/a            2.170         11.111      8.941                u_icache/gen_iram[0].u_way_ram/mem_reg_1/CLKARDCLK
Min Period        n/a     RAMB36E1/CLKBWRCLK  n/a            2.170         11.111      8.941                u_icache/gen_iram[0].u_way_ram/mem_reg_1/CLKBWRCLK
Min Period        n/a     RAMB36E1/CLKARDCLK  n/a            2.170         11.111      8.941                u_icache/gen_iram[0].u_way_ram/mem_reg_2/CLKARDCLK
Min Period        n/a     RAMB36E1/CLKBWRCLK  n/a            2.170         11.111      8.941                u_icache/gen_iram[0].u_way_ram/mem_reg_2/CLKBWRCLK
Min Period        n/a     RAMB36E1/CLKARDCLK  n/a            2.170         11.111      8.941                u_icache/gen_iram[0].u_way_ram/mem_reg_3/CLKARDCLK
Min Period        n/a     RAMB36E1/CLKBWRCLK  n/a            2.170         11.111      8.941                u_icache/gen_iram[0].u_way_ram/mem_reg_3/CLKBWRCLK
Low Pulse Width   Slow    RAMD32/CLK          n/a            1.130         5.556       4.425                u_bpu/predec_q_btype_reg_r1_0_1_0_0/DP/CLK
Low Pulse Width   Fast    RAMD32/CLK          n/a            1.130         5.556       4.425                u_bpu/predec_q_btype_reg_r1_0_1_0_0/DP/CLK
Low Pulse Width   Slow    RAMD32/CLK          n/a            1.130         5.556       4.425                u_bpu/predec_q_btype_reg_r1_0_1_0_0/SP/CLK
Low Pulse Width   Fast    RAMD32/CLK          n/a            1.130         5.556       4.425                u_bpu/predec_q_btype_reg_r1_0_1_0_0/SP/CLK
Low Pulse Width   Slow    RAMD32/CLK          n/a            1.130         5.556       4.425                u_bpu/predec_q_btype_reg_r1_0_1_1_1/DP/CLK
Low Pulse Width   Fast    RAMD32/CLK          n/a            1.130         5.556       4.425                u_bpu/predec_q_btype_reg_r1_0_1_1_1/DP/CLK
Low Pulse Width   Slow    RAMD32/CLK          n/a            1.130         5.556       4.425                u_bpu/predec_q_btype_reg_r1_0_1_1_1/SP/CLK
Low Pulse Width   Fast    RAMD32/CLK          n/a            1.130         5.556       4.425                u_bpu/predec_q_btype_reg_r1_0_1_1_1/SP/CLK
Low Pulse Width   Slow    RAMD32/CLK          n/a            1.130         5.556       4.425                u_bpu/predec_q_btype_reg_r2_0_1_0_0/DP/CLK
Low Pulse Width   Fast    RAMD32/CLK          n/a            1.130         5.556       4.425                u_bpu/predec_q_btype_reg_r2_0_1_0_0/DP/CLK
Low Pulse Width   Slow    RAMD32/CLK          n/a            1.130         5.556       4.425                u_bpu/predec_q_btype_reg_r2_0_1_0_0/SP/CLK
Low Pulse Width   Fast    RAMD32/CLK          n/a            1.130         5.556       4.425                u_bpu/predec_q_btype_reg_r2_0_1_0_0/SP/CLK
Low Pulse Width   Slow    RAMD32/CLK          n/a            1.130         5.556       4.425                u_bpu/predec_q_btype_reg_r2_0_1_1_1/DP/CLK
Low Pulse Width   Fast    RAMD32/CLK          n/a            1.130         5.556       4.425                u_bpu/predec_q_btype_reg_r2_0_1_1_1/DP/CLK
Low Pulse Width   Slow    RAMD32/CLK          n/a            1.130         5.556       4.425                u_bpu/predec_q_btype_reg_r2_0_1_1_1/SP/CLK
Low Pulse Width   Fast    RAMD32/CLK          n/a            1.130         5.556       4.425                u_bpu/predec_q_btype_reg_r2_0_1_1_1/SP/CLK
Low Pulse Width   Slow    RAMD32/CLK          n/a            1.130         5.556       4.425                u_bpu/predec_q_pc_reg_r1_0_1_0_5/RAMA/CLK
Low Pulse Width   Fast    RAMD32/CLK          n/a            1.130         5.556       4.425                u_bpu/predec_q_pc_reg_r1_0_1_0_5/RAMA/CLK
Low Pulse Width   Slow    RAMD32/CLK          n/a            1.130         5.556       4.425                u_bpu/predec_q_pc_reg_r1_0_1_0_5/RAMA_D1/CLK
Low Pulse Width   Fast    RAMD32/CLK          n/a            1.130         5.556       4.425                u_bpu/predec_q_pc_reg_r1_0_1_0_5/RAMA_D1/CLK
Low Pulse Width   Slow    RAMD32/CLK          n/a            1.130         5.556       4.425                u_bpu/predec_q_pc_reg_r1_0_1_0_5/RAMB/CLK
Low Pulse Width   Fast    RAMD32/CLK          n/a            1.130         5.556       4.425                u_bpu/predec_q_pc_reg_r1_0_1_0_5/RAMB/CLK
Low Pulse Width   Slow    RAMD32/CLK          n/a            1.130         5.556       4.425                u_bpu/predec_q_pc_reg_r1_0_1_0_5/RAMB_D1/CLK
Low Pulse Width   Fast    RAMD32/CLK          n/a            1.130         5.556       4.425                u_bpu/predec_q_pc_reg_r1_0_1_0_5/RAMB_D1/CLK
Low Pulse Width   Slow    RAMD32/CLK          n/a            1.130         5.556       4.425                u_bpu/predec_q_pc_reg_r1_0_1_0_5/RAMC/CLK
Low Pulse Width   Fast    RAMD32/CLK          n/a            1.130         5.556       4.425                u_bpu/predec_q_pc_reg_r1_0_1_0_5/RAMC/CLK
Low Pulse Width   Slow    RAMD32/CLK          n/a            1.130         5.556       4.425                u_bpu/predec_q_pc_reg_r1_0_1_0_5/RAMC_D1/CLK
Low Pulse Width   Fast    RAMD32/CLK          n/a            1.130         5.556       4.425                u_bpu/predec_q_pc_reg_r1_0_1_0_5/RAMC_D1/CLK
Low Pulse Width   Slow    RAMS32/CLK          n/a            1.130         5.556       4.425                u_bpu/predec_q_pc_reg_r1_0_1_0_5/RAMD/CLK
Low Pulse Width   Fast    RAMS32/CLK          n/a            1.130         5.556       4.425                u_bpu/predec_q_pc_reg_r1_0_1_0_5/RAMD/CLK
Low Pulse Width   Slow    RAMS32/CLK          n/a            1.130         5.556       4.425                u_bpu/predec_q_pc_reg_r1_0_1_0_5/RAMD_D1/CLK
Low Pulse Width   Fast    RAMS32/CLK          n/a            1.130         5.556       4.425                u_bpu/predec_q_pc_reg_r1_0_1_0_5/RAMD_D1/CLK
Low Pulse Width   Slow    RAMD32/CLK          n/a            1.130         5.556       4.425                u_bpu/predec_q_pc_reg_r1_0_1_12_17/RAMA/CLK
Low Pulse Width   Fast    RAMD32/CLK          n/a            1.130         5.556       4.425                u_bpu/predec_q_pc_reg_r1_0_1_12_17/RAMA/CLK
Low Pulse Width   Slow    RAMD32/CLK          n/a            1.130         5.556       4.425                u_bpu/predec_q_pc_reg_r1_0_1_12_17/RAMA_D1/CLK
Low Pulse Width   Fast    RAMD32/CLK          n/a            1.130         5.556       4.425                u_bpu/predec_q_pc_reg_r1_0_1_12_17/RAMA_D1/CLK
Low Pulse Width   Slow    RAMD32/CLK          n/a            1.130         5.556       4.425                u_bpu/predec_q_pc_reg_r1_0_1_12_17/RAMB/CLK
Low Pulse Width   Fast    RAMD32/CLK          n/a            1.130         5.556       4.425                u_bpu/predec_q_pc_reg_r1_0_1_12_17/RAMB/CLK
Low Pulse Width   Slow    RAMD32/CLK          n/a            1.130         5.556       4.425                u_bpu/predec_q_pc_reg_r1_0_1_12_17/RAMB_D1/CLK
Low Pulse Width   Fast    RAMD32/CLK          n/a            1.130         5.556       4.425                u_bpu/predec_q_pc_reg_r1_0_1_12_17/RAMB_D1/CLK
Low Pulse Width   Slow    RAMD32/CLK          n/a            1.130         5.556       4.425                u_bpu/predec_q_pc_reg_r1_0_1_12_17/RAMC/CLK
Low Pulse Width   Fast    RAMD32/CLK          n/a            1.130         5.556       4.425                u_bpu/predec_q_pc_reg_r1_0_1_12_17/RAMC/CLK
Low Pulse Width   Slow    RAMD32/CLK          n/a            1.130         5.556       4.425                u_bpu/predec_q_pc_reg_r1_0_1_12_17/RAMC_D1/CLK
Low Pulse Width   Fast    RAMD32/CLK          n/a            1.130         5.556       4.425                u_bpu/predec_q_pc_reg_r1_0_1_12_17/RAMC_D1/CLK
Low Pulse Width   Slow    RAMS32/CLK          n/a            1.130         5.556       4.425                u_bpu/predec_q_pc_reg_r1_0_1_12_17/RAMD/CLK
Low Pulse Width   Fast    RAMS32/CLK          n/a            1.130         5.556       4.425                u_bpu/predec_q_pc_reg_r1_0_1_12_17/RAMD/CLK
Low Pulse Width   Slow    RAMS32/CLK          n/a            1.130         5.556       4.425                u_bpu/predec_q_pc_reg_r1_0_1_12_17/RAMD_D1/CLK
Low Pulse Width   Fast    RAMS32/CLK          n/a            1.130         5.556       4.425                u_bpu/predec_q_pc_reg_r1_0_1_12_17/RAMD_D1/CLK
Low Pulse Width   Slow    RAMD32/CLK          n/a            1.130         5.556       4.425                u_bpu/predec_q_pc_reg_r1_0_1_18_23/RAMA/CLK
Low Pulse Width   Fast    RAMD32/CLK          n/a            1.130         5.556       4.425                u_bpu/predec_q_pc_reg_r1_0_1_18_23/RAMA/CLK
Low Pulse Width   Slow    RAMD32/CLK          n/a            1.130         5.556       4.425                u_bpu/predec_q_pc_reg_r1_0_1_18_23/RAMA_D1/CLK
Low Pulse Width   Fast    RAMD32/CLK          n/a            1.130         5.556       4.425                u_bpu/predec_q_pc_reg_r1_0_1_18_23/RAMA_D1/CLK
Low Pulse Width   Slow    RAMD32/CLK          n/a            1.130         5.556       4.425                u_bpu/predec_q_pc_reg_r1_0_1_18_23/RAMB/CLK
Low Pulse Width   Fast    RAMD32/CLK          n/a            1.130         5.556       4.425                u_bpu/predec_q_pc_reg_r1_0_1_18_23/RAMB/CLK
Low Pulse Width   Slow    RAMD32/CLK          n/a            1.130         5.556       4.425                u_bpu/predec_q_pc_reg_r1_0_1_18_23/RAMB_D1/CLK
Low Pulse Width   Fast    RAMD32/CLK          n/a            1.130         5.556       4.425                u_bpu/predec_q_pc_reg_r1_0_1_18_23/RAMB_D1/CLK
Low Pulse Width   Slow    RAMD32/CLK          n/a            1.130         5.556       4.425                u_bpu/predec_q_pc_reg_r1_0_1_18_23/RAMC/CLK
Low Pulse Width   Fast    RAMD32/CLK          n/a            1.130         5.556       4.425                u_bpu/predec_q_pc_reg_r1_0_1_18_23/RAMC/CLK
Low Pulse Width   Slow    RAMD32/CLK          n/a            1.130         5.556       4.425                u_bpu/predec_q_pc_reg_r1_0_1_18_23/RAMC_D1/CLK
Low Pulse Width   Fast    RAMD32/CLK          n/a            1.130         5.556       4.425                u_bpu/predec_q_pc_reg_r1_0_1_18_23/RAMC_D1/CLK
Low Pulse Width   Slow    RAMS32/CLK          n/a            1.130         5.556       4.425                u_bpu/predec_q_pc_reg_r1_0_1_18_23/RAMD/CLK
Low Pulse Width   Fast    RAMS32/CLK          n/a            1.130         5.556       4.425                u_bpu/predec_q_pc_reg_r1_0_1_18_23/RAMD/CLK
Low Pulse Width   Slow    RAMS32/CLK          n/a            1.130         5.556       4.425                u_bpu/predec_q_pc_reg_r1_0_1_18_23/RAMD_D1/CLK
Low Pulse Width   Fast    RAMS32/CLK          n/a            1.130         5.556       4.425                u_bpu/predec_q_pc_reg_r1_0_1_18_23/RAMD_D1/CLK
Low Pulse Width   Slow    RAMD32/CLK          n/a            1.130         5.556       4.425                u_bpu/predec_q_pc_reg_r1_0_1_24_29/RAMA/CLK
Low Pulse Width   Fast    RAMD32/CLK          n/a            1.130         5.556       4.425                u_bpu/predec_q_pc_reg_r1_0_1_24_29/RAMA/CLK
Low Pulse Width   Slow    RAMD32/CLK          n/a            1.130         5.556       4.425                u_bpu/predec_q_pc_reg_r1_0_1_24_29/RAMA_D1/CLK
Low Pulse Width   Fast    RAMD32/CLK          n/a            1.130         5.556       4.425                u_bpu/predec_q_pc_reg_r1_0_1_24_29/RAMA_D1/CLK
Low Pulse Width   Slow    RAMD32/CLK          n/a            1.130         5.556       4.425                u_bpu/predec_q_pc_reg_r1_0_1_24_29/RAMB/CLK
Low Pulse Width   Fast    RAMD32/CLK          n/a            1.130         5.556       4.425                u_bpu/predec_q_pc_reg_r1_0_1_24_29/RAMB/CLK
Low Pulse Width   Slow    RAMD32/CLK          n/a            1.130         5.556       4.425                u_bpu/predec_q_pc_reg_r1_0_1_24_29/RAMB_D1/CLK
Low Pulse Width   Fast    RAMD32/CLK          n/a            1.130         5.556       4.425                u_bpu/predec_q_pc_reg_r1_0_1_24_29/RAMB_D1/CLK
Low Pulse Width   Slow    RAMD32/CLK          n/a            1.130         5.556       4.425                u_bpu/predec_q_pc_reg_r1_0_1_24_29/RAMC/CLK
Low Pulse Width   Fast    RAMD32/CLK          n/a            1.130         5.556       4.425                u_bpu/predec_q_pc_reg_r1_0_1_24_29/RAMC/CLK
Low Pulse Width   Slow    RAMD32/CLK          n/a            1.130         5.556       4.425                u_bpu/predec_q_pc_reg_r1_0_1_24_29/RAMC_D1/CLK
Low Pulse Width   Fast    RAMD32/CLK          n/a            1.130         5.556       4.425                u_bpu/predec_q_pc_reg_r1_0_1_24_29/RAMC_D1/CLK
Low Pulse Width   Slow    RAMS32/CLK          n/a            1.130         5.556       4.425                u_bpu/predec_q_pc_reg_r1_0_1_24_29/RAMD/CLK
Low Pulse Width   Fast    RAMS32/CLK          n/a            1.130         5.556       4.425                u_bpu/predec_q_pc_reg_r1_0_1_24_29/RAMD/CLK
Low Pulse Width   Slow    RAMS32/CLK          n/a            1.130         5.556       4.425                u_bpu/predec_q_pc_reg_r1_0_1_24_29/RAMD_D1/CLK
Low Pulse Width   Fast    RAMS32/CLK          n/a            1.130         5.556       4.425                u_bpu/predec_q_pc_reg_r1_0_1_24_29/RAMD_D1/CLK
Low Pulse Width   Slow    RAMD32/CLK          n/a            1.130         5.556       4.425                u_bpu/predec_q_pc_reg_r1_0_1_30_31/DP/CLK
Low Pulse Width   Fast    RAMD32/CLK          n/a            1.130         5.556       4.425                u_bpu/predec_q_pc_reg_r1_0_1_30_31/DP/CLK
Low Pulse Width   Slow    RAMD32/CLK          n/a            1.130         5.556       4.425                u_bpu/predec_q_pc_reg_r1_0_1_30_31/SP/CLK
Low Pulse Width   Fast    RAMD32/CLK          n/a            1.130         5.556       4.425                u_bpu/predec_q_pc_reg_r1_0_1_30_31/SP/CLK
Low Pulse Width   Slow    RAMD32/CLK          n/a            1.130         5.556       4.425                u_bpu/predec_q_pc_reg_r1_0_1_30_31__0/DP/CLK
Low Pulse Width   Fast    RAMD32/CLK          n/a            1.130         5.556       4.425                u_bpu/predec_q_pc_reg_r1_0_1_30_31__0/DP/CLK
Low Pulse Width   Slow    RAMD32/CLK          n/a            1.130         5.556       4.425                u_bpu/predec_q_pc_reg_r1_0_1_30_31__0/SP/CLK
Low Pulse Width   Fast    RAMD32/CLK          n/a            1.130         5.556       4.425                u_bpu/predec_q_pc_reg_r1_0_1_30_31__0/SP/CLK
Low Pulse Width   Slow    RAMD32/CLK          n/a            1.130         5.556       4.425                u_bpu/predec_q_pc_reg_r1_0_1_6_11/RAMA/CLK
Low Pulse Width   Fast    RAMD32/CLK          n/a            1.130         5.556       4.425                u_bpu/predec_q_pc_reg_r1_0_1_6_11/RAMA/CLK
Low Pulse Width   Slow    RAMD32/CLK          n/a            1.130         5.556       4.425                u_bpu/predec_q_pc_reg_r1_0_1_6_11/RAMA_D1/CLK
Low Pulse Width   Fast    RAMD32/CLK          n/a            1.130         5.556       4.425                u_bpu/predec_q_pc_reg_r1_0_1_6_11/RAMA_D1/CLK
Low Pulse Width   Slow    RAMD32/CLK          n/a            1.130         5.556       4.425                u_bpu/predec_q_pc_reg_r1_0_1_6_11/RAMB/CLK
Low Pulse Width   Fast    RAMD32/CLK          n/a            1.130         5.556       4.425                u_bpu/predec_q_pc_reg_r1_0_1_6_11/RAMB/CLK
Low Pulse Width   Slow    RAMD32/CLK          n/a            1.130         5.556       4.425                u_bpu/predec_q_pc_reg_r1_0_1_6_11/RAMB_D1/CLK
Low Pulse Width   Fast    RAMD32/CLK          n/a            1.130         5.556       4.425                u_bpu/predec_q_pc_reg_r1_0_1_6_11/RAMB_D1/CLK
Low Pulse Width   Slow    RAMD32/CLK          n/a            1.130         5.556       4.425                u_bpu/predec_q_pc_reg_r1_0_1_6_11/RAMC/CLK
Low Pulse Width   Fast    RAMD32/CLK          n/a            1.130         5.556       4.425                u_bpu/predec_q_pc_reg_r1_0_1_6_11/RAMC/CLK
Low Pulse Width   Slow    RAMD32/CLK          n/a            1.130         5.556       4.425                u_bpu/predec_q_pc_reg_r1_0_1_6_11/RAMC_D1/CLK
Low Pulse Width   Fast    RAMD32/CLK          n/a            1.130         5.556       4.425                u_bpu/predec_q_pc_reg_r1_0_1_6_11/RAMC_D1/CLK
High Pulse Width  Slow    RAMD32/CLK          n/a            1.130         5.556       4.425                u_bpu/predec_q_btype_reg_r1_0_1_0_0/DP/CLK
High Pulse Width  Fast    RAMD32/CLK          n/a            1.130         5.556       4.425                u_bpu/predec_q_btype_reg_r1_0_1_0_0/DP/CLK
High Pulse Width  Slow    RAMD32/CLK          n/a            1.130         5.556       4.425                u_bpu/predec_q_btype_reg_r1_0_1_0_0/SP/CLK
High Pulse Width  Fast    RAMD32/CLK          n/a            1.130         5.556       4.425                u_bpu/predec_q_btype_reg_r1_0_1_0_0/SP/CLK
High Pulse Width  Slow    RAMD32/CLK          n/a            1.130         5.556       4.425                u_bpu/predec_q_btype_reg_r1_0_1_1_1/DP/CLK
High Pulse Width  Fast    RAMD32/CLK          n/a            1.130         5.556       4.425                u_bpu/predec_q_btype_reg_r1_0_1_1_1/DP/CLK
High Pulse Width  Slow    RAMD32/CLK          n/a            1.130         5.556       4.425                u_bpu/predec_q_btype_reg_r1_0_1_1_1/SP/CLK
High Pulse Width  Fast    RAMD32/CLK          n/a            1.130         5.556       4.425                u_bpu/predec_q_btype_reg_r1_0_1_1_1/SP/CLK
High Pulse Width  Slow    RAMD32/CLK          n/a            1.130         5.556       4.425                u_bpu/predec_q_btype_reg_r2_0_1_0_0/DP/CLK
High Pulse Width  Fast    RAMD32/CLK          n/a            1.130         5.556       4.425                u_bpu/predec_q_btype_reg_r2_0_1_0_0/DP/CLK
High Pulse Width  Slow    RAMD32/CLK          n/a            1.130         5.556       4.425                u_bpu/predec_q_btype_reg_r2_0_1_0_0/SP/CLK
High Pulse Width  Fast    RAMD32/CLK          n/a            1.130         5.556       4.425                u_bpu/predec_q_btype_reg_r2_0_1_0_0/SP/CLK
High Pulse Width  Slow    RAMD32/CLK          n/a            1.130         5.556       4.425                u_bpu/predec_q_btype_reg_r2_0_1_1_1/DP/CLK
High Pulse Width  Fast    RAMD32/CLK          n/a            1.130         5.556       4.425                u_bpu/predec_q_btype_reg_r2_0_1_1_1/DP/CLK
High Pulse Width  Slow    RAMD32/CLK          n/a            1.130         5.556       4.425                u_bpu/predec_q_btype_reg_r2_0_1_1_1/SP/CLK
High Pulse Width  Fast    RAMD32/CLK          n/a            1.130         5.556       4.425                u_bpu/predec_q_btype_reg_r2_0_1_1_1/SP/CLK
High Pulse Width  Slow    RAMD32/CLK          n/a            1.130         5.556       4.425                u_bpu/predec_q_pc_reg_r1_0_1_0_5/RAMA/CLK
High Pulse Width  Fast    RAMD32/CLK          n/a            1.130         5.556       4.425                u_bpu/predec_q_pc_reg_r1_0_1_0_5/RAMA/CLK
High Pulse Width  Slow    RAMD32/CLK          n/a            1.130         5.556       4.425                u_bpu/predec_q_pc_reg_r1_0_1_0_5/RAMA_D1/CLK
High Pulse Width  Fast    RAMD32/CLK          n/a            1.130         5.556       4.425                u_bpu/predec_q_pc_reg_r1_0_1_0_5/RAMA_D1/CLK
High Pulse Width  Slow    RAMD32/CLK          n/a            1.130         5.556       4.425                u_bpu/predec_q_pc_reg_r1_0_1_0_5/RAMB/CLK
High Pulse Width  Fast    RAMD32/CLK          n/a            1.130         5.556       4.425                u_bpu/predec_q_pc_reg_r1_0_1_0_5/RAMB/CLK
High Pulse Width  Slow    RAMD32/CLK          n/a            1.130         5.556       4.425                u_bpu/predec_q_pc_reg_r1_0_1_0_5/RAMB_D1/CLK
High Pulse Width  Fast    RAMD32/CLK          n/a            1.130         5.556       4.425                u_bpu/predec_q_pc_reg_r1_0_1_0_5/RAMB_D1/CLK
High Pulse Width  Slow    RAMD32/CLK          n/a            1.130         5.556       4.425                u_bpu/predec_q_pc_reg_r1_0_1_0_5/RAMC/CLK
High Pulse Width  Fast    RAMD32/CLK          n/a            1.130         5.556       4.425                u_bpu/predec_q_pc_reg_r1_0_1_0_5/RAMC/CLK
High Pulse Width  Slow    RAMD32/CLK          n/a            1.130         5.556       4.425                u_bpu/predec_q_pc_reg_r1_0_1_0_5/RAMC_D1/CLK
High Pulse Width  Fast    RAMD32/CLK          n/a            1.130         5.556       4.425                u_bpu/predec_q_pc_reg_r1_0_1_0_5/RAMC_D1/CLK
High Pulse Width  Slow    RAMS32/CLK          n/a            1.130         5.556       4.425                u_bpu/predec_q_pc_reg_r1_0_1_0_5/RAMD/CLK
High Pulse Width  Fast    RAMS32/CLK          n/a            1.130         5.556       4.425                u_bpu/predec_q_pc_reg_r1_0_1_0_5/RAMD/CLK
High Pulse Width  Slow    RAMS32/CLK          n/a            1.130         5.556       4.425                u_bpu/predec_q_pc_reg_r1_0_1_0_5/RAMD_D1/CLK
High Pulse Width  Fast    RAMS32/CLK          n/a            1.130         5.556       4.425                u_bpu/predec_q_pc_reg_r1_0_1_0_5/RAMD_D1/CLK
High Pulse Width  Slow    RAMD32/CLK          n/a            1.130         5.556       4.425                u_bpu/predec_q_pc_reg_r1_0_1_12_17/RAMA/CLK
High Pulse Width  Fast    RAMD32/CLK          n/a            1.130         5.556       4.425                u_bpu/predec_q_pc_reg_r1_0_1_12_17/RAMA/CLK
High Pulse Width  Slow    RAMD32/CLK          n/a            1.130         5.556       4.425                u_bpu/predec_q_pc_reg_r1_0_1_12_17/RAMA_D1/CLK
High Pulse Width  Fast    RAMD32/CLK          n/a            1.130         5.556       4.425                u_bpu/predec_q_pc_reg_r1_0_1_12_17/RAMA_D1/CLK
High Pulse Width  Slow    RAMD32/CLK          n/a            1.130         5.556       4.425                u_bpu/predec_q_pc_reg_r1_0_1_12_17/RAMB/CLK
High Pulse Width  Fast    RAMD32/CLK          n/a            1.130         5.556       4.425                u_bpu/predec_q_pc_reg_r1_0_1_12_17/RAMB/CLK
High Pulse Width  Slow    RAMD32/CLK          n/a            1.130         5.556       4.425                u_bpu/predec_q_pc_reg_r1_0_1_12_17/RAMB_D1/CLK
High Pulse Width  Fast    RAMD32/CLK          n/a            1.130         5.556       4.425                u_bpu/predec_q_pc_reg_r1_0_1_12_17/RAMB_D1/CLK
High Pulse Width  Slow    RAMD32/CLK          n/a            1.130         5.556       4.425                u_bpu/predec_q_pc_reg_r1_0_1_12_17/RAMC/CLK
High Pulse Width  Fast    RAMD32/CLK          n/a            1.130         5.556       4.425                u_bpu/predec_q_pc_reg_r1_0_1_12_17/RAMC/CLK
High Pulse Width  Slow    RAMD32/CLK          n/a            1.130         5.556       4.425                u_bpu/predec_q_pc_reg_r1_0_1_12_17/RAMC_D1/CLK
High Pulse Width  Fast    RAMD32/CLK          n/a            1.130         5.556       4.425                u_bpu/predec_q_pc_reg_r1_0_1_12_17/RAMC_D1/CLK
High Pulse Width  Slow    RAMS32/CLK          n/a            1.130         5.556       4.425                u_bpu/predec_q_pc_reg_r1_0_1_12_17/RAMD/CLK
High Pulse Width  Fast    RAMS32/CLK          n/a            1.130         5.556       4.425                u_bpu/predec_q_pc_reg_r1_0_1_12_17/RAMD/CLK
High Pulse Width  Slow    RAMS32/CLK          n/a            1.130         5.556       4.425                u_bpu/predec_q_pc_reg_r1_0_1_12_17/RAMD_D1/CLK
High Pulse Width  Fast    RAMS32/CLK          n/a            1.130         5.556       4.425                u_bpu/predec_q_pc_reg_r1_0_1_12_17/RAMD_D1/CLK
High Pulse Width  Slow    RAMD32/CLK          n/a            1.130         5.556       4.425                u_bpu/predec_q_pc_reg_r1_0_1_18_23/RAMA/CLK
High Pulse Width  Fast    RAMD32/CLK          n/a            1.130         5.556       4.425                u_bpu/predec_q_pc_reg_r1_0_1_18_23/RAMA/CLK
High Pulse Width  Slow    RAMD32/CLK          n/a            1.130         5.556       4.425                u_bpu/predec_q_pc_reg_r1_0_1_18_23/RAMA_D1/CLK
High Pulse Width  Fast    RAMD32/CLK          n/a            1.130         5.556       4.425                u_bpu/predec_q_pc_reg_r1_0_1_18_23/RAMA_D1/CLK
High Pulse Width  Slow    RAMD32/CLK          n/a            1.130         5.556       4.425                u_bpu/predec_q_pc_reg_r1_0_1_18_23/RAMB/CLK
High Pulse Width  Fast    RAMD32/CLK          n/a            1.130         5.556       4.425                u_bpu/predec_q_pc_reg_r1_0_1_18_23/RAMB/CLK
High Pulse Width  Slow    RAMD32/CLK          n/a            1.130         5.556       4.425                u_bpu/predec_q_pc_reg_r1_0_1_18_23/RAMB_D1/CLK
High Pulse Width  Fast    RAMD32/CLK          n/a            1.130         5.556       4.425                u_bpu/predec_q_pc_reg_r1_0_1_18_23/RAMB_D1/CLK
High Pulse Width  Slow    RAMD32/CLK          n/a            1.130         5.556       4.425                u_bpu/predec_q_pc_reg_r1_0_1_18_23/RAMC/CLK
High Pulse Width  Fast    RAMD32/CLK          n/a            1.130         5.556       4.425                u_bpu/predec_q_pc_reg_r1_0_1_18_23/RAMC/CLK
High Pulse Width  Slow    RAMD32/CLK          n/a            1.130         5.556       4.425                u_bpu/predec_q_pc_reg_r1_0_1_18_23/RAMC_D1/CLK
High Pulse Width  Fast    RAMD32/CLK          n/a            1.130         5.556       4.425                u_bpu/predec_q_pc_reg_r1_0_1_18_23/RAMC_D1/CLK
High Pulse Width  Slow    RAMS32/CLK          n/a            1.130         5.556       4.425                u_bpu/predec_q_pc_reg_r1_0_1_18_23/RAMD/CLK
High Pulse Width  Fast    RAMS32/CLK          n/a            1.130         5.556       4.425                u_bpu/predec_q_pc_reg_r1_0_1_18_23/RAMD/CLK
High Pulse Width  Slow    RAMS32/CLK          n/a            1.130         5.556       4.425                u_bpu/predec_q_pc_reg_r1_0_1_18_23/RAMD_D1/CLK
High Pulse Width  Fast    RAMS32/CLK          n/a            1.130         5.556       4.425                u_bpu/predec_q_pc_reg_r1_0_1_18_23/RAMD_D1/CLK
High Pulse Width  Slow    RAMD32/CLK          n/a            1.130         5.556       4.425                u_bpu/predec_q_pc_reg_r1_0_1_24_29/RAMA/CLK
High Pulse Width  Fast    RAMD32/CLK          n/a            1.130         5.556       4.425                u_bpu/predec_q_pc_reg_r1_0_1_24_29/RAMA/CLK
High Pulse Width  Slow    RAMD32/CLK          n/a            1.130         5.556       4.425                u_bpu/predec_q_pc_reg_r1_0_1_24_29/RAMA_D1/CLK
High Pulse Width  Fast    RAMD32/CLK          n/a            1.130         5.556       4.425                u_bpu/predec_q_pc_reg_r1_0_1_24_29/RAMA_D1/CLK
High Pulse Width  Slow    RAMD32/CLK          n/a            1.130         5.556       4.425                u_bpu/predec_q_pc_reg_r1_0_1_24_29/RAMB/CLK
High Pulse Width  Fast    RAMD32/CLK          n/a            1.130         5.556       4.425                u_bpu/predec_q_pc_reg_r1_0_1_24_29/RAMB/CLK
High Pulse Width  Slow    RAMD32/CLK          n/a            1.130         5.556       4.425                u_bpu/predec_q_pc_reg_r1_0_1_24_29/RAMB_D1/CLK
High Pulse Width  Fast    RAMD32/CLK          n/a            1.130         5.556       4.425                u_bpu/predec_q_pc_reg_r1_0_1_24_29/RAMB_D1/CLK
High Pulse Width  Slow    RAMD32/CLK          n/a            1.130         5.556       4.425                u_bpu/predec_q_pc_reg_r1_0_1_24_29/RAMC/CLK
High Pulse Width  Fast    RAMD32/CLK          n/a            1.130         5.556       4.425                u_bpu/predec_q_pc_reg_r1_0_1_24_29/RAMC/CLK
High Pulse Width  Slow    RAMD32/CLK          n/a            1.130         5.556       4.425                u_bpu/predec_q_pc_reg_r1_0_1_24_29/RAMC_D1/CLK
High Pulse Width  Fast    RAMD32/CLK          n/a            1.130         5.556       4.425                u_bpu/predec_q_pc_reg_r1_0_1_24_29/RAMC_D1/CLK
High Pulse Width  Slow    RAMS32/CLK          n/a            1.130         5.556       4.425                u_bpu/predec_q_pc_reg_r1_0_1_24_29/RAMD/CLK
High Pulse Width  Fast    RAMS32/CLK          n/a            1.130         5.556       4.425                u_bpu/predec_q_pc_reg_r1_0_1_24_29/RAMD/CLK
High Pulse Width  Slow    RAMS32/CLK          n/a            1.130         5.556       4.425                u_bpu/predec_q_pc_reg_r1_0_1_24_29/RAMD_D1/CLK
High Pulse Width  Fast    RAMS32/CLK          n/a            1.130         5.556       4.425                u_bpu/predec_q_pc_reg_r1_0_1_24_29/RAMD_D1/CLK
High Pulse Width  Slow    RAMD32/CLK          n/a            1.130         5.556       4.425                u_bpu/predec_q_pc_reg_r1_0_1_30_31/DP/CLK
High Pulse Width  Fast    RAMD32/CLK          n/a            1.130         5.556       4.425                u_bpu/predec_q_pc_reg_r1_0_1_30_31/DP/CLK
High Pulse Width  Slow    RAMD32/CLK          n/a            1.130         5.556       4.425                u_bpu/predec_q_pc_reg_r1_0_1_30_31/SP/CLK
High Pulse Width  Fast    RAMD32/CLK          n/a            1.130         5.556       4.425                u_bpu/predec_q_pc_reg_r1_0_1_30_31/SP/CLK
High Pulse Width  Slow    RAMD32/CLK          n/a            1.130         5.556       4.425                u_bpu/predec_q_pc_reg_r1_0_1_30_31__0/DP/CLK
High Pulse Width  Fast    RAMD32/CLK          n/a            1.130         5.556       4.425                u_bpu/predec_q_pc_reg_r1_0_1_30_31__0/DP/CLK
High Pulse Width  Slow    RAMD32/CLK          n/a            1.130         5.556       4.425                u_bpu/predec_q_pc_reg_r1_0_1_30_31__0/SP/CLK
High Pulse Width  Fast    RAMD32/CLK          n/a            1.130         5.556       4.425                u_bpu/predec_q_pc_reg_r1_0_1_30_31__0/SP/CLK
High Pulse Width  Slow    RAMD32/CLK          n/a            1.130         5.556       4.425                u_bpu/predec_q_pc_reg_r1_0_1_6_11/RAMA/CLK
High Pulse Width  Fast    RAMD32/CLK          n/a            1.130         5.556       4.425                u_bpu/predec_q_pc_reg_r1_0_1_6_11/RAMA/CLK
High Pulse Width  Slow    RAMD32/CLK          n/a            1.130         5.556       4.425                u_bpu/predec_q_pc_reg_r1_0_1_6_11/RAMA_D1/CLK
High Pulse Width  Fast    RAMD32/CLK          n/a            1.130         5.556       4.425                u_bpu/predec_q_pc_reg_r1_0_1_6_11/RAMA_D1/CLK
High Pulse Width  Slow    RAMD32/CLK          n/a            1.130         5.556       4.425                u_bpu/predec_q_pc_reg_r1_0_1_6_11/RAMB/CLK
High Pulse Width  Fast    RAMD32/CLK          n/a            1.130         5.556       4.425                u_bpu/predec_q_pc_reg_r1_0_1_6_11/RAMB/CLK
High Pulse Width  Slow    RAMD32/CLK          n/a            1.130         5.556       4.425                u_bpu/predec_q_pc_reg_r1_0_1_6_11/RAMB_D1/CLK
High Pulse Width  Fast    RAMD32/CLK          n/a            1.130         5.556       4.425                u_bpu/predec_q_pc_reg_r1_0_1_6_11/RAMB_D1/CLK
High Pulse Width  Slow    RAMD32/CLK          n/a            1.130         5.556       4.425                u_bpu/predec_q_pc_reg_r1_0_1_6_11/RAMC/CLK
High Pulse Width  Fast    RAMD32/CLK          n/a            1.130         5.556       4.425                u_bpu/predec_q_pc_reg_r1_0_1_6_11/RAMC/CLK
High Pulse Width  Slow    RAMD32/CLK          n/a            1.130         5.556       4.425                u_bpu/predec_q_pc_reg_r1_0_1_6_11/RAMC_D1/CLK
High Pulse Width  Fast    RAMD32/CLK          n/a            1.130         5.556       4.425                u_bpu/predec_q_pc_reg_r1_0_1_6_11/RAMC_D1/CLK



